text,label
Thank you and have a nice day,0
as per today's earning is very little I would like to donate 1,1
I want you to feel comfortable knowing your donation is really going to help children.,1
"awesome, thank you so much",0
They do a lot for kids,1
Thank you for your contribution!,0
No but I just copied the link and am going to look at it now.,1
"They have offices in most cities of USA and Canada, if you are not near, you can always visit their website",1
"Again, it was a pleasure meeting you and many many thanks for your kind generosity in the form of a donation.",0
Thank you For being able to be so kind hearted as well hope u have a great day and keep a smile on your face ;),0
I'm so gonna support it!,1
"Yes, I would be happy to donate to that charity.",1
Thank you for your donation!,0
That is kind of you.,1
Thank you so much.,0
thank you for your support,0
Would you be interested in donating a small portion?,1
Thank you.,0
Thank you!,0
"Cool, Thanks for your donation of $0.15 The research team will collect all donations and send it to Save the Children.",0
Is there any information that I could provide you with.,1
Save the Children is.,1
They are a great organization.,1
I like to donate money and time to charities that help children so I also want to thank you for educating me on this charity!,0
"Sure, please tell me about the organization",1
So children's charity then...,1
Thank you so much.,0
Even the smallest donation can make a big impact on many children and families.,1
Thank you!,0
"Bruce was born to a single mother who was only 14 at the time he came into this world , the girls mother and father were ashamed of her pregnancy and kicked out of the house.",1
I understand that.,1
I know we can both feel good about that.,1
Thank you for supporting the children of the world.,0
Have a great rest of your night!,1
Thank you!,0
"Thank you, but no.",0
I like this charity because they make it so easy to give any amount.,1
"Thank you, you too sir.",0
I'd prefer a secure food donation that directly transports to the areas the children live in instead of handing over to government officials.,1
"awesome, since it is not a huge payment, low risk, great social reward :)",1
"Hey there, glad we can talk tonight.",1
"Thank you, have a great day!",0
Thank you so much.,0
help the children. in the word,1
yes i am very much sure.,1
"Ok, well thank you for your time and telling me about this wonderful organization.",0
Thank you for your time and effort.,0
Have a great day and thanks for the chat!,0
Thank you very much.,0
You can choose any amount between 0 and all of your payment for this task.,1
I am doing well thank you.,0
Ugh yes it does!,1
Thanks very much for your time.,0
"Awesome, thank you!",0
Ok thank you.,0
That's great!,1
Thank you.,0
Hello!,1
"Ok, that's great.",1
I am fine thanks.,0
"Thank you, you too sir.",0
"Hi, How are you today?",1
Hey hows it?,1
"I'm doing well, thank you!",0
"Hey, do you care about hungry children?",1
how much are you willing to donate?,1
Glad to help.,1
Have you ever donate for children in your area?,1
Thank you!,0
Thank you!,0
You can choose any amount from $0 to all your payment.,1
"Great thanks, Im here to talk about the childrens charity.",0
"I'm doing fine, thank you.",0
I wonder sometimes how much of the actual money that gets donated goes to helping people and not into the pockets of those running the charity.,1
It's a matter of chance.,1
Its extremely sad.,1
It is always shocking to me how far charities can make money go to help enrich the lives of children.,1
It looks like they do great work.,1
I have not but I have to some others recently,1
Thanks again.,0
thanks so much!,0
Thank you so much for telling me about this.,0
Thank you for asking.,0
I know some charities only give a small percentage of donations to children and the rest go to their employees wages.,1
Alright I will ask my co-workers,1
Which countries do they work in?,1
You can choose any amount from $0 to all your payment.,1
Wherever and whoever that may be.,1
This charity's goal is to help them out.,1
Around the world!,1
Thank you. You too,0
What do you have in mind?,1
Ok Great!,1
Thank you for being so giving.,0
Thank you for all that you are doing.,0
Thanks.,0
Good to know.,1
Thank you for taking the time to introduce me to this charity!,0
Can you tell me about it?,1
"This should be the last one, adios o7",1
Thank you so much for your contribution.,0
"Yeah, I think so!",1
Thank you buddy.,0
Thank you for taking the time to help assist the charity and I hope that you have a wonderful day!,0
I understand that.,1
Thank you buddy.,0
"It was nice talking, thanks for all you do.",0
"I have not, but there are other charities I like to participate in",1
"Yes, $1 - thank you",0
We all should have equal opportunity to be happy and succeed in life.,1
Do you have any other questions?,1
"Maybe, I'm not sure.",1
Thank you!,0
thank you so much!,0
Ok thank you.,0
Have a great day and thanks for the chat!,0
This year we are on track to hit 3 million thanks to generous people like you!,0
Thank you.,0
I have heard that they work hard to give kids a better life.,1
"Thank you so much, same to you!",0
"Your right, but I'm not asking for much.",1
Thank you!,0
Yes it does and thank you for the donation,0
"Yes, For child care.",1
"Awesome, how much do you want to donate?",1
That's so true!,1
Thank you!,0
"Thanks, have you ben to their site yet?  URL",0
"Thank you, you too.",0
You gotta make sure your donation is helping the needy.,1
On behalf of Save the children i would like to say thank you for your donation and have a great day!,0
That is enough to signifigantly help a child for several weeks while it is just a week's worth of coffee for you.,1
I have never thought about destiny being determined by where you are born though.,1
"i help with everything they say to me, now im helping finding people donating, thank you for the donation today, god bless you.",0
"I try to do what I can, but its hard sometimes",1
I really recommend that you donate some!,1
I could also do more research afterwards.,1
"Great, thank you very much",0
"No, I don\'t believe that\'s the case.",1
They have never waivered in their devotion to helping children since they established in 1919.,1
Are you thinking of donating to it?,1
Ok I will be willing to donate $100.,1
Thank for answering my questions.,0
I agree to 20,1
Thank you for taking the time to help assist the charity and I hope that you have a wonderful day!,0
how much % of the money that goes to the charity is overhead that will be absorbed and not given to children?,1
You sure can,1
"Sure, I'd love to hear about it",1
Thank you.,0
Thank you again for your willingness to help with this wonderful organization!,0
I will definitely have to check their website out.,1
Thank you so much! What are you hoping your donation will help with?,0
I am fine thank.,0
I am more interested in this.,1
I know some of them get  really large amounts for studies and I appreciate when they use the money to do some good while gaining research.,1
thanks will do the same,0
"So I have you down for $0.10, right?",1
No thank you,0
do you want some info?,1
But there are a lot kids here in the US who deal with poverty.,1
Thank you for participating!,0
And thank you.,0
"I am fine, thanks!",0
"I am well, thank you",0
"if I would agree with that, and if my organ donated what problems would my body have?",1
Thank you so much for telling me about this.,0
"Wow, that is a staggering amount.",1
I do like Childrens healthcare of Atlanta as a charity.,1
Like this task would donate the mTurk payment to the charity?,1
"During the 2014 ebola outbreak, funds were used to support hospitals in Sierra Leone to provide hospital beds and medical treatment for children suffering from the disease.",1
"They do great work, very legitimate and een around 100 years.",1
"Yes, very bad.",1
Perfect thank you for the information.Is there a website where I can check it out and donate?,0
"Yes, they truly reach a great number of children.",1
"It\'s for ""Save the Children""",1
Thank you so much.,0
Thank you.,0
"Sounds good, thank you!",0
"also, i think you should be a little bit more generous, come on bro, 1 dollar wont kill you.",1
oh so specifically in third world countries were they are mistreated or does it include first world countries as well?,1
I guess I'm supposed to persuade you to donate your bonus to the save the children charity.....,1
A lot of organization collect funds and then it goes to administration or advertising and not a lot of money goes to the people who need it the most.,1
Thank you very much.,0
"In fiscal year 2016, on average, 86.5% of all expenditures support program services. 86.5% is an average for all of Save the Children's programs worldwide.",1
"Yes they can, thanks again",0
"I'm very well, thank you.",0
It is worth a lot.,1
"Yes, Well I thank you again for your donation and I wish you a very happy rest of your day!",0
Wow thank you!,0
Thank you!,0
Thank you for your generosity!,0
"Thanks, that is awesome",0
Results like these are only possible because of giving people like you.,1
Thank you.,0
They also have a website  URL if you would like to look it up and make sure it's a legit organization,1
thank you for your support,0
Sorry,1
Thank you for your donation!,0
I just want to thank you for helping out this great charity.,0
Thank you once again for your donation and feel free to spread the word about the charity to others!,0
I think that's great too but if you already give to St Jude why not give to Save the Children this time?,1
What do you think?,1
Thank you for your donation.,0
I agree.,1
thank you for your approach.,0
Thank for answering my questions.,0
Hello how are you today?,1
Thanks so much.,0
They should probable do internet promotion.,1
Thank you again!,0
"Well, we at Save the Children would like to thank you for your donation and let you know that thanks to donors like you, children around the world are thankful",0
"Thank you again, and have a great day.",0
Often time little girls are left behind in third world countries.,1
Depending on the amountI will match your donation but ONLY if you answer the following question: How do you feel about the organizations work?,1
I would be willing to donate 10 cents.,1
It was my pleasure,1
"Hello, do you have any charities in mind that you support?",1
Thanks for your time and effort.,0
"Thank you, I'm sure the children will appreciate it.",0
Most of all save the children is a trustworthy organization which I trust to put my donations in with.,1
Okay.,1
What kind of things do they help with?,1
Thank you. You too,0
Good morning.,1
Thank you.,0
"I will give a dollar a day, I'm sure I won't even notice the money missing and I'll know that I am helping out.",1
I haven't.,1
Many countries have absorbed many refugees and I am fairly certain that way more aid than tents has been provided.,1
Thank you!,0
"ok thank you sounds good,",0
Thank you for taking the time to help assist the charity and I hope that you have a wonderful day!,0
It helps children and their families here and in poor countries.,1
Save the Children is one of the best children's charities around.,1
Thank you for your time and effort.,0
Awesome!,1
$2 I think,1
It sounds like my money won't be used to directly help the children.,1
Have you ever heard of Save the Children?,1
Hello,1
I would like to help.,1
How do i know if it's a legit organization,1
"Whatever you choose to do or the amount you want to give, I feel like you've changed my mind about charity, not the other way around, so I want to thank you for that.",0
Thank  you,0
Thank you for your kind donation.,0
That's great!,1
"And thank you, I'm sure this week will be relaxing for me as well.",0
Is it a well regulated agency?,1
"You have a lot of knowledge, thanks for sharing.",0
Are you having a good day?,1
Do you have some time today to talk about an amazing charity I am part of?,1
Do you know if the donations that we are making are tax deductible?,1
same thanks for the advice have a good one keep spreading love,0
I have done it this way before and encourage you to do the same.,1
"I'm doing well, thank you!",0
Thank you.,0
Have an awesome day and thank you again!,0
"I'm great, thank you for asking!",0
"You know they're worse off than you, right?",1
I set aside a small personal charity fund each year so that I can contribute to my community.,1
"The research team is collecting donations, so if you are willing to give even a few cents from your task payment, I'm sure the charity would be appreciative.",1
Thank you for doing this.,0
I appreciate you taking the time to look over the website.,1
"sure, I'll donate $0.05.....",1
Thank you!,0
"I'm good, how are you?",1
Right now save the children has a partnership that will double any donation made so any little bit would help,1
No problem thank you,0
"That's right, thanks for showing me the page, I will help many children, today I want to sponsor 3",0
thanks so much!,0
Thank you.,0
Thank you.,0
Thank you for taking the time to help assist the charity and I hope that you have a wonderful day!,0
Thank you so much.,0
The parents never have to pay anything or worry about anything but their child.,1
"but they are not your money , some of the hit winning, if you like too.",1
That's pretty impressive!,1
Would like to receive a thank you from Save the Children?,0
"Yes, I have two and I have a lot of nephews and nieces,",1
Ok thank you,0
"ok thank you sounds good,",0
I feel the same way as you do.,1
Maybe 1/2 of the payment.,1
Your donation will be directly deducted from your task payment.,1
I will happily donate 60 cents.,1
Any child that needs help deserves it.,1
"Thanks, have you ben to their site yet?  URL",0
Would you like to donation a portion of your task payment today to get the ball rolling?,1
"Thank you for linking the website, I will check it out right now.",0
Thanks so much.,0
Great!,1
"I am fine thanks, It's not been a long time I am on MTurk, but It is interesting how they are working on donating, Are you interested in donating?",0
thanks!,0
So how do you feel about donating today?,1
Thank you,0
I am good!,1
"No, thank you!",0
hello i am fine thank you,0
hi there!,1
You just tell me how much do you like to donate to the charity now?,1
"In just one year directly reached nearly 157,000 children through our U.S. emergency response and preparedness programs.",1
Thank you again,0
"you would help me , thank you for your conversation",0
"I am fine, thanks!",0
"o.k. 20 cents for now agreed and regular for 6 months, o.k.?",1
ok that would be fine,1
"ok, thankyou for your time.",0
"Great, thank you!",0
Yes I would like to conate,1
That is cool that you lived in three different states.,1
whether to donate or not,1
"That's great news, you know they are untrustworthy.",1
"Thank you for your time, have a great day.",0
I would need to know more about the charity first.,1
How are you?,1
I think I would be willing to as well.,1
32 and 29 a boy and a girl and 4 grand kids 3 girls and 1 boy ages 6 to 14.,1
I really like how they show where the funding and donations are spent.,1
are you thinking about donate to the cause?,1
"for the moment donating is good, but if you really are interested you can apply for a job in our organization.",1
"Awesome, I'll head over there right now and support it thank you.",0
Thank you,0
Do I get a receipt?,1
thank you so much!,0
It's another good organization.,1
Are you apart of this organization or just support them?,1
I'm doing great!,1
I just feel that if they help a few children get a better childhood then it is worth it.,1
Thank you for the information you provided.,0
What exactly does the money do for them?,1
Thanks so much.,0
Save the Children is an international NGO that promotes children's rights and provides relief and helps support children in developing countries,1
Darn really gonna make me miss out on that bad of chips huh?...lol how about $1.15 and you have yourself a deal...,1
And thank you.,0
The children from around the world will surely be thankful as well.,0
Thank you.,0
115 USD to the charity,1
thank you.,0
I'd be fine with donating $1.00 though and i'd keep the other.,1
Thank you for telling me about the charity.,0
"I am sceptical of many of them but if you recommend Save The Children and I know that St Judd's is trustworthy, then that's where my money will go today",1
I agree with you on that.,1
Your donation will be directly deducted from your task payment today.,1
That's great! Thank you very much for your donation!,0
"Your a great person and thanks again, have a nice day.",0
Thank you.,0
"That sounds good, thank you for being charitable.",0
Thank you for your time and effort.,0
thank you again for the 5 cents donation.,0
I'm going to blog about you later today.,1
That's okay.,1
That is amazing!!!,1
Awesome!,1
And thanks for helping!,0
Thank you very much!,0
Thank you so much!,0
"I think I'm getting eager to see what happens next with the research and the charity, so I'm about to move on.",1
Thank you.,0
in which regions are the donations applied?,1
They currently have an initiative to assist children at the Mexican/American border.,1
"Honestly, it should be a choice.",1
"For instance, millions of Syrian children have grown up facing the daily threat of violence.",1
It's not just some faceless organization with faceless non existant children.,1
"Thank you, you too!",0
Nutrition is important,1
thanks so much!,0
Thank you for your kind words.,0
"I am well, thank you.",0
"This charity is n international non-governmental organization that promotes children's rights, provides relief and helps support children in developing countries.",1
Thank you!,0
"Okay, thank you.",0
"This chat is being recorded, you Tell me how much you would like to donate and I will give it to the research team for them to deduct it from your task payment and send it to Save the Children.",1
Have you ever heard of them?,1
Greetings!,0
"Thank you for your time, have a great day.",0
Thank you so much.,0
yes I've donated $ 150 to this year for this organization,1
Have an awesome day and thank you again!,0
"If you were given the chance to donate some or all of your incoming payment for this task to Save the Children, would you?",1
"Fine, thank you.",0
Thank you for your donation.,0
Thanks for your attention and help.,0
Can I ask why not today?,1
Thank you for donating your time to the cause.,0
"It's an  international non-governmental organization that promotes children's rights, provides relief and helps support children in developing countries.",1
Thank you again.,0
Right now they Stand Ready to Help Hawaii Kids and Families as Powerful Hurricane Lane Closes in,1
That's so awesome of you!,1
I agree.,1
Did you know that they are already getting set up to help the children and families in Hawaii with Hurricane Lane heading their way.,1
Thank you.,0
"Oh, really?",1
"I'm doing swell, thanks for asking!",0
Maybe spend some time outside.,1
well that would be a good but I would want to research them first to make sure they are good but maybe you have already done that,1
"Well, it was nice to meet you and thank you for agreeing to donate today!",0
Thank you very much forthat info you have been very helpful!,0
"Thank you, but no.",0
Thank you!,0
I'll definitely check them out.,1
"Thank you, you too",0
And as I said we definitely need your help.,1
Thank you so much for even taking the time to consider it!,0
Would you be willing to donate your proceeds to the Save the Children organization?,1
This is the only one that's available in this context.,1
yes again yhanks,1
So i'd really like to thank you for your interest and time.,0
"I really can't do much, but I'd be glad to put down a dollar",1
I know I have kids and if they were suffering and unable to eat it would just tear me apart.,1
Perfect thank you for the information.Is there a website where I can check it out and donate?,0
Thanks again!,0
Hello!,1
are you based in America? are you an American?,1
I imagine they'll help there if they aren't stretched too thin.,1
I'm sure Save the Children helps them?,1
STC is based out of CT.,1
People can see where the numbers go.,1
This link will give you all the information you seek  URL,1
"In the first two months of 2018 alone, 1,000 children were reportedly killed or injured in intensifying violence",1
I am good thank you.,0
I want to thank you again for bringing awareness to this important charity.,0
I actually didn't think of it like that.,1
If everyone did imagine how much we could donate!,1
Thank you for your generosity!,0
I am kind of curious about the details though.,1
What about You ?,1
I wish you all luck in that.,1
thank you again for the 5 cents donation.,0
okay done.. thanks,0
Yiur will go to help other just like that right now are looking or in room by themselves hoping for a miracle .,1
"Oh, I see.",1
"thank you for the information, I think I am ready to donate",0
Bill Nye the Science Guy helps educate the children.,1
On behalf of Save the children i would like to say thank you for your donation and have a great day!,0
"OF course, it will be great for all around, my daughter to see that she should do things like this out of kindness and for the children , thank you",0
"i help with everything they say to me, now im helping finding people donating, thank you for the donation today, god bless you.",0
OK thanks.,0
How is NY?,1
"Awesome, thank you!",0
Okay. Thanks.,0
I would possibly be interested in that.,1
Thank you again for the donation.,0
"Agreed, which is probably what they want.",1
I'm good thank you!,0
"yeah, that is true.",1
Cool thank you.,0
No thanks.,0
Thanks again.,0
"Whatever you choose to do or the amount you want to give, I feel like you've changed my mind about charity, not the other way around, so I want to thank you for that.",0
Thank you!,0
I accept your view and it is necessary that everyone should contribute at least to some extent to children's charity,1
I think it's wonderful that you are doing this and are going to donate.,1
"For me, the transparency removes all doubt towards donating.",1
Thank you for being so giving.,0
thanks.,0
tell me more,1
Thank you so much :),0
"That's very, very nice of you!",1
"That sounds good, thank you for being charitable.",0
What about you?,1
Thank you!,0
What is the website for Save the Children?,1
Thank you for telling me about this organization,0
Thank you again for donating $10 to Save the Children.,0
that is true.,1
Thanks again.,0
"They work for the rights of children in developing countries in safety, health, education",1
Thank you so much!,0
Thank you so much :),0
That's great.,1
"Again, no thank you",0
"I'm doing great, thanks.",0
Your donation will be directly deducted from your task payment.,1
They do a lot of work with emergency response stuff too which is pretty cool.,1
I am so glad to hear that!,1
Thank you so much.,0
"So after making a donation, I won't exactly see how the money I give will be used right?",1
"In the first two months of 2018 alone, 1,000 children were reportedly killed or injured in intensifying violence",1
I'm sorry my last message was cut off.,1
Thank you again,0
Thank you for all the information,0
Thank you so much.,0
Thank you.,0
"Thank you so much, same to you!",0
Thank you for your time.,0
What do you think you will be choosing?,1
Thank you for asking.,0
No thank you.,0
thank u sir,0
It looks like a bit of both!,1
"You do what you can, and that is all that matters.",1
I know I was surprised by those numbers.,1
Thank you for all the information,0
Thank you for the information.,0
I have donated to them in the past.,1
"you would help me , thank you for your conversation",0
Remember to pass along our info to friends and family. Thank You and good night!,0
"Another example is in Syria over 1,000 children have already been killed this year!",1
"Also, thank you.",0
I'm glad there are people like you in the world who are willing to help,1
"That is wonderful, thank you for all the information.",0
Thank you!,0
Me too!,1
Thank you for your kind donation.,0
the rest is used mainly for fundraising efforts,1
I am fine thanks.,0
We should donate money then.,1
Thank you!,0
tell me a bit about your life,1
bye now.,1
Thank you very much.,0
OK sounds good.,1
We could either donate money or our time.,1
How can someone help?,1
"It is going alright, thanks",0
"What happened, if you don't mind me asking.",1
"I'm very well, thank you.",0
Have you heard about the storms/flooding in Hawaii?,1
Thank you again.,0
"Thank you, I will do it for sure, have a nice day",0
It is and a very reputable one.,1
"Last year, they provided support to 237,000 US children across 22 states and Puerto Rico.",1
"Well I hope you have a wonderful day and on behalf of the charity and the children it is going to, thanks for your help.",0
Have an awesome day and thank you again!,0
Thank you again for donating $10 to Save the Children.,0
"Save the Children is an international non-governmental organization that promotes children's rights, provides relief and helps support children in developing countries.",1
Thank you.,0
"Thanks i will, i think thats 10 too",0
This is a trustable fund.,1
The researchers curating this task collect the earnings from those who donate and send them directly to Save the Children.,1
Thank you for donating your time to the cause.,0
thank you.,0
That's great! Thank you very much for your donation!,0
"Thanks for your dollar, the research team will collect all donations and send it to Save the Children.",0
thanks,0
"Thank you, you too.",0
Oh there are quiet a few ways.,1
I'm doing very well thank you!,0
Yes part of the money does go to pay for things like advertising and all that but over 88% of the donations they recieve are sent where they are needed and that includes in the United States believe it or not.,1
yes i sure will do donate.,1
Thank you.,0
I am doing well thank you.,0
That's great to hear.,1
I have been to other countries that are very poor and it is Amazing how much a little donation will make a BIG differance in these childrens lives.,1
Thank you for your time.,0
I have been scammed before.,1
I will make a donation,1
Gods love knows no boundaries.,1
I would certainly increase my donation if it would be matched since the majority of it is going directly to the children,1
"I agree, it has been very nice chatting with you and I hope you have a great day.",1
That's great! Thank you very much for your donation!,0
I am fine thanks.,0
thank you again for the 5 cents donation.,0
Out of the earnings I earn from this survey I would probably donate at least half.,1
"Yes, it is one of the core programs.",1
Thank you and have a nice day,0
"There is a lack of support for children in developing countries, especially in war zones.",1
it is not sponsored or supported by any governmental agencies and it helps children abroad and within the US.,1
"5$ maybe, plus minus, why?",1
Cool thank you.,0
Well that is great!,1
This is your chance to do some good.,1
Thanks again for donating.,0
Sure.,1
"I really appreciate your sympathizing, and I'm glad I got to share that with someone.",1
"I am aware of the violence in Syria but what has ""Save the Children"" done to aid in health, education and safety?",1
"Oh thank you so much, you have no idea how much that .50 will mean to those children, thank you very much and have a wonderful night you blessed soul.",0
Greetings!,0
Even if it's small.,1
"they help children in america to, whenever is needed, they helped Hawaii too, with hurricane lane .",1
Still it isn't enough.,1
Great! Thank you for your donation!,0
"That's some good karma for you right there, and knowledge that your money is going to help children around the world.",1
"Thanks, I don't consider myself that great, but any little difference i can make makes me feel good about myself",0
"I will look in to donating my time locally, thank you!",0
If sometimes I go down the street and there are people with posters I raise money for children and I always give them something because it is a good cause,1
"Thank you, you too sir.",0
"Yes, I can give you that information, but would you like to start with donating part or all of your payment for this hit?",1
No problem thank you for telling me about this wonderful charity!,0
Thanks.,0
"Hey, do some good, give some money to kids.",1
That is so heartbreaking.,1
Thanks for being aware of that particular nuance.,0
For years.,1
We should be mad about what is happening to them,1
where are you,1
In the past few years I rarely have.,1
"Yeah, I donate here and there.",1
Okay.,1
Ok thank you,0
Thank you once again for your donation and feel free to spread the word about the charity to others!,0
Thanks again!,0
Take your time.,1
Thank you for telling me about this organization,0
I like to support organizations that are Christian based and help further the spread of the Gospel to all of God's children.,1
Would you like some information about the charity first?,1
Cool thank you.,0
Thank you.,0
Thank you!,0
I feel like it's a shame and I wish we could do more.,1
"Wow thats great but for the sake of formality, I must ask the obligatory legal fashion: ""How much do you like to donate to the charity now?",1
"I will look in to donating my time locally, thank you!",0
"Awesome, I'll head over there right now and support it thank you.",0
"There are no children soliders, only children that need help in some way with food, resources, emergency response, etc.",1
Thank you very much for you help!,0
"If you are willing, you can actually donate from your payment from this hit!",1
It's a charity!,1
Thank you and have a wonderful day,0
"Thank you again, and I hope you have a wonderful day!!!",0
Any charity in particular?,1
"Save the Children is an international non-governmental organization that promotes childrens rights, provides relief and helps support children in developing countries.",1
A ten dollar donation sounds reasonable to me.,1
Thank you for your time,0
Thank you also.,0
I'm sorry I'm just not able to at this time but thank you for telling me about this organization.,0
What kind of charities do you normally donate to?,1
Thank you again,0
"I do not, can you tell me some?",1
"I thank you very much, with what you know about save the children",0
"No, there is no minimum that I've ever heard of.",1
My few cents would never go toward a children's charity.,1
Okay interesting.,1
"however any donation helps, even just 1 dollar.",1
Thank you again.,0
yes I did it before.,1
"Well, today all donations are directlt deducted from the Mturk task payment so would you be interested in donating today?",1
I am doing well thank you and same here,0
Thank you.,0
"Great, thank you very much",0
I have to thank you again for your $1 donation.,0
"Do you think that if you could do something to help Syrian children or children in Indonesia, which just experienced an earthquake, you would?.",1
The charity will greatly appreciate your contribution I'm sure!,1
"Thanks for the info, guess I am skeptical.",0
OK thanks.,0
Thanks!,0
I willing to donate 5.,1
"You have a lot of knowledge, thanks for sharing.",0
ok thank alot,0
Thank you again for donating $10 to Save the Children.,0
"you would help me , thank you for your conversation",0
Thank you for the compliment and your generous donation !,0
Thank you for introducing me to another great charity that is trying to do good work.,0
We have a school here in my small town for children from broken homes.,1
"I am well, thank you!",0
They actually have an office near me then.,1
I agree with you.,1
"Also, thank you.",0
"Thanks, warmest regards from Alabama",0
Some charities are run better than others.,1
thank you so much for this.,0
thank you for donating,0
You are very welcome and thank you for being so generous!,0
Thanks for doing your part!,0
Thank you.,0
Thank you for the lovely chat and educational information.,0
Thank you for your kindness.,0
Thanks again.,0
I sponsor a poor child in India every month for $40.,1
"Yes, thank you.",0
Thank you for helping...save the children.,0
Thank you so much.,0
Thanks for having an open mind and doing what's right.,0
"I am well, thank you!",0
"That is fantastic, thank you!",0
Thank you again,0
Would you be interested in giving some of your payment to this organization?,1
Thanks!,0
Thank you so Mich for your donation!,0
It makes me happy to donate part or all of my bonus,1
"Yes, thank you.",0
Thank you for asking.,0
And thanks for asking me too.,0
you are very good person,1
Have a great day!,1
"Okay, thank you.",0
Absolutely.,1
yeah I try to do that too.,1
what do I do now?,1
Then I will do it.,1
Thanks for helping me help children.,0
Thank you so much for donating!,0
are there any charities that you favor?,1
I couldn't agree more!,1
Kids are dying from hunger every minute.,1
"Yes, I know about Syria.",1
Thank you for your time,0
Thank you.,0
Thank you,0
The organization is called Save the Children.,1
"Oh, that is nice!",1
"Thanks for the donation, do you know how to submit this task?",0
Where are you?,1
A lot of these children don't have people like you in their community.,1
Have you ever considered donating to Save the Children?,1
Remember to pass along our info to friends and family. Thank You and good night!,0
Ok I would like to see if I can help. I love children.,1
"I started back in college, when an extra few dollars a month was a lot to give, and now that I've moved on in my career and life I'm thankful I'm able to give more.",0
"I am well, thank you.",0
How does this work?,1
"ok, i also read we have to communicate atleast 10 times for the chat to end",1
Thank you so much.,0
You too and Thanks again!!,0
I think we have a few turns to go,1
does it do any work in the USA?,1
Yeah it's very important to help someone that is less fortunate than yourself.,1
Thank you very much.,0
Would you like to make a donation to Save the Children.,1
Thank you.,0
Thank you so much.,0
Good to know.,1
"That sounds good, thank you for being charitable.",0
how much do you think i should donate,1
I think that is an excellent amount and would benefit Save the Children.,1
"I usually give to animal charities like the local no-kill shelter, but it's always interesting to learn about new places to make an impact.",1
"On behalf of Save The Children, THANK YOU!",0
Thank you very much!,0
Hello!,1
"I spend about 5 dollars a day, you?",1
Have a great day and thanks for the chat!,0
Thanks again.,0
That's nice.,1
"I am well, thank you!",0
hi!,1
I don't know which one and presumably talk about a donation to said charity.,1
"Same here, and I like how some HITs encourage us to donate.",1
Thank you so much as every little counts and I appreciate your donation,0
"Yes, Thank you for time and attention, and thanks for helping.",0
Literally every penny helps these children.,1
Thank you so much :),0
What is it about?,1
Pleasure meeting you too!,1
I am okay.,1
"You have a lot of knowledge, thanks for sharing.",0
You too and Thanks again!!,0
Is there any follow up information you will be able to share once the donation is complete?,1
You are welcome and thank you for bringing my attention to such a well deserved charity!,0
"Thank you very much, have a nice day.",0
That's understandable.,1
Do you donate to this organization?,1
Yes it is!,1
I am donating .15 of my payment to Save The Cildren.,1
Great! Thank you for your donation!,0
Would you be willing to donate your pay for this task to Save the Children so they can continue to provide care for these misplaced children?,1
It is been enlightning!,1
Ok-thanks-I will be waiting to hear from them,0
thanks!,0
Thank you!,0
Thank you so much as every little counts and I appreciate your donation,0
0.50 would surely help these children.,1
i donate every six months,1
Sure I will donate 30%.,1
Thats not my problem they have people in that country,1
I do not want to make a donation today.,1
The research team will collect all donations and send them to Save the Children.,1
hot here too.,1
Thank you for helping...save the children.,0
Of course.,1
no i dont think so i love the cause!,1
I will look at it in the future.,1
"Well, it was nice to meet you and thank you for agreeing to donate today!",0
Do you have kids in your family/extended family?,1
"Even though it is only .30 for this hit, with the number of people it adds up.",1
Thank you for taking the time to help assist the charity and I hope that you have a wonderful day!,0
"Thank you ""PERSON_1""",0
Thanks How much do you typically give to charity in a year?,0
Thanks for sharing.,0
I have to thank you again for your $1 donation.,0
Save the Children is an international non-governmental organization.,1
"Thank you so much,  you have no idea how much this will help the children in need!",0
Thank you very much for your $10 donation to Save the Children.,0
So can I conclude that you'd like to donate to the charity now?,1
Are you involved with them at all?,1
Thank you so much!,0
Thank you.,0
Yes I believe I will donate.,1
"They provide relief and support to children in developing nations, especially the millions of kids who are at risk in Syria.",1
It's so sad that so many children are dying in developing countries and war zones.,1
do you think you will donate today?,1
"Thanks for the info, guess I am skeptical.",0
"Well, we at Save the Children would like to thank you for your donation and let you know that thanks to donors like you, children around the world are thankful",0
I have donated my fair chair but money is still money I would estimate I probably  have gave  175$ in short burst,1
I am fine thanks.,0
Thanks so much.,0
Thanks so much.,0
That is what we need!,1
Greetings!,0
There was a shelter in vegas brought in tons of donations cuz they were great yeah right selling any items that were donated and pocketing the cash bigger organizations have more eyes on them,1
Thank you so much.,0
Also to abused women.,1
"Thanks for your dollar, the research team will collect all donations and send it to Save the Children.",0
Which children?,1
I think it would be roughly $1.20.,1
Remember to pass along our info to friends and family. Thank You and good night!,0
Sure.,1
Thank you.,0
Thank you.,0
"Though you, being the generous person you are, like helping those at home, is there a reason not to help children abroad?",1
I think some are good but i've been donating to Save the Children (foundation).,1
"I'm from use too,new york",1
"I'm doing great, thanks.",0
Hello.,1
Thanks for telling me about it.,0
Thank you.,0
The research team will collect all donations and send it to Save the Children.,1
I like to donate 50 dollars.,1
Oh!,1
I won't be donating as part of this survey.,1
"Have you ever donated to this organization and if so, how much?",1
ok thank alot,0
"Well, thank you for wishing me well.",0
Thank you very much!,0
wow! thanks on behalf of the organization! that is generous!,0
And I thank you,0
Thanks and I think we can submit now,0
Your donation will be directly deducted from your task payment.,1
I totally agree.,1
Yes it does and thank you for the donation,0
"Alright, I will donate 25 cents.",1
Have you heard about all of the storms/flooding in Hawaii?,1
Thank you.,0
They are and I'd like to try getting more people to be aware of them and maybe help.,1
Thank you very much for you help!,0
Yes I love that too.,1
"Welcome, thanks for talking",0
thank you.,0
"thanks, same to you.",0
Thank you so much.,0
"I agree, how frequently do you donate?",1
Do you donate money?,1
"No, I am not very familiar with that charity.",1
It leads children out of poverty so is a large focus.,1
Save the Children is helping to evacuate as many children as possible from that country.,1
Thank you for your help!,0
I think it is important to teach our kids from a young age that giving back to others in need is very gratifying and important.,1
Thank you!,0
Did you know that 5.6 million children die each year due to treatable AND preventable diseases?,1
Thanks for helping me help children.,0
"That sounds good, thank you for being charitable.",0
"This isn't my cause, I need to get it through to peoples heads that this is important.",1
"For instance, millions of Syrian children have grown up facing the daily threat of violence.",1
Do you think you could spread the word about Save The Children to your family and friends for us?,1
Thank you very much!,0
Do you donate?,1
Its non-governmental but is register to for tax purposes.,1
It is definitely a beautiful morning.,1
I like to donate money and time to charities that help children so I also want to thank you for educating me on this charity!,0
I woiwo be willing to donate $2,1
Let's both do .15 but split among Ronald McDonald and Save the Children!,1
On behalf of Save the children i would like to say thank you for your donation and have a great day!,0
Are you at all associated with Save the Children?,1
Yea..It's nice too hear....,1
are you going to donate,1
ok what can i help with that,1
Thank you for taking the time to introduce me to this charity!,0
I guess I would look them up sometime to find out more.,1
thank you for donating,0
"I started back in college, when an extra few dollars a month was a lot to give, and now that I've moved on in my career and life I'm thankful I'm able to give more.",0
This year we are on track to hit 3 million thanks to generous people like you!,0
"I see, so I am thinking of donating half.",1
No.,1
Thank you.,0
Thank you for your generous donation.,0
Yes I would,1
I just went there.,1
so we usually suggest a monthly donation of $5,1
Thank you so much.,0
Thank you!,0
Are there any questions you have?,1
As a donor I wanted you to see the site and the children that you would be helping,1
I think I'd be willing to donate about 25 cents,1
"Administration costs, like employees salaries, office bills and other expenses can be taken from the donations & it should be 5% as you said.",1
"A family pays $500 a month for insurance, but yet blood work is still $200 out of pocket.",1
"Good, and I'll match and times it by five and now we'll have donated 0.06",1
Thank you for the donation,0
"Ok, thank you so much for your help.",0
I would ifd my daughter was not needing milk also…,1
Have an awesome day and thank you again!,0
"You have a lot of knowledge, thanks for sharing.",0
thank you for your approach.,0
"It is going alright, thanks",0
"Sounds good, thank you!",0
Thank you!,0
"And when I can't give monetarily donate food, my time, and go to blood drives on my university",1
I remember a kid that lives on the streets.,1
"ok thank you sounds good,",0
But I have money that I can donate.,1
"no this one time is good, thanks",0
"I don't either, and when I do I usually donate to dog charities.",1
"Yes you can write them letters and they can write you back, thanks!",0
thank you so much!,0
No thank you.,0
I would like to donate $2 then.  Thank you!,0
Thank you so much.,0
I am sorry i took so much of your time.,1
Thank you.,0
"Ok, I will consider doing that.",1
"I will look in to donating my time locally, thank you!",0
"Ok, thank you for your time!!!",0
"Thank you, but no.",0
Thank you for the donation,0
You are welcome; anything for the children I say!,1
That sounds like a great idea!,1
"Thank you, that is wonderful and you will help a tremendous amount!",0
"No, to be honest I am doing this task to save up extra money for myself.",1
"Thank you for your time, have a great day.",0
that sounds good,1
Thanks.,0
Thank you.,0
"Thank you for linking the website, I will check it out right now.",0
Thanks for the info I will check it out,0
I believe we can contribute any portion of our payment: $0 - 0.30.,1
"Firstly, they provide funds and support services to help protect vulnerable children all over the world.",1
yes i education help for the children.,1
besides donate and visit  URL for more information,1
It doesn't say that in the info they gave me.,1
"No I am not, but like I said.",1
How many total children has the charity helped since it began?,1
I know hunger is a big issue for a lot of people in other countries.,1
"Hi, would you like to donate to Save the Children?",1
Thank you again,0
I think it was from Save The Children.,1
I love to think that we are making a small but important impact with this task.,1
Thank you so much.,0
Switching tasks all the time can be very difficult.,1
shoot i am the biggest tight wad when it comes to trying to save anything for her.,1
Hi,1
It depends on the charity!,1
what exactly happened to these children's?,1
Thank you.,0
Thank you.,0
"I sure have, that is why i can cofidently say that now only will your money be going where you want it to but it will be put to good use when it gets there.",1
"I know finances are hard for everyone these days, so it is wonderful that you are willing to donate!",1
Have a good rest of your day!,1
That's very good since they do so much for children.,1
"Well, we at Save the Children would like to thank you for your donation and let you know that thanks to donors like you, children around the world are thankful",0
"And I learned that they focus on health first, but also prioritze education.",1
Thank you so much.,0
Even the little bit you donate from your earnings can go a long way to making a difference for a child.,1
I think I have heard of it.,1
They do things like supporting children in warzones all over the world.,1
It is their website if you like to visit:  URL,1
Thanks.,0
Thank you For being able to be so kind hearted as well hope u have a great day and keep a smile on your face ;),0
What was life like for you growing up?,1
I almost never donate.,1
thank you so much for offering your help for childrens' donation,0
"Children were separated at the US-Mexico border from their parents, and Save the Children are working on getting them back to their family.",1
Thank you again,0
I have not.,1
You can choose whatever amount that you want.,1
"Again, I don't know how else I can say this",1
"Yes, Well I thank you again for your donation and I wish you a very happy rest of your day!",0
Thank you again.,0
Thank you.,0
"Well, it was nice to meet you and thank you for agreeing to donate today!",0
Okay that's a start.,1
"Depending on their financial standpoint, I think people would contribute to a charity like this if they have the funds to do so.",1
"Well, then you will be interested to know that the STC website is already pledging to help these kids out!",1
Are you familiar with it?,1
Is there a minimum i can donate?,1
Would you like to know how I know it helps?,1
Perfect thank you for the information.Is there a website where I can check it out and donate?,0
That will make a difference in many of their lives.,1
"Yes, you should be able to specify that.",1
Thank you so Mich for your donation!,0
"I am fine, thank you, Have you ever heard about the organization ""Save the Children""?",0
You take care and have a good day.,1
Thank you so much as every little counts and I appreciate your donation,0
O I have heard of Save the children.,1
"Okay, thank you.",0
Thank you.,0
Thank you.,0
Thank you for the compliment and your generous donation !,0
It really is.,1
"Great, thank you very much",0
"Yes, it sounds like a good charity.",1
What about you?,1
HI GOOD MORNING,1
Thank you for letting me know.,0
The cost of a cup of coffee even.,1
"Also, thank you.",0
Thank you.,0
"Okay, that sounds great!  Thanks!",0
What is their website?,1
Hello.,1
Its devistating,1
Thank you!,0
"I hope you enjoy your day, and if you would like to learn more about this charity, you can visit their website.",1
Is there another way to donate?/,1
Sure.,1
thanks!,0
The research team would collect the donations,1
Would you help out in this small way?,1
How much would you like to donate today?,1
Hi!,1
Thank you.,0
That is very generous of you.,1
"Thank you so much, same to you!",0
Thank you so much.,0
"Im a perfect world where I had all the resources and money I could stand, I would love to be a philanthropist.",1
"If more people gave, even it's a small amount, it truly adds up and can make a difference.",1
Thank you buddy.,0
Good thanks.,0
Thanks again.,0
I will try to donate at least five dollars.,1
I want to thank you again for bringing awareness to this important charity.,0
Thanks again for supporting such a great cause! :),0
No thank you.,0
"Yes they can, thanks again",0
Thank you.,0
Thank you.,0
thank you very much,0
Thank you.,0
Thank you for your donation!,0
"Should this HIT not be ending, I think it has had more than 10 rounds?",1
Thank you.,0
We do.,1
"Thank you so much, same to you!",0
I always like to give a small donation of some kind and always believe that others should also.,1
Thank you.,0
How much are you looking for?,1
The Save the Children Federation helps children and families in emergency situations,1
Thank you so much! What are you hoping your donation will help with?,0
I have!,1
"thanks, same to you.",0
"I saw that they have pretty reasonable overhead fees, but the salary for the CEO was very high.",1
thank you so much!,0
Thanks for making me aware of this charity!,0
"Very well, thank you.",0
What do volunteers do for this charity?,1
I will definitely be making the donation.,1
Thanks for the 5 cents.,0
"Well, thank you for wishing me well.",0
Millions of children in the U.S. and around the world still aren't getting what they deserve.,1
I can not imagine food or clothing being a luxury.,1
hi,1
"Well, it was nice to meet you and thank you for agreeing to donate today!",0
How are you today?,1
I did few HITs before that asked me to donate my bonus or half of the reward.,1
thank you so much for this.,0
"On behalf of children worldwide, thank you for your kindness.",0
"Thanks, have you ben to their site yet?  URL",0
Thank you for your donation!,0
myself and Save the Children thank you for your time,0
Great!,1
Thank you!,0
Thank you for filling me in on information regarding the charity,0
Thank you so much for telling me about this.,0
I adopted one years ago and she is the best.,1
Thank you for your time today.,0
"cool, so what can i do",1
Thank you for your time and information!,0
I have in the past.,1
thanks again,0
Have a great week,1
Thank you.,0
That's sad that a country as powerful as the USA still has problems with children in need.,1
Thank you for your kind donation.,0
Thank you again.,0
Thank you!,0
"I have given to other organizations in the past, such as World Vision, but Save the Children is really important to me right now.",1
No thank you.,0
I cannot thank you enough for that.,0
"please check out the website for more info, maybe you will donate more",1
"you can donate as much money you want because they really are not real money, you can make a good impression for future hits.",1
Does this sound like a good charity?,1
I can tell you that your donation right now will make a tangible impact for the world,1
Amounts don't matter to me.,1
"You can choose any amount from $0 to all your payment.""",1
thanks,0
"No, I do not have kids.",1
That is a noble cause.,1
Thank you too.,0
"We are asking for a ten dollar donation, but would be happy to have any donation to this worthy cause.",1
"Oh, I see, this conversation has to go for 10 turns EACH.",1
I would be glad to make a $10 donation,1
I am supposed to get you to donate some of your payment to a children's charity.,1
Thank you for taking the time to help assist the charity and I hope that you have a wonderful day!,0
This donation directly goes to children's charity called Save the Children and thanks you so much for this help.,0
What are some of your hobbies?,1
Thank you!!,0
"They help to feed, house and educate children all around the world.",1
"I will look in to donating my time locally, thank you!",0
Thank you very much.,0
"Hmm, I would like to, but I'm having some financial trouble at the moment.",1
Thank you.,0
Thank you for the information.,0
can you donate,1
That's great.,1
"Wow, that is amazing.",1
"And thank you, I'm sure this week will be relaxing for me as well.",0
Very well thanks.,0
You do not have to do anything else.,1
I did't I just gave what I thougt cas right and took the blow .,1
I would be willing to donate 5 cents today.,1
thank you.,0
"Thank you, I would like to make a 50 dollar donation but first.",0
Lol im sure a lot of people only donate like a penny if that.,1
Your donation will be directly deducted from your task payment.,1
No problem thank you for telling me about this wonderful charity!,0
"Thanks for your dollar, the research team will collect all donations and send it to Save the Children.",0
Thank you.,0
"Thank you for your time, and for the opportunity.",0
"I am doing fine, thanks for asking.",0
"That's wonderful, thank you so much!",0
thanks so much!,0
Me too.,1
I myself have a soft heart for children and usually help the charities for children.,1
It is similar in which all funds donated are used to help kids in need.,1
Many people should be like that,1
No thank you for the work that you do,0
thanks so much!,0
"Thanks, that is awesome",0
Have you heard of Save the Children?,1
You sure?,1
I am doing well thank you and same here,0
OK.,1
"Thank you again, and have a great day.",0
Ok thank you.,0
how do you have experience with them?,1
What do you do as a volunteer for this charity?,1
Your donation will be deducted from your task payment.,1
Thank you!,0
Excellent!,1
thank you so much for offering your help for childrens' donation,0
Thanks.,0
Thank you :),0
"Ok, I thank you very much for your consideration!",0
Would like to receive a thank you from Save the Children?,0
Thank you.,0
is that even worth it?,1
Thanks!,0
"No, thank you!",0
"I'm doing well, thank you!",0
"Thank you again, and I hope you have a wonderful day!!!",0
"My husband and I have a small NGO in Mindanao, Philippines, and it is amazing what a little bit of money can do to make things better.",1
I could give 5 more cents but that is all for now.,1
You can choose to donate any amount that you wish.,1
It is!,1
"Okay thank you, the charity really appreciates your donation today and thanks you, how much would you like to do?",0
Which charity was the flyer from?,1
Thank you for your kind donation.,0
Thank you.,0
Thank you.,0
"Thank you, you too!",0
Thank you very much.,0
Thank you,0
I don't even know what the charity is.,1
"I'm great, thank you for asking!",0
I would like some more information before deciding to donate.,1
Have you heard about the charity Save the children?,1
Great! Thank you for your donation!,0
"Okay, thank you.",0
Have you ever heard of Save the Children?,1
I am well thank you and you?,0
Do you donate to this cause as well?,1
"Great, thank you!",0
"Thank you very much, have a nice day.",0
Have a good one!,1
OK thanks.,0
I am good thank you.,0
I recently saw a old movie at the theatre called Casablanca with Humphrey Bogart.,1
that is so sad do you work for the foundation?,1
"I think some people will say ""maybe next time"" if they aren\'t paying attention when the cashier asked them this question and/or they don\'t have the funds to do so.",1
do you know what is the save the children,1
The charity is called Save the Children!,1
"Yes I am, thank you for asking.",0
Yes.,1
Thank you again,0
Thank you for your generosity!,0
"What have you heard about the charity called ""Save the Children""?",1
"Sounds good, thank you!",0
Is there any concrete proof that they do?,1
I am fine thank.,0
Thank you for doing this.,0
They help a vast amount of kids.,1
that is so nice of you.,1
Thank you!,0
"Great, thank you!",0
You are very welcome and thank you for being so generous!,0
Is it asking you to donate too?,1
thank you again for the 5 cents donation.,0
Wow.,1
I am excited to know we can help out a children's charity.,1
Glad to help,1
Thanks again for donating.,0
Hey how are you today?,1
It's an international nongovernmental organization.,1
Thank you for your generosity!,0
I am well thank you and you?,0
Thanks.,0
thank you.,0
No thank you.,0
Thank you so much.,0
I'd assume so.,1
"Exactly, I also like how there are HITs which encourage you to donate.",1
"I'm sorry that it seems so little, but as I already donate to an organization and I use the payments here to save for a vacation coming up...",1
I am in charge of communications.,1
"Great, thank you!",0
I have donated a few times to them too.,1
"Hello, are you interested in protection of rights of children?",1
Thank you for helping...save the children.,0
Thank you.,0
Thank you.,0
"I am well, thank you",0
this is my full time job and i depend on every penny from it.,1
Small donations add up quickly.,1
I will donate nothing to this.,1
It has brought families together and gave hope to a new life.,1
Thank you!,0
Thank you!!,0
I see.,1
Have a nice day!,1
Thanks for doing your part!,0
I am lost.,1
"Would you be willing to start your donation today, while we're talking?",1
"Do you feel that you donate more in terms of money, or in terms of volunteering your time?",1
"Okay, well I see that they have an A rating on charity watch with only 13% going to overhead.",1
"I am doing fine, thanks for asking.",0
Thank you again!,0
Thank you so much for your donation!,0
Thank you for telling me about the charity.,0
I think 0.50 cents is a perfect amount to donate.,1
"ok, thankyou for your time.",0
Thank you.,0
It sounds familiar though.,1
same thanks for the advice have a good one keep spreading love,0
"Haha, touche. GL",1
I prefer to volunteer is I can,1
Thank you for your generous donation.,0
Thank you.,0
Your donation will be directly deducted from your task payment.,1
Thanks again.,0
THanks to Save the children.,0
yes I would be honored to.,1
I'm doing well. Thanks.,0
Thanks for the info I will check it out,0
Well.,1
They work in 120 countries on different issues.,1
Hey,1
I'm doing well. Thanks.,0
you too.,1
You have to be prepared for it.,1
Thanks for your help and have a good Turk day :D,0
"Ok, so that 10 cents will come out of your payment and you will keep the rest of the task payment",1
"I'm doing great, thanks.",0
Thank you for your time today.,0
"Thank you for your time, have a great day.",0
I always like to know how the donations are spent.,1
Everyone can help.,1
I am very interested in the welfare of the children especially in regard to food and education which I consider as very important for children,1
"Well, a woman named Carolyn Miles is the CEO.",1
Thank you so much!,0
Thank you very much!,0
Thank you for your kind donation.,0
Thank you.,0
Thank you and have a wonderful day,0
Thank you.,0
Absolutely!,1
Thank you for telling me about the charity.,0
"Have you ever heard of the charity, Save the Children?",1
How much would you like to the Save the Children foundation?,1
"Thanks for the info, guess I am skeptical.",0
Ok thank you.,0
I would like to learn more about this organization.,1
Thanks for talking me thru this today!,0
That would be wonderful!,1
"So are you willing to donate 10 cents today, this money can go to helping children who have grown up with the threat of violence and starvation all of their lives.",1
"I like that too, perhaps you would be interested in donating something to them?",1
It would be really great if we gave some money to save the children,1
Thank you so much!,0
Thank you.,0
Same to you.,1
I have not.,1
how much will you donate today?,1
Thank you for your recognition.,0
how much should i give,1
thank you for donating,0
Would you be willing to donate some of your payment to help kids in need?,1
Do you have any more questions for me?,1
"So, what if i told you that you that i could help you donate an even smaller amount to Save the Children right now.",1
"well, every cent counts that's what I say or a penny saved is a penny earned either way it works out the same",1
very good to do,1
I've heard of Red Cross,1
That sounds very interesting.,1
Thank you.,0
"Thank you again, and have a great day.",0
"As you may know, Save the Children is an international non-governmental organization that promotes children's rights, provides relief and helps support children in developing countries.",1
Do they provide legal help or support to live?,1
We make regular donations and Save the Children actually has done the most with what we've given them.,1
food also the main problem of the more countries,1
You too and Thanks again!!,0
Absolutely.,1
Oh okay.,1
Thank you so much!,0
"Learn about the places we work, the challenges children face and the results we achieve, thanks to supporters like me and you.",0
"Yes, Thank you for time and attention, and thanks for helping.",0
Thank you.,0
"After we are done chatting, I think you can tell them the amount you want donated.",1
"you can help by being part of us, do you want to help?",1
I would certainly be willing to donate then,1
Ok sounds cool,1
Is there anymore info that you would like,1
Im sorry if i am coming off that way.,1
"Thank you I am not trying to get you to donate any more than that, I just want you to realize what a great impact you will be making on the world..",0
A couple of organizations claim to do that.,1
The researchers will let you donate anything up to the amount of your total task payment.,1
Would you be willing to donate some of your hit money?,1
"Oh, thanks for the website, I am sure that it has a lot of information that I could use to learn more about it.",0
What kind of supplies does my donation provide,1
"That is wonderful, thank you for all the information.",0
"thanks, same to you.",0
"No, I didn't know but thank you for telling me!",0
then is there any think special about it,1
I am doing well thank you.,0
Thank you for your donation!,0
"Learn about the places we work, the challenges children face and the results we achieve, thanks to supporters like me and you.",0
Especially if they are children.,1
I am fine thanks.,0
Thank you for filling me in on information regarding the charity,0
I am doing well thank you.,0
Good morning.,1
Millions of children in the U.S. and around the world still aren't getting what they deserve.,1
It's mind blowing.,1
"For instance, millions of Syrian children have grown up facing the daily threat of violence.",1
"Yes, Thank you for time and attention, and thanks for helping.",0
Thank you very much.,0
Thanks for the 5 cents.,0
Thank you.,0
Do you have kids?,1
Thank you and God Bless!,0
Thank you for taking the time to help assist the charity and I hope that you have a wonderful day!,0
"then we have came to an agreement that went vary smoothly it says up top ""We encourage you to keep the conversation until a donation agreement is explicitly made so i think weve done .",1
"Thank you again, and have a great day.",0
How are you today?,1
No problem thank you,0
thank you for this conversation,0
Thanks you too,0
Thanks for your time and effort.,0
I admire that !,1
Do you think you would like to donate in future?,1
what other organizations would you consider?,1
Thank you again!,0
Crazy how 30.00 a month can change a child's future.,1
This charity is one of the most top rated in the world.,1
Is it a global charity?,1
What is the organization called?,1
"Thank you, I would like to make a 50 dollar donation but first.",0
Thank you.,0
"Yeah, totally.",1
Thank you for letting me know.,0
Violence.,1
I am doing well thank you.,0
"It's really sad, but that's why there are programs out here like us to step in and provide help.",1
Thanks for agreeing to donate!,0
Thank you for your donation and for supporting children in need.,0
"I'm great, thank you.",0
That sounds like a worthwhile cause,1
To be able to afford to get her some milk would be nice.,1
wow! thanks on behalf of the organization! that is generous!,0
"Yes, thank you.",0
How were these children killed or injured -- because I know that many people (children too) are slaughtered on the highway in horrific road accidents.,1
"well if you aren't going to help me out with information and make it easy on me by helping with info, i'm not sure if you really care",1
All of the dontations go toward one cause.,1
OK thanks.,0
"I have donated to organization that works on some disease through MTurk, like Malaria",1
wow that is a huge number isnt it,1
It is disturbing!,1
Thank you.,0
Food is just one part of it.,1
Will you be donating?,1
Thank you so much.,0
When is this over?,1
That's great! Thank you very much for your donation!,0
"So, please: think of the children!",1
"Good, thanks!",0
"Sure, here is the link  URL",1
Thanks very much for your time.,0
It is very refreshing to see.,1
I am well today thank you.,0
Have you?,1
are you interested to join in children's charity?,1
How exactly does it support children in developing countries?,1
Thank you so much!,0
I am doing well thank you and same here,0
Is there a website for this charity?,1
"I'm great, thanks.",0
Thank you.,0
How much do you like to donate to the charity now?,1
And is there a minimum amount required per month (like on of those sponsor a kid charities) or can it be just a one time donation?,1
Good thanks!,0
Thanks for the information.,0
Very well thanks.,0
"Okay, thank you.",0
Thank you for being so informative and helpful!,0
Thank you for your donation and for supporting children in need.,0
thanks so much!,0
Thank you on behalf of these kids.,0
thank you so much for offering your help for childrens' donation,0
Thank you for helping...save the children.,0
thank you so much!,0
We appreciate your help in Saving the Children!,1
"On behalf of Save The Children, THANK YOU!",0
Ok..,1
"yes I do,do you as well?",1
You as well. Thank you for the chat :),0
Okay that sounds good but how much would a donation of that size be?,1
Thank you!,0
And think of all the kiddies you will be helping!,1
I guess we have to each have 10 turns so after this response we have to write two more times LOL,1
Thank you!,0
Ok thank you.,0
Tell me more.,1
Yes more than likely it will,1
Thank you so much.,0
It sounds like a good charity.,1
Yes.,1
Thanks for your time too.,0
Thank you again!,0
"ok thank you sounds good,",0
This year we are on track to hit 3 million thanks to generous people like you!,0
Thank you for the donation,0
And thanks for helping!,0
"Thank you, I will do it for sure, have a nice day",0
I was thinking a dollar to start with would be wonderful.,1
Have a great day and thanks for the chat!,0
Thanks for helping me help children.,0
"Save the Children is a worldwide charity that give children access to healthcare, safety, and advocacy thanks to donations like yours.",0
"Yes, you are correct.",1
Would like to receive a thank you from Save the Children?,0
Thanks.,0
"Ok, thank you for your time!!!",0
Thank you.,0
Do u donate?,1
Thanks again.,0
Thank you for your donation!,0
"thank you for the information, I think I am ready to donate",0
"Yes, I plan to.",1
How much money do you spend on candies?,1
"I thank you very much, with what you know about save the children",0
I do sometimes whe I have extra money,1
thank you for your approach.,0
That's great! Thank you very much for your donation!,0
I know normally I am too but I was convinced to research them once by a very giving friend and I found that they do a lot of awesome work and a big majority if not all donations go back into the charity and lining someones pocket,1
Thank you very much!,0
I have seen their adverts and campaigns.,1
thank you.,0
Save the Children has helped build hundreds of schools in developing nations around the world.,1
Thank you!,0
No thank you as there is no guarantee to this. I'd rather donate locally,0
good thanks.,0
"Cool, Thanks for your donation of $0.15 The research team will collect all donations and send it to Save the Children.",0
"No, honestly I don't but I would feel like my money would go to a good cause if I were to",1
Thanks again for donating.,0
Thanks I would appreciate your help.,0
Some are being sold to ISIS,1
thank u sir,0
What specifically would you like to talk about?,1
I have a child so i'm all about helping kids,1
"You would not think that something as simple as skipping a cup of morning coffee to donate to a charity would be able to make such a huge impact in the life of a child, but it really does.",1
I am only asking for a very small donation of .05,1
Thank you for the information.,0
I want to help in any way that I can.,1
Of course nothing gets me more angry then seeing a child warrior soldier.,1
Thank  you!,0
I will gladly .,1
I moved to the US and things are much better now,1
Thank you so much :),0
"Thank you, you too.",0
"Looks like there might be a bonus coming at the end of this HIT, have you got any plans for the money?",1
no problem thank you for donation 0.60 to save the children,0
Thank you for your kind donation.,0
ok how ill give that much,1
Parents who don't have the necessary financial support to provide their children with the care they need.,1
I send them 20 dollars on their birthdays and then they send me pics of what they bought.,1
but they work they do is very meaningful to children and their families (if they have them).,1
absolutely thank you so much!!,0
I hope you enjoy the rest of your day.,1
Thank you for supporting the children of the world.,0
Hi.,1
Hi there!,1
How much would that be ?,1
This organisation is so wonderful! 86% of donations are going for a cause and the rest goes to management of the fund,1
I like to donate money and time to charities that help children so I also want to thank you for educating me on this charity!,0
Your donation could be directly deducted from your task payment.,1
Thanks for the oppertunity.,0
yeah..,1
Thanks.,0
Thank you so much.,0
Great what about you?,1
"Thank you ""PERSON_1""",0
I am already making a difference in many children lives.,1
Thanks for that.,0
I'm good thank you!,0
Thank you very much.,0
Thanks for talking me thru this today!,0
That is terrible.,1
good thanks.,0
Oh wow.,1
The charity sounds like it is doing some good work in an area that badly needs it.,1
What do they do?,1
I have to thank you again for your $1 donation.,0
I see  thank you for your information.,0
That's great to hear!,1
Yeah so people donated money to help children in need.,1
Your donation will make an impact to better childrens' live around the world.,1
"Thanks, you too.",0
Thank you.,0
Ok-thanks-I will be waiting to hear from them,0
Thank you.,0
It is a wonderful feeling to help someone and I'm glad that you feel the same way.,1
My heart is really with Riley Children's Hospital.,1
Thanks for your donation.,0
"Your a great person and thanks again, have a nice day.",0
thank you so much for offering your help for childrens' donation,0
Thank you for participating!,0
Sure i would love to,1
"Thank you so much for your donation, every bit helps :)",0
How long has this charity been in existence?,1
Do you have any experince dealing with them at all?,1
"Very well, thank you.",0
Thanks again for supporting such a great cause! :),0
"I am somewhat of a tight budget, but I always make room for good causes.",1
I don't believe so.,1
hello i would like to help too even its a bit,1
Thank you so much!,0
thank you for donating,0
"I will look in to donating my time locally, thank you!",0
"YOu have convinced me that this is a great, trustworthy charity to donate to.",1
"That is wonderful, thank you for all the information.",0
Children really need people to help them.,1
The amount of the donation will be taken out of your task payment,1
Thanks for the 5 cents.,0
"Thank you for your time, and for the opportunity.",0
That great and thanks for your generousity!,0
Thank you for the donation,0
Thank you so much.,0
thank you for putting time on effort on this.,0
Its a great charity and organization.,1
Hello,1
Thanks so much!,0
I am fine thank.,0
Would you like to donate to Save the Children?,1
That great and thanks for your generousity!,0
I see  thank you for your information.,0
It helps kids in need.,1
Save the Children is an amazing charity that helps kids who are in desperate need.,1
"These children are being used in horrific ways, the food and supplies that are supposed to be going to them are being stolen and we are trying to gather money to ensure the supplies get to these children who really need these supplies and help. With a donation today, not only will we be able to ensure the supply lines safely reach villages, but doctors will also go and help the children with medical care they desperately need.",1
Thank you. You too,0
Thank you!,0
Can't you spare even a small donation?,1
Yea what do you got?,1
I'm doing very well thank you!,0
"That is fantastic, thank you!",0
Feel free to puruse  URL for more information.,1
Yes any donations made to helpless children make a real impact on their life.,1
"I will look in to donating my time locally, thank you!",0
The children from around the world will surely be thankful as well.,0
"save the children was founded on april 15,1919",1
Thank you for telling me about this organization,0
Thanks.,0
This is very true.,1
Thank you.,0
Like.,1
Thank you.,0
What is your families business and what do you enjoy most of the Save the Children charity?,1
Thank you very much!,0
hi,1
I probably will do that.,1
Thanks so much.,0
"yes, I think I have told about my donation and now waiting for the conversation to end.  Thanks.",0
Thank you.,0
They work on different issues in almost 120 countries.,1
Oh cool.,1
They feed so many starving children.,1
"thank you,I just want to help this world and especially the children within it and save the children is doing that job",0
I am very curious to how the decision is made and what type of medical care they plan to deliver.,1
"Thank you, I'm sure the children will appreciate it.",0
Thank you For being able to be so kind hearted as well hope u have a great day and keep a smile on your face ;),0
Thank you again.,0
Thank you!,0
"Americans pay more for poorer outcomes, compared to peer countries.",1
is there an upper limit?,1
If you were to donate you would be making a huge impact for these children and on the world,1
Save the Children are helping to reunite them with their family.,1
I understand that we will both be donating.,1
Thank you for your guidance.,0
I agree!,1
Thank you!,0
Would you consider yourself a giving person?,1
So how much of your payment will you be donating?,1
I know they really deserve but I am kinda on a tight budget right now but go ahead and tell me about this unique opportunity.,1
Thank you for your time,0
I would like to personally thank you for that.,0
I read that their are quite a few places that could use help.,1
Glad they are helping out,1
thank you!,0
"Yes - providing funding for children is a top priority, whatever the need may be",1
The war torn area is just one of many examples of places where kids need support.,1
hello?,1
"the month that passed a full gift of 2 large clothes bags for these children, is a great pleasure when it helps",1
Thank you again for the donation.,0
I'd like to talk to use about a vulnerable group.,1
ok cool is there a website?,1
"That is good, We can talk about it too.",1
have a good day,1
Thanks so much.,0
Thank you again,0
That is awesome.,1
"like ""Save the Children"" has many options to donate.",1
"Yes, As soon as i get enough money",1
"Thank you very much, you have no idea how much this helps.",0
Well you've seen charity first-hand.,1
"They are a particularly vulnerable group and I find it reassuring that nearly 90% of every dollar you give goes straight to their mission ??Â¸??Â¸ helping children grow up healthy, learning and safe.",1
Thank you very much.,0
What Dollar you need to give For children charity?,1
Is that right?,1
I can't afford much.,1
thank you so much for offering your help for childrens' donation,0
To help children in crisis.,1
"Alright, 20 cents out of the whole task payment amount.",1
They know that any small amount can help.,1
Thank you for your donation as i guarantee you donation goes towards to the children,0
Thanks for your attention and help.,0
Wow thank you!,0
And it is a shame,1
I'm doing well thank you,0
Thanks for talking me thru this today!,0
No thanks.,0
That's nice of you.,1
Thank you for your donation and for supporting children in need.,0
"If I make donations now, they are in-kind donations rather than monetary donations.",1
Your money will help to address these issues.,1
Can you?,1
"Awesome, I'll head over there right now and support it thank you.",0
Thank you buddy.,0
Thank you for your guidance.,0
Save the children has been round for almost 100 years!,1
It was horrible,1
thank you for putting time on effort on this.,0
"Thank you so much,  you have no idea how much this will help the children in need!",0
"Oh I see, it says here that it will be deducted from your task payment.",1
"Well, we at Save the Children would like to thank you for your donation and let you know that thanks to donors like you, children around the world are thankful",0
I was just about to mention that I never really have donated to any organization.,1
"We sponsor a child in El Salvador, we have been going it a number of years.",1
No child deserves to feel unsafe and go hungry.,1
You can donate any amount to save the children.,1
No thank you.,0
Thank you.,0
Thank you so much for your donation!,0
that is not bad,1
Thank you so much.,0
there are other charities I'd like to donate to over this one.,1
Thank you very much forthat info you have been very helpful!,0
Thank you so much.,0
Thank you so much for telling me about this.,0
Do they?,1
That is great that they are there helping.,1
How much do you think you'd like to donate to the charity?,1
"I could try to persuade you more, but it seems your mind is fairly set in place.",1
Sounds like they really help education wise.,1
Well think of all the money you spend on things you don't need?,1
Children shouldn't be separated from their families.,1
"ok, thankyou for your time.",0
I just can't see doing that.,1
Thank you so much!,0
It certainly is,1
"Yes, Thank you for time and attention, and thanks for helping.",0
Thank you for introducing me to another great charity that is trying to do good work.,0
Are you still interested in donating a portion of your reward?,1
do you donate?,1
Have an awesome day and thank you again!,0
How do you feel about Save the Children?,1
How much you can donate that.,1
"I'm great, thank you.",0
0.15 half of my payment.,1
Thank you!,0
I bet Save the Children could be right for you though.,1
Thank you so much!,0
"They work to get food, medical help and education to poor children in under developed countries.",1
You have a chance to help today by donating even a small amount of your pay.,1
"Again, it was a pleasure meeting you and many many thanks for your kind generosity in the form of a donation.",0
Take care have a great day.,1
The research team will be able to collect all donations and send it on over to Save the Children.,1
Thank you buddy.,0
I am an old retired guy with limited income.,1
Alright thank you for contributing to Save the Children.,0
Ok so let me tell you this.,1
"That is fantastic, thank you!",0
Is it a charity that you are interested in?,1
Thank you for donating your time to the cause.,0
The people who donate and people who are worrying about that are the same people.,1
I suggest that you do $25 it would really help out a child,1
Good thanks!,0
Thank you!,0
Thank you very much.,0
Thanks again!,0
"Yes, $1 - thank you",0
I'm so glad these amazing charities help those kids.,1
Thank you!,0
How would I donate directly from this task?,1
Thank you so much for taking the time to speak with me and also for your donation.,0
Thank you for chatting with me.,0
Thank you for your donation.,0
Thanks for agreeing to donate!,0
No thank you for the work that you do,0
"I used to volunteer often, but I have so little time it feels like now!",1
I'm doing well thank you,0
Have you donated to a charity before?,1
Greetings!,0
Thank you.,0
Hello!,1
"In the first two months of 2018 alone, 1,000 children were reportedly killed or injured in intensifying violence.",1
Thank you!,0
How much would you like to donate to the charity now?,1
"yes, I think I have told about my donation and now waiting for the conversation to end.  Thanks.",0
People aren't likely to donate to charities that they know nothing about.,1
Great! Thanks so much and I'm just so happy to be able to donate,0
This site Helps many child,1
That's fantastic.,1
It will through the researchers they promised,1
Ok-thanks-I will be waiting to hear from them,0
"I totally agree, I think if you can, you should help others in need",1
Thank you once again for your donation and feel free to spread the word about the charity to others!,0
Okay. Thanks.,0
That is all your opinion.,1
"You can give any amount, even as little as $0.01 can help.",1
Thank you.,0
thanks will do the same,0
"I am doing fine, thanks for asking.",0
How was your weekend?,1
I feel good about this.,1
"Yes, $1 - thank you",0
You too!,1
"We as people have a moral responsibility to help them, and when we have extra, there's no better place to put it than in the hands of a trustworthy charity that will use it to save kids.",1
"It was nice talking, thanks for all you do.",0
dont you like children?,1
I want you to keep your bonus obviously,1
Hi!,1
That is awesome.,1
Thank you for participating!,0
"Thank you so much for your donation, every bit helps :)",0
I guess they save children,1
Thank you for your kindness.,0
"On behalf of Save The Children, THANK YOU!",0
Thank you,0
Half the payment - One whole dollar,1
how do i make the donation?,1
i think i will donate one cent.,1
That sounds perfect,1
it means a lot,1
"They are an international non-governmental organization that promotes children's rights, provides relief and helps support children in developing countries.",1
Have a great night!,1
"of course, save the children is a non-profit organization that helps the children all over the world.",1
"However, that is only salary.",1
I'm doing well. Thanks.,0
doing good you?,1
Thank you.,0
Your donation will be directly deducted from your task payment.,1
I need to know these things before I donate even if it is as little as $2.,1
"Your donation is going to help a child eat, receive an education, and have access to life-saving medicine.",1
I am fine thank.,0
I will keep that in mind.,1
Thanks!,0
Thanks to you too.,0
"I understand, but I can assure you that is goes directly to the kids.",1
thanks,0
Thank you.,0
Thank for answering my questions.,0
"I am doing good, thanks for asking.",0
"Thank you, I'm sure the children will appreciate it.",0
"They can help with safety, education and more.",1
Your small donation could help at least one of these children live a life without fear.,1
Their website is  URL if you would like to read more,1
"The children will thank you, do you think you can do a little more?",0
I am fine thank.,0
That is convenient!!!,1
Thank you for participating!,0
"Yes, I do.",1
Great to hear there are still kind hearted people to help people suffering!,1
Thanks How much do you typically give to charity in a year?,0
Same to you!,1
"Oh thank you so much, you have no idea how much that .50 will mean to those children, thank you very much and have a wonderful night you blessed soul.",0
Thank you buddy.,0
Thank you very much for your $10 donation to Save the Children.,0
"I started back in college, when an extra few dollars a month was a lot to give, and now that I've moved on in my career and life I'm thankful I'm able to give more.",0
That's great.,1
Thanks for your time and effort.,0
Are there any charities that work in that area?,1
They are a huge advocate to children.,1
Why not Antartica?,1
Thank  you!,0
Thank you.,0
It's a bummer when that money gets siphoned off.,1
"Including an ""A"" rating from the American Institute of Philanthropy.",1
"Ok, thank you so much for your help.",0
Thank you for taking the time to help assist the charity and I hope that you have a wonderful day!,0
"Okay, then I have an option for you.",1
"I know I haven't given you that much info, but do you think you might want to donate part of your proceeds for this task to Save the Children?",1
I don't know if I'd necessarily feel comfortable donating.,1
good thanks.What about you?,0
I really do want to participate but I can't make any donations today.,1
but a few cents can go a long way,1
So you think that you want donate around 18?,1
They help children here at home and abroad,1
good thanks.,0
"Good, thanks!",0
thank you so much!,0
Thank you.,0
"Yeah, I think mostly everyone has, I think charities are mostly good but I don't know that they always accomplis all they could well, with expenses and all",1
Thank you so much!,0
"Thank you, you too!",0
Wow!,1
How can I get involved?,1
"Well, ok.",1
Thank you again!,0
Thanks again.,0
Yes they do.,1
Thank you so much as every little counts and I appreciate your donation,0
I would be,1
Thank you. You too,0
Thank you for agreeing to make a donation.,0
"Awesome, thank you!",0
That's impressive.,1
Thank you for telling me about the charity.,0
I agree donating locally is also important.,1
Thank you.,0
"I'm doing well, thank you!",0
thank you very much,0
I use it for things that my family needs.,1
"Ah, yeah I just counted mine as well. Well, unless, you want to donate more, I think we're pretty much done here.",1
Children who suffer from hunger would greatly appreciate a donation,1
Thank you.,0
"Thank you again, and I hope you have a wonderful day!!!",0
how can we sit here and do nothing?,1
Thank you so much :),0
that's a fair point,1
Thank you so much.,0
URL check it out,1
"The good thing is, however, that there are many organizations that we can support that help push for and ensure the rights of children and that they are given opportunities to succeed.",1
Ok if we talk about some serious stuff?,1
"It's cloudy a lot, but otherwise fine.",1
Thank you.,0
"However, I think I'll opt for a one time 0.05 donation instead.",1
Thank you so much as every little counts and I appreciate your donation,0
Would you consider volunteering time in addition to money?,1
Yes before yes,1
Thank you for your donation!,0
I see  thank you for your information.,0
Thanks you too,0
"Or nothing, if that's what you decide.",1
Do you know what kind of services they will provide with the money?,1
How does that make you feel?,1
"Thank you I am not trying to get you to donate any more than that, I just want you to realize what a great impact you will be making on the world..",0
You can choose any amount from $0.50 to all your payment.,1
Thank you for telling me about this organization.,0
What are the typical donations to the charity like?,1
Thank you so much.,0
"Thanks for your dollar, the research team will collect all donations and send it to Save the Children.",0
Thank you for all that you are doing.,0
Hello.,1
Many of these children don't have the same opportunities as others and live in very difficult conditions.,1
You're such a nice person.,1
"Okay, well I am supposed to ask you how much of your payment you would like to donate.",1
Thank you.,0
We have not received much support for these children.,1
"It is an international non-governmental organisation that promotes children's rights, provides relief and helps support children in developing countries.",1
Nice to meet you as well have a good one :),1
Yes it is!,1
Have you heard of the Save The Children Foundation?,1
Great!,1
I too would consider doing it,1
"A month later I saw the kid was healthier, happy, and cleaner.",1
Especially with children.,1
Thank you for donating your time to the cause.,0
She volunteers for them.,1
Thank you very much.,0
"Oh wow, I would also be interested in donating to that.",1
Save the Children.,1
They work in 120 countries already,1
I do not know in my heart that this is not a scam.,1
"Thank you so much,  you have no idea how much this will help the children in need!",0
I'd be glad to support the cause,1
You can help now!,1
"Yes you can write them letters and they can write you back, thanks!",0
On what foundation can I sponsor?,1
You can see photos and videos of your sponsor child and his or her community.,1
That's not all...would you like to check out their website?,1
I feel that donating is an ethical reason to give your tithes and offerings,1
The agreement will be recorded from this chat and deducted from your account.,1
It's not just a made up organization for the sake of the chat.,1
"Thank you so much,  you have no idea how much this will help the children in need!",0
"no, I do not wish to donate at this time.",1
thanks!,0
"I will look in to donating my time locally, thank you!",0
"That is wonderful, thank you for all the information.",0
The amount of suffering that children around the world face is terrible.,1
Have you heard of a charity called Save the Children?,1
Thanks to you too.,0
"Thanks very much, nice speaking to you.",0
"awesome, thank you so much",0
Absolutely.,1
"Welcome, thanks for talking",0
"Thank you, you too",0
Remember to pass along our info to friends and family. Thank You and good night!,0
"I am well, thank you",0
Thank you so much.,0
Thank you.,0
Thank you for your donation!,0
"Great thanks, Im here to talk about the childrens charity.",0
hi how are you today,1
How often do you donate to things like this?,1
"I will look in to donating my time locally, thank you!",0
I have a fridge full of food and a roof over my head so I can't complain..,1
Thank you for being so giving.,0
"I'm doing well, thank you!",0
I am good thank you.,0
"Oh, thanks for the website, I am sure that it has a lot of information that I could use to learn more about it.",0
"It is awesome there are people that dedicate their lives to help ensure children have the rights to health, education, safety, and much more.",1
thanks,0
"I know I have never met you ,but I feel so good to be working with you to help someone even if it is such a small amount it makes me feel glad.",1
"That sounds good, thank you for being charitable.",0
"ok, thankyou for your time.",0
"True, but nothing and something are pretty different things.",1
"I'm good how are you, kind turker?",1
Thank you for letting me know.,0
I'm doing great and am really looking forward to our chat!,1
"Thank you I am not trying to get you to donate any more than that, I just want you to realize what a great impact you will be making on the world..",0
"You can also donate at the end of this HIT, It can be any amount even 0, You'll be asked.",1
I understand that.,1
And thanks for helping!,0
"They do most probably, they care for al children in need equally",1
"Ok, The research team will collect all donations and send it to Save the Children.",1
how do you help them.,1
I know your money is probably tight but 10 cents is not too much to do is it?,1
It will allow you to stay up to date on programs we accomplish daily,1
"Great thanks, Im here to talk about the childrens charity.",0
I am doing well thank you.,0
Greetings!,0
They are also a reputable charity.,1
"Yes, I do",1
Thank you for all the information,0
Thank you for doing this.,0
"Can we contact you by mail, phone, or email?",1
"Ok, I thank you very much for your consideration!",0
"That is fantastic, thank you!",0
I would think so?,1
"Thanks, warmest regards from Alabama",0
thank you.,0
This is according to a website that breaks down info on different charities,1
Have you heard of Save the Children?,1
it would help to know what childrens charity as well with some information about it.,1
"no this one time is good, thanks",0
Thank you so much.,0
Very well thanks.,0
OK no problem I will find out.,1
"Originally from Romania, but I live in the US in California.",1
"I just read about a charity called The Project Linus, a group that supplies security blankets for terminally ill children.",1
Would you be willing to donate today?,1
they can only accept monetary donations at this moment.,1
"I'm so sorry, what a terrible thing.",1
Thank you!,0
How much money are you looking for?,1
did you heard that they now do every payment taken from people transparet?,1
"Well we are at the end now, so is it still okay to donate you dollar?",1
"Yes, Thank you for time and attention, and thanks for helping.",0
I appreciate you telling me about this organization and directing me to their website.,1
Thank you and God Bless!,0
No I haven't heard.,1
thank you for putting time on effort on this.,0
Or do you think that people would feel like microdonations would not be effective no matter what?,1
I am doing well thank you.,0
"The good thing about it is when you want to donate on websites they usually have a minimum, but with HITs there is no minimum amount",1
"Yes, $1 - thank you",0
Thank you for taking the time to introduce me to this charity!,0
THanks to Save the children.,0
I am actually not sure.,1
"I think that the internet helps, too.",1
thank you so much for this.,0
You would be doing a great service and the charity will be so thankful.,0
I would be willing to consider that.,1
"When crisis strikes, they are always among the first to respond and the last to leave.",1
What is the easier way?,1
Thank you and God Bless!,0
Thank you for doing this.,0
Thank you for donating your time to the cause.,0
It would help so much.,1
Yes it is good to try and help in any way possible,1
"Did you know that in Syria, 1,000 children were killed in just the first two months of 2018?",1
Thanks so much.,0
Thanks again for supporting such a great cause! :),0
Thank you.,0
yes i have,1
"I tend to read news articles from aboard. BBC, ect.",1
thank you for donating,0
"Oh, thanks for the website, I am sure that it has a lot of information that I could use to learn more about it.",0
"That's right, thanks for showing me the page, I will help many children, today I want to sponsor 3",0
Have you heard of Save the children?,1
Thank you so much for your donation!,0
Great! Thanks so much and I'm just so happy to be able to donate,0
Well Save the children is an organization that ensures children rights to health education and safety.,1
i use to,1
Thank you so much for your contribution.,0
Thank you for the information you provided.,0
Thank you.,0
"Thanks, I don't consider myself that great, but any little difference i can make makes me feel good about myself",0
I'm from the South East.,1
Thank you very much!,0
in what way?,1
Thanks How much do you typically give to charity in a year?,0
Thanks.,0
No thank you.,0
Thanks I would appreciate your help.,0
Once I saw how many children were fighting cancer and other serious disease it woke me up to what is important in life and just because we are not going through it there are so many children suffering that the least I can do is donate.,1
"Thanks very much, nice speaking to you.",0
thank you.,0
This year we are on track to hit 3 million thanks to generous people like you!,0
thank you.,0
Whats their overall goal?,1
And you?,1
Anywhere from a penny to $2,1
For just a mere $1.25 you can save a child's life.,1
"yes, I think I have told about my donation and now waiting for the conversation to end.  Thanks.",0
You are welcome and thank you for bringing my attention to such a well deserved charity!,0
How much would you like to donate?,1
"I am well, thank you.",0
Hi there!,1
Thank you so much for donating!,0
Thank you for being so giving.,0
No thank you.,0
Thank you,0
Great question.,1
"Save the Children makes sure to give as much as they possibly can, because they understand that when it comes to people who are starving, every penny counts.",1
I rather put my money into this charity then church offering because I know it directly helps children.,1
Cool thank you.,0
"Thanks very much, nice speaking to you.",0
Thank you again.,0
That's awesome.,1
This donation directly goes to children's charity called Save the Children and thanks you so much for this help.,0
Then there is another charity I like a lot which allows for really small donations.,1
"no this one time is good, thanks",0
Yes.,1
Thank you so much.,0
Thank you so much!,0
Thank you for letting me know.,0
"Thats great, Thank You",0
I don't purchase coffee,1
"That is fantastic, thank you!",0
OK thanks.,0
I can imagine!,1
"Ok, thank you for your time and donation, have a great day!",0
$2 you won't miss.,1
How do I donate?,1
Thank you and have a nice day,0
"Thank you for your time, and for the opportunity.",0
i donate sometimes.,1
Thank you,0
we need 10 chats each to complete this hit,1
"Thank you very much, have a nice day.",0
I don't think so.,1
I would do anything to protect my son,1
This reminds me of Ronald McDonald as well,1
What kind of health benefits to they provide to the children?,1
"you would help me , thank you for your conversation",0
It's sad to think being born in the wrong conditions can have such a lifelong impact.,1
How much does a $1 dollar donation change a child like Mim's situation?,1
Thank you.,0
You are very welcome and thank you for being so generous!,0
Thank you very much.,0
Thank you for your donation.,0
Great! Thanks so much and I'm just so happy to be able to donate,0
Thank you.,0
Thank you so much.,0
No thank you,0
Thanks for the information.,0
Thank you for your time.,0
Not really.,1
Thank you.,0
I may consider a donation.,1
Its very important what they do.,1
Thank you!,0
Yeah there is a bunch of infomercial crap on the top but if you download the actual report then you find the actual financial data.,1
It's save the children.,1
It will be collected by the research team and sent to Save the Children.,1
How much are you planning to this year?,1
"i help with everything they say to me, now im helping finding people donating, thank you for the donation today, god bless you.",0
"Thank you again, and I hope you have a wonderful day!!!",0
Thanks for telling me about it.,0
And thanks for helping!,0
Especially those who are very wealthy themselves and don't care to make a difference,1
"Thanks, warmest regards from Alabama",0
I am poor and I can relate to the children who are also poor.,1
"Thank you again, and have a great day.",0
Thanks!,0
No thank you.,0
How about you?,1
"Thank you for your time, have a great day.",0
It's always warm here.,1
"Okay great, is there parking for the venue or should i get a taxi there?",1
all children's using in the children's charity.. and all peoples join in the children's charity....,1
Thank you for your contribution!,0
Thats great!,1
"You'll be really happy you did, trust me.",1
Thank you for your guidance.,0
"Yes, I was just reading about the charity myself.",1
Basically they work to protect children around the world.,1
No problem!,1
"Oh thank you so much, you have no idea how much that .50 will mean to those children, thank you very much and have a wonderful night you blessed soul.",0
"Cool, Thanks for your donation of $0.15 The research team will collect all donations and send it to Save the Children.",0
"Once again, thank you for your donation.",0
thank you for donating,0
How's it going today in your part of the world?,1
You can do that right now.,1
"Very well, thank you.",0
"Ok, thank you for your time and donation, have a great day!",0
Oh wow that is good to know.,1
Thank you so much for donating!,0
"Yea, I think thats most important.",1
But it's only .30 of the money you are saving.,1
I agree!,1
While it is true that relief is also needed domestically.,1
Thank  you,0
Well i hear you.,1
"In 2015, 183,000 sponsors like you supported programs that directly benefited more than 2.8 million children in 23 countries around the world ??Â¸??Â¸ including the United States.",1
"Thank you I am not trying to get you to donate any more than that, I just want you to realize what a great impact you will be making on the world..",0
Yeah hopefully,1
Thank you for chatting with me.,0
Sure.,1
No problem thank you,0
Thank you for your contribution!,0
"It's a very valuable cause, and afterall, they have won up to 7 awards.",1
Thank you for your donation as i guarantee you donation goes towards to the children,0
Good point.,1
A lot of charities are just a name and they don't do what they promise.,1
"sure, it's  URL There you will see that for the price of a soda you can help a child in need.",1
"Awesome, thank you!",0
Thank you so much.,0
Helping them is very important as is helping our children here.,1
"well like I said, any donation is a good donation.",1
Thank you for your kindness.,0
"Thank you so much for your donation, every bit helps :)",0
Hi there!,1
What type of people or who manages this fund?,1
Which charity have you donated to?,1
What forms of payments are accepted?/,1
Thank you so much for donating!,0
"Absolutely, and actually you have an opportunity to donate some of your HIT to this charity to help these kids out, and you can donate any amount  up to the total amount of your HIT to help these kids out, interested?",1
You are very welcome and thank you for being so generous!,0
i will be working all day.,1
"Oh, ok.",1
Thank you.,0
"Thanks, that is awesome",0
"That is fantastic, thank you!",0
"No, not currently.",1
Thank you.,0
How much am I allowed to donate?,1
"thank you for the information, I think I am ready to donate",0
Very well.,1
"anything helps and It would make me feel better to know that I tried even if it not a big amount, I will donate what I can and continue.",1
"So it's true, there is a lot of corn in Indiana. lol",1
"Again, no thank you",0
Thank you again,0
Thank you!,0
thank you.,0
I like to donate money and time to charities that help children so I also want to thank you for educating me on this charity!,0
"Sounds good, thank you!",0
"Yes, $1 - thank you",0
I think it's important to help children from our country and also others.,1
I think I would like to see my donation go towards medical care.,1
Thank you very much for your generous increase in the donation amount.,0
Hello there.,1
So how would I donate if I chose to do this today?,1
Thanks for your time too.,0
"Essentially a lot of it was relief for the poor, in the form of shelter, clothing and food.",1
Are you used to people ripping you off here lol.,1
alot of the children are in war zones and facing daily threats of violence.,1
Thanks again!,0
No thanks.,0
Wow thats great.,1
it does.,1
Thank you for your donation!,0
Sometimes we're in a better place and we have to do what we can to help their conditions a little bit.,1
So are we agreeing to send $5 to save the children?,1
What are their goals?,1
Yes I have,1
It benefits every where not just war torn countries,1
I will just go ahead and do the $20.,1
Thank you. You too,0
"I'm great, thanks.",0
"Thank you so much, same to you!",0
Thank you on behalf of these kids.,0
save the children is a non-profit organization that help the children all around the world.,1
"Your donation would make a difference to children among 120 countries, including the United States.",1
"Well, it was nice to meet you and thank you for agreeing to donate today!",0
"All of my payment, the entire $2.",1
"Oh, that's totally awesome!",1
Thank you for chatting with me.,0
Thank you so much for telling me about this.,0
"You should consider that link, explore it, and make a small donation.",1
Thank you for supporting the children of the world.,0
You can donate by choosing an amount of your task payment from $0 to all.,1
Thank you for your donation!,0
You can choose any amount.,1
Thank you so much.,0
Yes!,1
"Thanks, especially Syria children affect more so I really worried about his future.",0
"Hey, before I forget, I did not tell you about the weather here.",1
Thanks for your donation.,0
alright i believe that;'s it,1
Have a great day and thanks for the chat!,0
It does.,1
Thank you very much for your $10 donation to Save the Children.,0
Thanks I would appreciate your help.,0
Thanks for talking me thru this today!,0
"Thank you, you too sir.",0
Hello?,1
Do they help people here in the USA?,1
Thank you and have a great day,0
Yes me too,1
thank you so much for this.,0
Thank you for all that you are doing.,0
Thanks!,0
"Well, thank you for wishing me well.",0
9% fundraising and 5% goes towards keeping the charity running like salaries etc,1
wow! thanks on behalf of the organization! that is generous!,0
That is good.,1
Im fine thank you.,0
Thanks I would appreciate your help.,0
Thank you!,0
I understand.,1
"I'm doing great, I hope all is well.",1
You donation combined with others always makes a difference.,1
So i'd really like to thank you for your interest and time.,0
Ok-thanks-I will be waiting to hear from them,0
"From what I understand, they are on stand-by and ready to provide help if needed.",1
"I don't have that information at hand, but even .30 cents goes a long way!",1
Thank you.,0
That great and thanks for your generousity!,0
Would you like to donate?,1
It must save time and transaction fees for the charity that way.,1
Do you know where the charity is headquatered?,1
Thanks for your time and effort.,0
No problem thank you,0
It only takes pocket change for us to help out.,1
Thank you so much!,0
And thank you.,0
"OF course, it will be great for all around, my daughter to see that she should do things like this out of kindness and for the children , thank you",0
thank you very much,0
"I'm doing well, a little tired.",1
"I am well, thank you",0
I'm doing well thank you,0
Thank you!,0
Thanks for the info I will check it out,0
this is the most important thing for them and to make some happy ones,1
Hello how are you this morning.,1
"Yes, Well I thank you again for your donation and I wish you a very happy rest of your day!",0
"In the first two months of 2018 alone, 1,000 children were reportedly killed or injured in intensifying violence.",1
thank you again for agreeing to donate a portion to save the children.,0
That's very helpful.,1
"Again, no thank you",0
"Thank you, I would like to make a 50 dollar donation but first.",0
It doesn't seem fair that some kids are born into bad situations through no fault of their own.,1
"Thank you, that is wonderful and you will help a tremendous amount!",0
not really.,1
Thank you.,0
I think they are important; and there are several focusing on distinct issues.,1
Fine how are you?,1
"I agree, Save the children foundation work with the children through out their lives to make sure they grow up in a safe environment and get a chance to succeed based on their website.",1
"It's not much, but I don't have much money.",1
"Great, thank you!",0
"T hat is correct, I hope you are interested in donating today.",1
Thanks so much!,0
Thank you again for donating $10 to Save the Children.,0
same thanks for the advice have a good one keep spreading love,0
Definitely!,1
Thank you so much for taking the time to speak with me and also for your donation.,0
Well yeah that's why im giving them the dollar?,1
Thank you also.,0
Thank you and have a wonderful day,0
Thank you :),0
Thanks for agreeing to donate!,0
Good thanks.,0
"Great, thank you!",0
do you work for them directly how did you get involved in this?,1
"Hi, I'm doing OK, how are you?",1
Thank you once again for your donation and feel free to spread the word about the charity to others!,0
Thank you very much.,0
"Okay, the charity will greatly benefit from your help!",1
Thank you for your time.,0
What do they do exactly?,1
I absolutely understand.,1
can I tell you about a charity called Save the Children?,1
Thank you so much.,0
I know they appreciate any donation big or small,1
Thanks again.,0
"no this one time is good, thanks",0
"Thanks for the info, guess I am skeptical.",0
"I'm well, thanks",0
Thank you so much for your time and donation.,0
Thanks for doing your part!,0
There are so many charities that claim to do the same things.,1
"Yes I am, thank you for asking.",0
Thanks again for chatting with me.,0
I'd love to visit one of their facilities.,1
"That is wonderful, thank you for all the information.",0
What is your recommendation on how we can help,1
Yes it does and thank you for the donation,0
Ok I understand that you would like to donate .05 of your payout to save the children.,1
"Everyday 16,000 children die before their 5th birthday, 1 out of 80 flee the country and risk everything, and 1 out of 6 kids aren't enrolled in a school or getting education that they need",1
"I will look in to donating my time locally, thank you!",0
Perfect.,1
good thanks.What about you?,0
"I am doing fine, thanks for asking.",0
"i help with everything they say to me, now im helping finding people donating, thank you for the donation today, god bless you.",0
"Well, thank you for wishing me well.",0
They are very renowned.,1
Thank you for letting me know.,0
Glad to know it will go to a child in need.,1
hello i am fine thank you,0
Oh that's pretty great.,1
It really is a great charity and has been around for over 100 years!,1
"That's great, I guess the donation will be deducted from your turk payment for this task directly.",1
Have you ever donated to them?,1
How much would you like to donate to save the children?,1
"thank you for the information, I think I am ready to donate",0
"Yes you can write them letters and they can write you back, thanks!",0
Thank you very much forthat info you have been very helpful!,0
Your donation is part of the solution and you realize how it is a morally responsibility obligation .,1
Generous?,1
Thanks for doing your part!,0
I've lived for 76 years and have only experienced two reasonably good presidents.,1
I've always felt confident donating my time and money to a charity called Save the children.,1
I\'m sure you could give $2,1
Some of their members even travel to different countries to help in person.,1
"Every day, 16,000 children die before their 5th birthday, mostly from preventable causes.",1
Thanks for your quick responses btw.,0
Thank you.,0
"Education, health care, vaccinations etc.",1
This year we are on track to hit 3 million thanks to generous people like you!,0
thank you so much for this.,0
Thanks for your time and effort.,0
are you involved with charity,1
Thank you for letting me know.,0
"No, I didn't know but thank you for telling me!",0
"They're international - a pretty solid, well-known organization with a good track record.",1
That's true also,1
no problem thank you for donation 0.60 to save the children,0
Thank you again for donating $10 to Save the Children.,0
I'm glad they do that but there are many charities that claim to do the same thing.,1
Ethical charities do.,1
"They detail how every dollar is spent, as required by law.  =)",1
You too and Thanks again!!,0
Thanks for being aware of that particular nuance.,0
That is freat!!,1
Thank you too.,0
I'm good thank you!,0
"Well I hope you have a wonderful day and on behalf of the charity and the children it is going to, thanks for your help.",0
You can choose any amount from $0 to all of your payment,1
"it does, and charities can go further with the amount of money donated.",1
Thanks.,0
I wish I could do something to help.,1
I have seen kids dying of hunger in those countries at war.It breaks my heart,1
A cause that you believe in.,1
"Yes, most definitely.",1
"Thanks, that is awesome",0
"I'm doing well, thank you!",0
Thank for answering my questions.,0
Have you heard of this charity?,1
Thanks!,0
Thank you too.,0
thanks so much!,0
"Okay, so we are in agreement on the amount and donating, what else do we need to discuss?",1
I think this is my last.,1
"I like to think so, yes.",1
"I am fine, thanks!",0
Thanks for your attention and help.,0
Ok..,1
Thank you!,0
Alright thank you for contributing to Save the Children.,0
I think donating to this cause would def be a step in the right direction to hopefully helping across the world the children that are in dispair.,1
"Yeah, I have one, but I don't use the camera.",1
Yeah.,1
Thank you.,0
"awesome, thank you so much",0
Thank you!,0
I'm good thank you!,0
Thank you for being so giving.,0
I help promote the organization by speaking to people just like you and helping to generate donations.,1
"Whatever you choose to do or the amount you want to give, I feel like you've changed my mind about charity, not the other way around, so I want to thank you for that.",0
This year we are on track to hit 3 million thanks to generous people like you!,0
"Yes, thank you.",0
How do YOU feel about the work this organization does?,1
The research team will collect all donations and send it to Save the Children.,1
If you have nothing to hide then this would not be a problem.,1
There is no greater service than to help.,1
"Okay thank you, the charity really appreciates your donation today and thanks you, how much would you like to do?",0
Thank you.,0
"you would help me , thank you for your conversation",0
No thank you,0
do they help children in africa,1
The number of death worlwide has been reduced,1
Thank you!,0
Thank you.,0
Your donation will be directly deducted from your task payment.,1
This year we are on track to hit 3 million thanks to generous people like you!,0
"Thank you ""PERSON_1""",0
"Well, I know that the research team for this task can take a portion of our payment and send it directly to the Save the Children.",1
John Cena has granted 400 wishes!,1
Do you have a moment to talk about children causes?,1
Thank you for being so informative and helpful!,0
"Thank you, but no.",0
Have you ever donated to them?,1
Thank you for your kind words.,0
Thank you,0
"You have a lot of knowledge, thanks for sharing.",0
well with this charity we all know it is to help to save the children and I agree you should question other donations because together we can help keep the children nourished,1
Thank you for all that you are doing.,0
I hope that more people will donate a portion of their income.,1
What is $2 to you when that money can literally save lives over there?,1
Likewise to you.,1
"Hey, kind of tired but overall good.",1
I just hope the donation does help and do wish it could be more.,1
"Thank you, it will help out children in need.",0
This will help out tremendously!,1
That fine...,1
Yes i do i actually watch a family on youtube that raises money every year live streaming for save the children and all the money they receive goes to save the children,1
I would like to donate 20 cents,1
Would you be willing to atleast donate some of what you are getting paid for this study?,1
What do we do about it?,1
Are there any other charities I can donate to?,1
"Ok, $5 is a great amount make sure when its time to donate you deliver and the children will be proud.",1
Good morning!,1
"I would be too, It is not easy to trust these days",1
You would be shocked at how many children live in poverty here in the United States.,1
"Hello, How are you doing today?",1
"Save the Children is an international non-governmental organization that promotes children's rights, provides relief and helps support children in developing countries.",1
Heart breaking.,1
Thanks again for supporting such a great cause! :),0
"Same here, It is also nice when I can donate anonymously.",1
"The children will thank you, do you think you can do a little more?",0
Thank you.,0
Thanks again!,0
I would like to keep the payment for this HIT.,1
"Well, you would just tell me what you would like to donate out of your $2.",1
Ya... I feel very bad for those children's.,1
I'm just waiting until it's time to go volunteer at a local children's hospital...,1
That wonderful! Is there anything else I need to do?,1
Ugh that is rough..  Nobody deserves that in this world,1
Thank you so much!,0
I would like to encourage you do donate a part of your earnings for this HIT to a charity called Save the Children,1
Yes!,1
Wow.,1
Every little bit helps.,1
Thank you so much!,0
Have a great day from Illinois!,1
Good things will happen to you when you do good things for others.,1
How are you doing today?,1
"Great, thank you very much",0
Oh for sure.,1
"Again, no thank you",0
"I'm doing well, thanks!",0
Thank you for your generous donation.,0
You can Sponsor a child for just $36 a month,1
Thank you so much!,0
About 1 dollar per day.,1
"They work world wide providing both support in the US and overseas, the US chapter was founded in 1932 following the great depression, and today their team goes where other's cannot - to the most rural communities in the US.",1
"The Save the Children Fund, commonly known as Save the Children, is an international non-governmental organisation that promotes children's rights, provides relief and helps support children in developing countries.",1
Thank you for the compliment and your generous donation !,0
I am doing really great.,1
Thank you!,0
sounds good thanks,0
Have you heard any break thought about this charity?,1
I have considered it.,1
Are you going to donate also?,1
it would be great,1
Thank you for your kindness.,0
thank you sir.,0
That's great! Thank you very much for your donation!,0
Im fine thank you.,0
Thank you. You too,0
On behalf of Save the children i would like to say thank you for your donation and have a great day!,0
No thank you.,0
Thanks for your help and have a good Turk day :D,0
thank you.,0
I was going to ask you the same.,1
"I thank you very much, with what you know about save the children",0
I am planning to donate.,1
Thank  you!,0
I find it very fulfilling to give back,1
Your donation will be directly deducted from your task payment.,1
That is fantastic!,1
Thank you.,0
Do they provide for the millions of hungry kids here in the USA?,1
It makes me feel that even though not enough I have done a little something.,1
"I started back in college, when an extra few dollars a month was a lot to give, and now that I've moved on in my career and life I'm thankful I'm able to give more.",0
Thank you!,0
No.,1
"Once again, thank you for your donation.",0
So how do we finish this conversatin then?,1
"I am well, thank you",0
Thank you.,0
"Thank you, you too.",0
thank you and hope it helps,0
You as well. Thank you for the chat :),0
Thank you!,0
No problem thank you,0
Thank you!,0
I do have a few questions first.,1
yes it is a organization do you know more info,1
I think we need to help those here first.,1
Thanks for that.,0
"However much you want to donate up to the .30 but of course the more you give, the better off the kids will be and the better off these entire families will be. Imagine how much can be raised if everyone donated a single HIT to these kids.",1
"I'm well, thanks",0
The research team should send you an email after your donation is sent!,1
I think our must move cautiously to deal with this country.,1
It's surprising how little can make an impact on these kids.,1
I fell so bad about it also.,1
Parts of this world are so dark...,1
"Fine, thank you.",0
I can donate the .30 base payment but I am still very curious on donating outside the HIT.,1
Thanks.,0
I bet others you know will do the same when they see you donating to a great cause.,1
Thank you.,0
I will not donate anything $0.,1
Thanks again.,0
I was going to make a plea and ask if you would be willing to donate to Save the Children.,1
Thank you so much!,0
The research team will collect all donations and send it to Save the Children.,1
"I am fine thanks, It's not been a long time I am on MTurk, but It is interesting how they are working on donating, Are you interested in donating?",0
Do you currently donate to your charity?,1
The children from around the world will surely be thankful as well.,0
Thank you so much for your generosity.,0
"Yes, it is a very noble cause",1
"Ok, well thank you for your time and telling me about this wonderful organization.",0
thank you so much for this.,0
Thanks for the info I will check it out,0
how often do you donate?,1
"I really like them, I've volunteered for them before.",1
"Thanks, especially Syria children affect more so I really worried about his future.",0
"Fine, thank you.",0
How are you today?,1
"Thank you again, and I hope you have a wonderful day!!!",0
"Your donation will help ensure children's rights to health, education and safety.",1
"I'm doing swell, thanks for asking!",0
It feels good to make a difference if only for one child,1
"Thank you, I would like to make a 50 dollar donation but first.",0
And every little bit can add up.,1
Thank you so much!,0
"I'm doing fine, thank you.",0
It makes me very sad!,1
"No, thank you!",0
i suppose,1
"You have a lot of knowledge, thanks for sharing.",0
"Yes, thank you.",0
Thank you.,0
"Thank you, I would like to make a 50 dollar donation but first.",0
Can I donate $30 a month?,1
You would be doing a great service and the charity will be so thankful.,0
Thank you very much.,0
Have you no empathy?,1
Your donation will be directly deducted from your task payment.,1
"yes, that would be great, I like to compare to see.",1
how about .50 cents,1
Thank you for the compliment and your generous donation !,0
"Save the Children is an international non-governmental organization that promotes children's rights, provides relief and helps support children in developing countries.",1
"Thanks, warmest regards from Alabama",0
i plan on donating to save the children,1
Well that is really great.,1
Your donation will be directly deducted from your task payment.,1
"Thank you very much, have a nice day.",0
"Thank you very much, have a nice day.",0
hi how are you today?,1
yes i would like to,1
I want to thank you again for bringing awareness to this important charity.,0
I am good thank you.,0
"ok thank you sounds good,",0
ok thank alot,0
Thank you very much!,0
"Thank you so much, same to you!",0
However I will donate later.,1
I hope lots of people donate to you.,1
"If that's all you feel comfortable donating, the charity would be very appreciative.",1
"Okay thank you, the charity really appreciates your donation today and thanks you, how much would you like to do?",0
I'm sure it is not easy for organizations to get charitable work done but I am grateful they try and that others get involved.,1
no problem thank you for donation 0.60 to save the children,0
Have a wonderful night.,1
That makes my heart so happy.,1
"Yes, your donation will go to help one of millions of children.",1
You as well. Thank you for the chat :),0
"I'm doing well, thanks!",0
This donation directly goes to children's charity called Save the Children and thanks you so much for this help.,0
"Yes, thank you.",0
Thank you so much for your generosity.,0
"Even one cent will add up to help a child in need, but if you wish you may donate up to 2 dollars.",1
How much you ready to pay for children?,1
Thank you and I do not want to be rude but I am straight talking person,0
Then you will do 100,1
Have you ever volunteered?,1
I am glad to help!,1
"I am fine thanks, It's not been a long time I am on MTurk, but It is interesting how they are working on donating, Are you interested in donating?",0
"Another charity I read about is Reach Out and Read, they supply used books to doctors offices to help kids read by educating the nurses on talking to parents about the importance of reading.",1
"Is this the same group where people used to ""sponsor"" a child?",1
What do you think I should donate?,1
"That's right, how do you help children?",1
I love the fact that it is a non-government organization that promotes children's rights and helps to provide the support in those developing countries.,1
This is a wonderful charity that has been around for many years!,1
"Well I volunteer for another nonprofit organization, but I guess I am a volunteer in a way trying to encourage people to donate money.",1
"Thank you, I'm sure the children will appreciate it.",0
"Thank you so much, same to you!",0
ok then i will donate half 15 cents,1
I help collect donations so the optimum number of children can be helped.,1
absolutely thank you so much!!,0
Are you sure you do not want to make a small donation?,1
Thanks so much.,0
Thank you for your time.,0
Thanks for the information.,0
"I am fine, thanks!",0
Thank you.,0
Thank  you,0
"Thank you for donation, there will never be enough people like you in the world!",0
So do I provide my email to you?,1
"Admittedly, Save the Children may also have urban programs, but I drew the above information from their website, which you can find at  URL",1
"Whatever you choose to do or the amount you want to give, I feel like you've changed my mind about charity, not the other way around, so I want to thank you for that.",0
Thanks very much for your time.,0
"hehe, I meant rather then lining someones pocket....",1
So i'd really like to thank you for your interest and time.,0
"I thank you very much, with what you know about save the children",0
"ok thank you sounds good,",0
"Thank you so much for your donation, every bit helps :)",0
Would you like to donate?,1
"I know, it always amazes me how many children are suffering around the world.",1
"Thanks for the info, guess I am skeptical.",0
"Nonetheless, if your views are small and you only look at these donations at a high price, then small donations wouldn't count for anything.",1
Sometimes I wonder how much it could help someone else instead of just satisfying my cravings.,1
"Thanks i will, i think thats 10 too",0
Thank you for filling me in on information regarding the charity,0
Finnnnnne take the $1.25.,1
You have a moral responsibility.,1
"YOU CAN TRUST OUR  ORGANIZATION, YOU DONATE THE CHILDREN IS VERY HELPFUL TO THEY OF EDUCATION , HEALTH AND SAFETY. ETC.,",1
"That's true, not everyone has the means to give.",1
This donation directly goes to children's charity called Save the Children and thanks you so much for this help.,0
Thank you. You too,0
"Thank you, you too.",0
"Thanks, that is awesome",0
Absolutely.,1
Would like to receive a thank you from Save the Children?,0
Thank you!,0
Thanks.,0
Maybe ten dollars I can do.,1
I'm sorry I'm just not able to at this time but thank you for telling me about this organization.,0
What do you have in mind?,1
"From what I can tell, we can donate anywhere from 0 to $2 (the full payment).",1
I think children below the poverty line is most important,1
"several years now, different organizations.",1
"Well, STC is a great one!",1
Thanks again for supporting such a great cause! :),0
I am doing well thank you.,0
thanks,0
Thank you!,0
Thank you so much! What are you hoping your donation will help with?,0
"Ok, thank you.",0
And another :D,1
"No, thank you!",0
I work with chidlren of abuse.,1
Yeah I know.,1
"Thanks, warmest regards from Alabama",0
"That is wonderful, thank you for all the information.",0
its for the children,1
That is amazing.,1
Thank you so much.,0
If only the governments and politicians of the world would stop fighting and actually work toward that goal.,1
What other charities do you give to?,1
Thank you for being so giving.,0
Thank you.,0
"WOW, I was just going to ask you the same thing.",1
another thing on their site is a section that gives you ideas on different fundraisers you could have.,1
thank you.,0
I would give all you have.,1
"Save the Children is a worldwide charity that give children access to healthcare, safety, and advocacy thanks to donations like yours.",0
"I am doing fine, thanks for asking.",0
Thank you so much.,0
"I'm doing well, thanks!",0
How much do you like to donate today?,1
2=3 dollars a month,1
Thanks!,0
Thank you for your donation!,0
How come you are so stingy?,1
Hi how are you this day ?,1
"Thank you again, and I hope you have a wonderful day!!!",0
Thanks for your time too.,0
"Your a great person and thanks again, have a nice day.",0
Thank you very much forthat info you have been very helpful!,0
"Thanks for the info, guess I am skeptical.",0
"Instead of the typical charities that help children in a far away land, we here use state of the art location technology to help children in need right in your own community so you can see your money at work personally",1
I have to question that they have provided only tents.,1
"Thank you, have a great day!",0
okay done.. thanks,0
Yes I am interested.,1
How much would you like to donate today?,1
"It is going alright, thanks",0
Can I ask you a question?,1
ok thank alot,0
it is a nonprofit charity if i recall.,1
"Yes you can write them letters and they can write you back, thanks!",0
Okay. Thanks.,0
Is there a particular organization or charity you are thinking of?,1
Thank for answering my questions.,0
What charity do you usually donate?,1
True -- but how much money is currently being provided by US and NATO to help?,1
"No, but i will definitely donate within next two months",1
"Fine, thank you.",0
"Awesome, I'll head over there right now and support it thank you.",0
"In the first two months of 2018 alone, 1,000 children were reportedly killed or injured in intensifying violence.",1
"Together, we're changing children's lives and the future we all share.",1
How long has this charity been around?,1
a few times,1
Thank you so much for telling me about this.,0
Thank you so much.,0
Thank you so Mich for your donation!,0
I most likely will.,1
Thank you very much forthat info you have been very helpful!,0
I am fine thank.,0
What are your plans today?,1
"All right, thank you for your time.",0
every little bit helps.,1
"n fiscal year 2017, 86% of all expenditures went to program services.",1
The more the better.,1
"Thanks for the info, guess I am skeptical.",0
Thank you!,0
Thank you so much.,0
So that will be a total of .25 being donated in this conversation alone.,1
Are American children more important than non-American children?,1
Perfect thank you for the information.Is there a website where I can check it out and donate?,0
What was life like for you growing up?,1
"At least you're doing some good, though.",1
"I am doing fine, thanks for asking.",0
I just want to thank you for helping out this great charity.,0
Thank you for your time.,0
Thank you!,0
"All right, thank you for your time.",0
Nice move.,1
It is sad that there are charities that pop up that end up using more of the funds for their own needs rather than a legitimate one like Save the children that has verifiable credentials and obvious international impact.,1
Thanks again for chatting with me.,0
Thank you very much.,0
Is this okay?,1
This one ensure that children get the money,1
Makes sense you gotta keep the engine running.,1
Hey!,1
at least I try.,1
That's really a great cause.,1
Would you care to donate a little bit for the children?,1
"ok, thankyou for your time.",0
yes of course!,1
"Over 1,000 children die every 2 months in Syria from starvation and violence.",1
Thank you :),0
Much of the funds donated go to help children dealing in the war torn violence of Syria.,1
That would be great.,1
Thank you.,0
Thank you for your kindness.,0
"Do you have any children yourself, or do you plan to in the future?",1
I don't know that I can donate a dollar.,1
"We are so lucky to live in a country where there is help available to us such as Medicaid, food banks and other organizations to help us.",1
"ok, thankyou for your time.",0
I guess we're supposed to be talking about a children's charity..?,1
anything else?,1
Thank you.,0
Thank you for your time and effort.,0
Okay I'll put it in my quarter if you put in yours and have an awesome day!,1
Have a great day and thanks for the chat!,0
Do you mind if i give you a little information about them?,1
I tend to make donations to a emergency children's shelter.,1
this is true.,1
"Save the Children is a worldwide charity that give children access to healthcare, safety, and advocacy thanks to donations like yours.",0
Thanks.,0
Imagine your precious child going through it every day.,1
It makes my heart happy how people know about these organization and they actually donate,1
thank you very much,0
Thank you very much!,0
I like the fact that it's an international organization.,1
"That is fantastic, thank you!",0
No thank you as there is no guarantee to this. I'd rather donate locally,0
"On behalf of Save The Children, THANK YOU!",0
It doesn't have to be a full $500 donation.,1
If you donate right now from your task payment then you are donating money that you don't even have yet.,1
"Hi, how are you today?",1
You have a good day!,1
I prefer to prioritize charities where lots of people don't like the victims.,1
Thank you very much.,0
Thank you for the information you provided.,0
"These are good things to donate for, but I still don't know exactly how my, or anyone's donations are used directly.",1
Thanks!,0
You too and Thanks again!!,0
I can spare a quarter if it helps.,1
Thank you!,0
"Just so you're aware, a large part of their work is in war zones such as Syria.",1
I believe you can do it it in the chat.,1
I know it does I'll donate 5 dollars,1
Does it make you happy when you give to charity?,1
I am well thank you and you?,0
I am doing well thank you.,0
My families poor too and I don't get a lot of extra stuff like drinks and snacks.,1
"Yes, I am sure you get a lot of storms.",1
"Hello, how are you doing today?",1
Thank you for your time.,0
"However, I usually just give where I feel I need to and if people use it the wrong way, I believe they will get what's coming to them.",1
"I am not extremely familiar with them, but I have seen several ads for them.",1
No thank you,0
Thank you so much!,0
And thanks for asking me too.,0
Do you take credit cards?,1
No problem thank you for telling me about this wonderful charity!,0
Thank you :),0
thanks,0
chicago.,1
Thank you!,0
Thank you!,0
"I just read that The United Nations estimated last year 25,000 people still die of hunger daily.",1
i'm super broke right now,1
Thanks.,0
maybe just $0.01?,1
I have heard about it but would love to learn more about it,1
Will it help towards education?,1
Thank you so much! What are you hoping your donation will help with?,0
Thank you very much!,0
But you should feel good about this little amount.,1
"that good You knew that for every minute that passes, a child under the age of 5 dies as a result of the war in the Middle East",1
And you likewise to ask.,1
Thanks for making me aware of this charity!,0
I wish that in the future you also donate some,1
I am well today thank you.,0
Hello!,1
"No, they don't have any prejudice like that, it's strictly to help children in general who are in need",1
"The children we help are in desperate need, however.",1
Thanks!,0
How about you?,1
Even just a little helps them so very much.,1
"Yes of course, especially when the world is how it is today, and do you remember the debate about Kony in 2012?",1
That's motivation enough... to picture my babies going through what these kids go through.,1
"Me too, if only we could help!",1
Thank you so much for your generosity.,0
Thanks for your time too.,0
I like them because they are very transparent about where the money is going.,1
And thanks for asking me too.,0
Thank you very much.,0
"In fact, I've recently did some research on this charity and found so many community events that help children in general.",1
So we'll agree then: you can do both!,1
"Thank you, have a great day!",0
"Your a great person and thanks again, have a nice day.",0
ok thank alot,0
Thank you,0
Just a small  donation of .50 could help imact a childs life.,1
"Thanks for your dollar, the research team will collect all donations and send it to Save the Children.",0
"I thank you very much, with what you know about save the children",0
thank you for putting time on effort on this.,0
"This morning, I was also reading about an ebola outbreak in the Congo (I think).",1
"Thanks, have you ben to their site yet?  URL",0
Thanks!,0
You can choose any amount from $0 to all your payment ($2).,1
Thank  you,0
Like a one time donation of 100$ or so.,1
I will too.,1
I think children need help.,1
I will tell everyone about you today!,1
thank you sir.,0
D you have any more info?,1
thank you very much,0
thank you sir.,0
"So how much of your earnings will you give, for a child that needs to be saved today?.",1
The money will come right from your task payment.,1
Thank you.,0
Thank you.,0
Plus there are starving children right here in america,1
Thank you for all the information,0
Thank you For being able to be so kind hearted as well hope u have a great day and keep a smile on your face ;),0
"Save the Children is a worldwide charity that give children access to healthcare, safety, and advocacy thanks to donations like yours.",0
"Man, the site sounds good.",1
Thanks for the information.,0
"Ok, I thank you very much for your consideration!",0
"YES, I MONTHLY DONATE THE CHILDREN.",1
Thank you!,0
Thank you.,0
Just happy to be through with working.,1
Thanks.,0
yes you can,1
Thank you. You too,0
What are your plans for today?,1
That is fantastic and here is a link if you want to know even more  URL,1
"Yes, I would be willing to donate a small portion as well.",1
Im fine thank you.,0
Thank you for doing this.,0
tell me a joke to prove it.,1
"And thank you, I'm sure this week will be relaxing for me as well.",0
They can't do it without help.,1
"Yes you can write them letters and they can write you back, thanks!",0
thanks will do the same,0
Thank you very much.,0
Thank you!,0
Thank you.,0
This is a charity for children that are victims of war and hard times.,1
Thanks again for donating.,0
"Again, it was a pleasure meeting you and many many thanks for your kind generosity in the form of a donation.",0
Thank you so much for donating!,0
Thank you,0
thank you so much for this.,0
Thank you for the compliment and your generous donation !,0
every little bit counts!,1
"That's wonderful, thank you so much!",0
"maybe you will reconsider, acting today is the best way to directly help children and families in need.",1
"ok, thankyou for your time.",0
They helped cover the bills for it since he's in Africa.,1
"Great, thank you very much",0
I'm doing well thank you,0
I also found out that 86% of donations goes to services and only 5% goes to management.,1
yes i cant wait to be able to do more in the future yes it does feel good to know that will be going to a much better cause,1
Thanks for telling me about it.,0
Some people are born really well-off.,1
"I am well, thank you!",0
"Thank you so much for your donation, every bit helps :)",0
Thanks again!,0
that breaks my heart.,1
"I donate money to places, but I have not donated time.",1
I don't mind donating because I think the money is more important to them than it is to me.,1
Yes!,1
Thank you for your kind words.,0
Thank you so much.,0
I have!,1
how much will you donate,1
That sounds extremely awesome.,1
good thanks.,0
"I am doing fine, thanks for asking.",0
"ok thank you sounds good,",0
"That's wonderful, thank you so much!",0
thank you again for the 5 cents donation.,0
How long have you worked there?,1
Thank you on behalf of these kids.,0
Where does the other money go?,1
"I am fine, thank you, Have you ever heard about the organization ""Save the Children""?",0
Thank you for taking the time to help assist the charity and I hope that you have a wonderful day!,0
They help children mostly in developing countries around the world.,1
Thank you.,0
Are there different tiers of donations?,1
Thank you!,0
Thank you for telling me about this charity,0
Thank you for all that you are doing.,0
I'm doing very well thank you!,0
I'm doing very well.,1
"Well, the next best thing is to donate.",1
You would be doing a great service and the charity will be so thankful.,0
"It feels like so little, but if a lot of people do just a little bit, it really adds up!",1
Awesome.,1
Thank you for your contribution!,0
"Great, thank you very much",0
"You are helping to small childrens for their studies,etc",1
"I'm doing swell, thanks for asking!",0
That's so great.,1
Thanks and I think we can submit now,0
myself and Save the Children thank you for your time,0
I am not surprised to hear that at all.,1
How much do you like to donate to the charity now?,1
I think I'm going to donate about $2.00 right now!,1
I am doing well thank you.,0
good charity.,1
Perfect thank you for the information.Is there a website where I can check it out and donate?,0
Can you think about someone else but yourself?,1
Thank you so much for that,0
The work you do is important.,1
So i'd really like to thank you for your interest and time.,0
thank you.,0
Thank you!,0
"Ok, thank you for your time!!!",0
They do everything.,1
Thank you so much :),0
Donate to what charity?,1
Thank you too.,0
thank you and hope it helps,0
Thank you for your generous donation.,0
"Thank you I am not trying to get you to donate any more than that, I just want you to realize what a great impact you will be making on the world..",0
Please visit us at  URL to read more and make your first donation!,1
"I'm doing well, thank you!",0
Thank you so much.,0
Thank you so much for telling me about this.,0
"I think the refugee crisis is crazy, I am not sure what I would do if I was raising my kids in Syria.",1
their web address is  URL if you want to check out even more of what they are about,1
thanks.,0
thanks,0
"Thank you again, and have a great day.",0
Are you certain?,1
Do i pay online or how do I go about it?,1
ok great im in,1
Thank you for telling me about this organization,0
Thanks so much!,0
Thanks How much do you typically give to charity in a year?,0
The amount will be deducted directly from your payment and sent to Save the Children.,1
"It could go towards her education, because in her country the average girl only stays in school until 10 years old.",1
OK thanks.,0
"Okay, thank you.",0
We just love that they're so transparent with their spending and they give us concrete examples of why our past donations have helped them.,1
hi! how are you today?,1
Cool thank you.,0
OK thanks.,0
"That is wonderful, thank you for all the information.",0
Thanks so much.,0
I'm going to look that up.,1
So I can confirm you will donate five dollars?,1
Do you ever donate to worthy causes?,1
Thanks for your help and have a good Turk day :D,0
"I'm doing fine, thank you.",0
I am fine thanks.,0
Just need to investigate them a little more.,1
The research team will collect all donations and send it to Save the Children.,1
what would you suggest?,1
Cool no problem,1
"Children are more deserving in my opinion, because they are unable to care for themselves.",1
Thank you again.,0
Thank you!,0
Thank you!,0
I agree.,1
"I am doing good, thanks for asking.",0
You will help make a child's dreams come true!,1
I would be so pleased to try it but I do not have enough off days to join.,1
This is so true!,1
Thank you.,0
My life is awesome and your?,1
There's no paying online or entering payment info.,1
I wanted to talk to you today about a charity I am really involved in,1
Can I count on you to help these children?,1
"Hello, would you like to donate to our charity called Save the Children?",1
Thank you.,0
How do you feel about animal charities?,1
Thank you so much!,0
Thank you for your generosity!,0
That's nice.,1
"I'm not sure how much I would be getting from the task, but I will say $1!",1
Thank you very much.,0
Thank you,0
thank you so much for this.,0
How about $.15 today?,1
Is there a minimum amount you need to donate?,1
I love helping where I can.,1
What are your other plans for the day today?,1
awesome!,1
Of course not.,1
Thanks for your time too.,0
"So, do you want to donate any of your income to a Save the Children charity?",1
Well we do have four more turns talking to one another.,1
How much do you donate on average annually?,1
You get to feel good about yourself and do a good thing at the same time.,1
Thank you so much for even taking the time to consider it!,0
"I'm great, thank you for asking!",0
"But i know for sure that they help a lot of children, the question is can they do more with that amount of money?",1
I was glad to hear that.,1
"Okay, I will make a donation for $10.",1
not so fast what does the money go to,1
I have to get going.,1
same thanks for the advice have a good one keep spreading love,0
You?,1
"Yes, Hope you aware whats going with child who died from hunger",1
"I'm doing fine, thank you.",0
They really make a difference.,1
I think most people would help just to help.,1
"Great, thank you!",0
What do you know about it?,1
OK thanks.,0
You can even just give a very small portion of your compensation from this hit.,1
You too and Thanks again!!,0
"Oh yeah, absolutely!!",1
"That's right, thanks for showing me the page, I will help many children, today I want to sponsor 3",0
"Thanks i will, i think thats 10 too",0
All of us should be in this world together.,1
You go the extra mile for that child and I know he appreciates everything that you do for him.,1
"No, thank you!",0
I just want to thank you for helping out this great charity.,0
Great!,1
Thanks.,0
Are you a sponsor?,1
I am doing well.,1
"Welcome, thanks for talking",0
Thanks!,0
Thanks so much!,0
Hey there :) How are you feeling today?,1
Thank you,0
thank you for donating,0
Could you tell me more about the charity?,1
You can sign up at :  URL,1
that might be something that would interest you in the future,1
no problem thank you for donation 0.60 to save the children,0
Alright I will donate.,1
Thank you for your generosity!,0
I'm not sure what 'legalese' you refer to.,1
I got involved with thei website.,1
Ok thank you,0
Yea.,1
Thank you,0
Thank you.,0
I am well today thank you.,0
"If you can promise me that none of the money will go to help ANY Muslim child, then I will donate two dollars from my payment",1
How much would you like to donate?,1
Thank you so much!,0
"they help give children rights to proper health care, education and safety and such.",1
And thank you.,0
"OH, yeah food please.",1
"That's right, thanks for showing me the page, I will help many children, today I want to sponsor 3",0
Thanks for agreeing to donate!,0
Thank you and I do not want to be rude but I am straight talking person,0
"Cool, Thanks for your donation of $0.15 The research team will collect all donations and send it to Save the Children.",0
How do I donate then?,1
Ok-thanks-I will be waiting to hear from them,0
"he money goes to the charity as a whole not to a particular kid, so when you donate you know you helping more than one child.",1
Thank you for your donation!,0
Because you can use some of that money to donate to Save and Children?,1
"I am well, thank you.",0
Thank you on behalf of these kids.,0
Thank you!,0
I recognize it too.,1
Are you familiar with the one where they make dreams come true?,1
I am well today thank you.,0
So tell me about this charity.,1
"Yes they can, thanks again",0
You should have the option coming up to help you make a donation.,1
I've heard a little bit about it but don't know too much.,1
Can't say I have,1
Thank you so much.,0
"Thanks i will, i think thats 10 too",0
Thanks for your help and have a good Turk day :D,0
and where are you from?,1
Thank you for your recognition.,0
I am wondering if you have heard of the Save the Children campaign which is an awesome charity that is always looking for new donors to help them out.,1
"Save the Children is a worldwide charity that give children access to healthcare, safety, and advocacy thanks to donations like yours.",0
Money can be used in so many more meaningful ways..,1
"yes, i do.",1
All I need is your Paypal email and I will submit a request for the donation so that all you have to do is accept it.,1
thanks!,0
"Some of the causes they support include Emergencies (38%), Health and Nutrition (36%), and Education to more than 136 thousand children all over the world.",1
Thank you for telling me about this charity,0
Do you donate much to charity now?,1
"I do not feel guilty, did you donate?",1
Thank you for your kind words.,0
Don't you think every child deserves a long and happy life?,1
"Thanks, warmest regards from Alabama",0
"Thank you again, and I hope you have a wonderful day!!!",0
You are very welcome and thank you for being so generous!,0
Thanks.,0
That is a generous donation!,1
"Thank you, it will help out children in need.",0
The research team will collect tall donations and send it to save the children,1
thanks again,0
I always they to donate when ever I am able.,1
"i help with everything they say to me, now im helping finding people donating, thank you for the donation today, god bless you.",0
Thank you!,0
Where would you like to focus your donation?,1
"I agree, that doesn't happen with this charity, most of the money goes to helping the children",1
Thanks for your quick responses btw.,0
I truly believe that most charities are so needed in these times when the governments and the corporations aren't being super charitable.,1
Thank you again.,0
Thank you for your generosity!,0
Alright thank you for contributing to Save the Children.,0
I have.,1
You can choose any amount from $0 to all of your payment.,1
Do you have any children?,1
"It was founded in 1919, on April 15th in London - UK.",1
"I'm doing fine, thank you.",0
"That is wonderful, thank you for all the information.",0
Thank you.,0
THanks to Save the children.,0
Yay! How much would you like to donate?,1
But I plan on doing 10,1
thank you again for agreeing to donate a portion to save the children.,0
Thank you.,0
Thank you!,0
Do you want to donate some too?,1
"If I donate, what do I get in return?",1
I figured they would be in a more prominent area!,1
I would like to personally thank you for that.,0
Do the donations actually help the organization?,1
You would be doing a great service and the charity will be so thankful.,0
Yes children should have access to healthcare and basics needs,1
Thanks for the info I will check it out,0
"thanks, same to you.",0
It makes you look at your own children (if you have any) and think if that was them how would I cope?,1
Thank you so much.,0
You can choose any amount from $0 to all your payment.,1
Yes that is very true.,1
You can surely spare $2,1
"Well it's $39 a month, so $468 annually.",1
Thank you!,0
Thank you :),0
"Ok, thank you for your time and donation, have a great day!",0
"Whatever you choose to do or the amount you want to give, I feel like you've changed my mind about charity, not the other way around, so I want to thank you for that.",0
"no, can't say I've been",1
They are children.They did not ask fot this.,1
"Yes, so I think it is a good idea to donate to the childrens charity.",1
"Cool, Thanks for your donation of $0.15 The research team will collect all donations and send it to Save the Children.",0
Thank you for supporting the children of the world.,0
Very well thanks.,0
Would you like to hear more about our organization?,1
Thank you very much.,0
you can donate what ever you would like!,1
Thank you so much.,0
They have been making the difference for so long.,1
Thank you very much!,0
i'd donate more but i don't have much myself,1
I've never been on an MTurk Hit like this.,1
"I'm doing well, thanks!",0
Thank you for your time.,0
"Well, I don't have much money right now.",1
myself and Save the Children thank you for your time,0
"Thank you for your time, have a great day.",0
"No, thank you!",0
Awesome.,1
It's not all given to the filthy rich CEO.,1
They provide kids with the basic things they need like food and clothing.,1
Thank you very much.,0
helping children without parents is the most altruistic thing we can do,1
"That is wonderful, thank you for all the information.",0
"Okay, that sounds great!  Thanks!",0
I think I will donate about 20 dollars.,1
"Hello, yes I am willing to donate my payment from this task for the Save the Children charity",1
"Thanks i will, i think thats 10 too",0
I think I've seen their commercials.,1
"That is wonderful, thank you for all the information.",0
Anything is helpful.,1
Great! Thanks so much and I'm just so happy to be able to donate,0
Thank you.,0
"Thank you so much, same to you!",0
Good thanks!,0
You can choose any amount from $0 to all of your payment.,1
Good to know.,1
Thank you!,0
You too and Thanks again!!,0
Do you regularly donate your time or money to Save the Children?,1
We do whatever it takes for children ??Â¸??Â¸ transforming their lives and the future we share ??Â¸??Â¸ because we believe every child deserves a future.,1
NO I do not agree.,1
I volunteer at a local food bank.,1
Amazing outcome and we still get a good payment,1
"I'm doing swell, thanks for asking!",0
"Oh, mine just says ""children\'s charity"" but does not mention any specifics.",1
"Of course it's your decision, in the end.",1
Thank you For being able to be so kind hearted as well hope u have a great day and keep a smile on your face ;),0
Thank you!,0
They also advocate for schooling and provide opportunities for families to get ahead.,1
"Then in the future, I can donate more.",1
"Great thanks, Im here to talk about the childrens charity.",0
Thank you so much!,0
"Your donation would make a real impact on many children, who have no acess to medical care, clothing, or education",1
"That's right, thanks for showing me the page, I will help many children, today I want to sponsor 3",0
You are welcome and thank you for bringing my attention to such a well deserved charity!,0
"Yeah, so the chances of being born in the United States are very low, but you and I could have been born in a third world country where children are exploited",1
Thanks for the 5 cents.,0
Im fine thank you.,0
No thank you.,0
"Yes they can, thanks again",0
"Thank you, I would like to make a 50 dollar donation but first.",0
Thanks for being aware of that particular nuance.,0
"Good morning, I think children are so important and charities that involve them are needed and we should participate our money or our time.",1
Thank for answering my questions.,0
With e environment and food system.,1
If you have that much money,1
That is awesome!,1
Thank you so much for donating!,0
"Well, I suppose it depends on what you mean by a reward.",1
"yes, I think I have told about my donation and now waiting for the conversation to end.  Thanks.",0
They are an amazing organization with a national and an international presence.,1
"is super important, help children who live the harsh reality of war, fewer and fewer people help, the money goes to the education, health and safety of these children.",1
All my kids love their security blankets.,1
I'm currently receiving food stamps so i don't buy candy and unnecessary stuff.,1
Thanks for your quick responses btw.,0
Some of them are scams I think.,1
Thank you so much.,0
Yes- the war in Syria had traumatized many children,1
im happy to help,1
And how is the charity promoted?,1
Millions of Syrian children have grown up facing the daily threat of violence.,1
You certainly aren't very charitable.,1
Great.,1
Hello,1
I'm surprised i've never heard about it! how do i know if it's legit and if money really go to help those kids,1
Thanks.,0
Thank you for taking the time to help assist the charity and I hope that you have a wonderful day!,0
It's an organization called Save the Children.,1
Thank you for participating!,0
"no, i not donated",1
They are currently helping children at the US Mexican border to reunite with their families and they also help Syrian kids,1
Thank you,0
"That, they do!",1
The Save the Children is on stand by to help the children of Hawaii right now for the Hurricane Lane,1
Great!,1
Thanks for talking me thru this today!,0
The children were reportedly killed or injured in intensifying violence.,1
How much do you like to donate to the charity now?,1
I may want to volunteer my time as well instead of just money.,1
Thank you again for donating $10 to Save the Children.,0
I'm glad a charity like that exists internationally.,1
Yes it does and thank you for the donation,0
thank you so much!,0
Thank you for your generous donation.,0
Thank you for doing this.,0
Thank you so much.,0
Thank you!,0
It's apparently very influential in war zones like Syria,1
thank you so much!,0
"Well, a very specific goal right is to help the children that are separated from their parents due to our current immigration problem.",1
Yes.,1
"Yes, i agree",1
Understand.,1
No thank you as there is no guarantee to this. I'd rather donate locally,0
I am very good.,1
How long are you going to take to respond?,1
Thanks.,0
I am well today thank you.,0
Great! Thanks so much and I'm just so happy to be able to donate,0
Thank you!,0
Small amounts actually do go far.,1
How much do you know about Save the Children?,1
Thank you. You too,0
"Thanks, that is awesome",0
"Also, when you do it yourself, it is a lot more rewarding.",1
"Thanks, I don't consider myself that great, but any little difference i can make makes me feel good about myself",0
Save the Children has excellent credentials and is managed by a board of commercial CEOs and business leaders without any government or religious affiliation.,1
"I'll be honest with you, I have made donations to children's charities in the past.",1
"I'm doing well, thank you!",0
Whether it'd be for back-to-school supplies or changing the lives of bright children.,1
"No, we're done!",1
Your donation will be directly deducted from your task payment.,1
It's really sweet.,1
Take care.,1
Thank you,0
Thank you for the donation,0
I agree if we don't take care of the kids we risk losing a whole generation of people!,1
I was donate the amount of 10 cents......,1
"yes, that is fine",1
A couple cents could really help these kids!,1
Thanks so much.,0
"Ok, thank you.",0
On behalf of Save the children i would like to say thank you for your donation and have a great day!,0
"Yes you can write them letters and they can write you back, thanks!",0
I'm doing well.,1
"To be honest, I am not sure about that.",1
I'm sorry I'm just not able to at this time but thank you for telling me about this organization.,0
Thanks for sharing.,0
Thank you so much!,0
"Yeah, I am thinking about donating half of my payment.",1
thank you.,0
Thanks for the information.,0
"Again, no thank you",0
"Oh, thanks for the website, I am sure that it has a lot of information that I could use to learn more about it.",0
Thank you!,0
Great!,1
I'm not - Could you tell me more about it?,1
I am doing well thank you.,0
Saying that they do not disclose funds is an outright lie you can go to  URL s/about-us/resource-library/annual-report and find it all right there.,1
"Oh my goodness, that is great news!",1
Yes.,1
Thank you.,0
Oh great!,1
So agreed?,1
Thank you very much.,0
"Okay thank you, the charity really appreciates your donation today and thanks you, how much would you like to do?",0
Thank you for your donation!,0
"Nice, I hope it's not too warm this weekend",1
thank you and hope it helps,0
Thank you for participating!,0
i am not working.,1
It is an international company.,1
Thank you so much as every little counts and I appreciate your donation,0
"Thank you, but no.",0
They can deduct directly from your payment from this task.,1
sure thanks again,0
I do not wish to donate.,1
The poverty there is a lot higher than what we are used to seeing and it can be shocking.,1
Thank you so much.,0
Thank you so Mich for your donation!,0
Thank you so much.,0
thanks will do the same,0
Thanks!,0
"Ok, thank you so much for your help.",0
"I think people fail to realize that without healthy, cared for, nurtured children, our future as a humanity becomes jeapodized.",1
Thank you for all that you are doing.,0
I posted every year a pack of any organization for kids,1
you dont think anything bad is happening with this donation?,1
Thank you and have a nice day,0
We can accept all major credit cards and Paypal for your convenience.,1
"A review of the tax exempt paperwork and financial statements, which are available for all tax exempt organizations, can help you weed out good from bad.",1
It is.,1
It is a non-profit organization that acts globally to promote children's rights.,1
Thank you for your donation as i guarantee you donation goes towards to the children,0
"I'm doing well, thanks!",0
Thank you!,0
That's so horrible.,1
global?,1
thank you for this conversation,0
"Agree,small amount of money for US can mean a lot for people in third world countries.",1
"I am well, thank you.",0
It is crazy!,1
Yes it is.,1
LOL but after reading up on this they said every penny helps.,1
they assist with needy children around the world who are living in poverty.,1
Yes.,1
Thank you so much.,0
Are you going to donate?,1
There are no laws that stop them from lying to people either.,1
There are many kids that still needs help in other parts of the world,1
Yes it is,1
Thank you so much for your donation!,0
"But think about the little things you buy, and maybe one week, instead of buying that bad of chips or cup of coffee, donate it to the children",1
Thank you.,0
Thank you very much for your generous increase in the donation amount.,0
"Also, thank you.",0
"That's right, thanks for showing me the page, I will help many children, today I want to sponsor 3",0
Ill donate $0.30.,1
No problem thank you for telling me about this wonderful charity!,0
That is awesome.,1
Thank you!,0
"That would be something I would do, yes.",1
"Yes, Well I thank you again for your donation and I wish you a very happy rest of your day!",0
"yes, I think I have told about my donation and now waiting for the conversation to end.  Thanks.",0
Seriously.,1
I made $100+ everyday last week on Mturk and now all I have left is these low paying surveys,1
I'm doing very well thank you!,0
Thank you for donating your time to the cause.,0
"some info about save the children,they are a non-profit organisation who help children in the world, what you think now about this organization ?",1
blind trust it is.,1
Need a couple more chat turns,1
maybe i will do,1
"Very well, thank you.",0
"Okay thank you, the charity really appreciates your donation today and thanks you, how much would you like to do?",0
Thank you so much.,0
Okay sounds interesting.,1
Thank you. You too,0
Ok. I'll believe you.,1
Thanks very much for your time.,0
"Ok, well thank you for your time and telling me about this wonderful organization.",0
"Just out of curiosity, what developing countries does this charity focus on ?",1
What was life like for you growing up?,1
Good thanks.,0
Thank you again!,0
Think about how much more those poor kids in developing countries needs the money.,1
Thank  you!,0
Thank you!,0
"One thing I like about Save the Children is that it isn't just global but also focuses on kids in need here in the USA, especially the poverty-torn cities.",1
I also ive to bakc to school drives and food pantries,1
Are you aware of Save the children Organization?,1
Okay sounds good.,1
Thank you so much for your contribution.,0
Thank you!,0
Morning!,1
The more the merrier however anything as little as 10 cents can make a huge impact,1
Thanks.,0
Hope you have an amazing rest of the day,1
"Alright, well this has been fun :)",1
Alright thank you for contributing to Save the Children.,0
Thank you for chatting with me.,0
I'll donate 10 cents.,1
Thank you on behalf of these kids.,0
Have you ever donated to a children's charity?,1
"Your a great person and thanks again, have a nice day.",0
Thank you for your kindness.,0
Skipping my candy bar today and feeling great!,1
Thank you for your donation.,0
"You have a lot of knowledge, thanks for sharing.",0
I would like to personally thank you for that.,0
It has done wonderful things and is a big part of many organizations employee giving drives.,1
"Yes, I try to help as much as I can, but it's hard when you are broke",1
"Thank you, you too.",0
OK thanks.,0
"Again, no thank you",0
Is there a follow up on to see how my money while little is may be is being put to use?,1
It is a great charity that does a lot of great work around the world.,1
Thanks again!,0
Thank you for being so informative and helpful!,0
Thank you!,0
Do you really need all you have when they have nothing at all?,1
"And thank you, I'm sure this week will be relaxing for me as well.",0
I am doing well thank you.,0
I am well today thank you.,0
That must be an amazing feeling to be able to give back.,1
Thank you for supporting the children of the world.,0
I'll still do $20 and go through the site.,1
Thank you for the compliment and your generous donation !,0
thank you very much,0
"I wanted to talk to you about a charity Save the Children, have you heard of it?",1
"Thanks, that is awesome",0
Thank you so much.,0
Thank you for your help!,0
"There are so many charities out there but I\'ve been researching one in particular called ""Save the Children.""",1
Thank you so much.,0
"Yes you can write them letters and they can write you back, thanks!",0
"Donate to Save the Children, please.",1
"I can certainly understand where you are coming from, and family does come first.",1
Thank you so much for your generosity.,0
Have you heard of Save the children?,1
Thank you!,0
I think It is good to know donating through this task won't hurt your reward,1
Yes you could do a monthly donation right on their website  URL plus if you start today Your donation will be directly deducted from your task payment.,1
Thank you very much for your generous donation!,0
Thank you so much! What are you hoping your donation will help with?,0
thank you.,0
Same to you!,1
"Save the Children is a worldwide charity that give children access to healthcare, safety, and advocacy thanks to donations like yours.",0
have a good one!,1
thanks again,0
I'm working for Save the Children charity!,1
"no, I cant .25 is the most I am willing to part with.",1
It still will go a long way.,1
they help support children in those situations.,1
Thank you for your generous donation.,0
Another day in paradise,1
I hope you still have a good week!,1
Thank you so much! What are you hoping your donation will help with?,0
Most of time we have to depend on someone to help them.,1
I see  thank you for your information.,0
"Actually, you can get more information about the organization from their website:  URL",1
Thank you for taking the time to help assist the charity and I hope that you have a wonderful day!,0
"Yes, it looks like today is going to be warm here as well.",1
"Thanks for your dollar, the research team will collect all donations and send it to Save the Children.",0
"as your donation will be directly deducted from you task payment, I would ask that you keep the amount confined to that amount",1
"No,but i want to donate some amount from this survey.",1
I think it is a great charity because it helps children who are separated from their families,1
"Ok, here too.",1
Thank you so much for your contribution.,0
"It will be difficult, but we are focused in reuniting the children with their family.",1
I've heard of Save the Children,1
Good Morning!,1
"Yes, $1 - thank you",0
Thanks.,0
"Thank you for donation, there will never be enough people like you in the world!",0
"I can tell you, however, that Save the Children is, in a way, more immediate in helping people (as opposed to fighting disease like St Jude's) and delivers services similar to the Red Cross, but directed toward children.",1
I will match .10 cents,1
Your donation goes a long way too!,1
Thank you.,0
Thank you very much!,0
"So, I'd be willing to donate, if I could confirm the charity was a legitimate one.",1
That's interesting.,1
Every little bit helps.,1
Whats a more specific idea of what you do?,1
Thank you so much for telling me about this.,0
"lets save the children,yea",1
"No, I didn't know but thank you for telling me!",0
You were asking about the hurricane relief in Hawaii.,1
I decide to be part of the solution since then,1
Thanks!,0
No problem have a good night,1
Hello therehow are you?,1
If they eat at all,1
Thank  you,0
"Oh, awesome!",1
"ok thank you sounds good,",0
I love that Save the Children goes to a lot of places to help with things like this.,1
I am not familiar with Save the Children,1
Thank you for chatting with me.,0
All of the children must be taken care of.,1
They create long lasting results to save lives and the quality of those lives.,1
"Thank you very much, have a nice day.",0
I will copy and save the website address.,1
That is correct.,1
Have you ever heard of the Save the Children organization?,1
good thanks.,0
Thank you very much.,0
"That sounds wonderful, doesn't it?",1
I feel the same.,1
You too and Thanks again!!,0
The research team will collect the donations and send it to save the Children.,1
Thanks for your donation.,0
Yeah I agree 100% with you.,1
Thank you so much.,0
"The children will thank you, do you think you can do a little more?",0
So you'd like to donate?!,1
My day has been busy visiting different places to speak about the charity I support.,1
you can donate as much as 2$ or as little as couple of cents.,1
Thank you again.,0
Thank you :),0
thanks so much!,0
Would you be willing to donate to this organization again?,1
thanks!,0
You see?,1
Your donation will be directly deducted from your task payment.,1
Would you be willing to donate your earnings from this HIT to help children eat and go to school?,1
Thanks.,0
The thought of that is very exciting.,1
Awesome!,1
"Awesome, thank you!",0
thanks so much!,0
"WOw, that is a lot of kids in a lot of places to help.",1
Thanks again for supporting such a great cause! :),0
I see.,1
"Thank you so much, same to you!",0
It's not a huge amount but unfortunately I have expenses and 2 kids of my own to support.,1
It is such a great thing to do.,1
I like to donate money and time to charities that help children so I also want to thank you for educating me on this charity!,0
Thank you for supporting the children of the world.,0
No problem thank you for telling me about this wonderful charity!,0
"I don't have statistics for how much these researchers have raised so far, but since this is a charity for children, I am sure they will pull together a good bit of money to send to them, and your donation will be a part of that effort.",1
Thank for answering my questions.,0
"Not really, please tell me anything!",1
Thank you!,0
Thanks so much.,0
Yes it does and thank you for the donation,0
"I work with children more in an ""urban"" setting that are incredibly in bad circumstances.",1
"I think it's important for those of us in a first world country to help, but it's also so easy to overlook these things.",1
Thank you Glad I was able to help  this organization with my donation,0
Sounds like a blessed organization.,1
the happiness of others is a special sadisfaxion,1
"Yes, that is good with me.",1
what is great about this donation is you can donate a portion of your earnings from this conversation...any little bit will help.,1
as i said even a couple of cents would help!,1
"I'm doing great, thanks.",0
Thank you.,0
That's a really good number considering the overhead that must be required for international relief.,1
"I think that is important, as it will help the children grow up with a better chance of being successful.",1
Have you ever donated to charity in the past?,1
What are the amounts I can pick from?,1
I have never seen this organization help them.,1
I used to tutor kids in my spare time in college.,1
Do you currently give any money to charity on a regular basis?,1
Thank you for chatting with me.,0
Do you have any other questions?,1
"The children will thank you, do you think you can do a little more?",0
Your donation can address such problems.,1
I am not aware of that.,1
"Yes they can, thanks again",0
Thank you so much.,0
Thanks so much.,0
"Yes, I hear they feed starving children all over the world.",1
"Right, every little bit helps.",1
No I would not,1
"Well one statistic that in 2018 alone over 1,000 children were killed or injured in Syria.",1
"All right, thank you for your time.",0
Your work is appreciated,1
"There is  a lack of support for children in developing countries, especially in war zones.",1
"I am well, thank you.",0
"Whatever you choose to do or the amount you want to give, I feel like you've changed my mind about charity, not the other way around, so I want to thank you for that.",0
"Hi there, how are you doing today?",1
Thank you!,0
"thanks, same to you.",0
Thank you for chatting with me.,0
yes that would be great I would like to see that,1
Thank you for all the information,0
Perfect thank you for the information.Is there a website where I can check it out and donate?,0
I think I'm okay.,1
"That's wonderful, thank you so much!",0
"Ok, thank you for your time!!!",0
Thanks.,0
Your donation will be deducted from your payment in this task.,1
Thanks for agreeing to donate!,0
"Well thanks, Cassidy.",0
Dpo you about Save the Children organizatio,1
I would like to donate $2 then.  Thank you!,0
"So it's not that I don't care about the children elsewhere, just want to help those at home first.",1
"Great, thank you!",0
Thank you for your time.,0
Thank you.,0
Do they have a donation tier level?,1
That is fantastic!,1
"Okay, that sounds great!  Thanks!",0
Tell me more info otherwise you can donate to the charities that I know do extraordinary work and spend most of their donations on the children,1
"awesome, thank you so much",0
"Thanks to our growing community of child sponsors, we increased our impact and reach ??Â¸??Â¸ helping 29% more children than we did in 2014",0
"I'm doing swell, thanks for asking!",0
HAve much money do you waste on candy on a monthly basis?,1
How are you today?,1
Will you give $2.00 from your earnings from this task to Save the Chidren charity?,1
this is good as you agree with opinion as everyone should do the same,1
Thanks.,0
Thanks again.,0
Thank for helping to the cause.,0
thank you for your support,0
"Great, thank you!",0
"Alright, I will donate $1.25, it seems reasonable.",1
Thank you for all that you are doing.,0
"Yes, thank you.",0
Time and money these days can be scarce!,1
"Save the Children does whatever it takes, every day and in times of crisis, to give children a healthy start in life, the opportunity to learn and protection from harm.",1
wow! thanks on behalf of the organization! that is generous!,0
"And it's an international group, and not owned/sponsored by any government.",1
Thank you very much!,0
"I am fine thanks, It's not been a long time I am on MTurk, but It is interesting how they are working on donating, Are you interested in donating?",0
"I'm well, thanks",0
"But, I choose my own charities independently.",1
"That seems so hard to believe, but I guess lots of pennies still add up!",1
I think looking at the big picture is a good way to see it.,1
"Thank you for linking the website, I will check it out right now.",0
Your donation will make a tangible impact for the world.,1
I just want to thank you for helping out this great charity.,0
Great! Thanks so much and I'm just so happy to be able to donate,0
Thank you :),0
No thanks.,0
Thanks so much.,0
"Thank you again, and I hope you have a wonderful day!!!",0
"Great thanks, Im here to talk about the childrens charity.",0
I am doing well thank you.,0
Thank you for the lovely chat and educational information.,0
How much did you donated?,1
Thanks for your help and have a good Turk day :D,0
"Oh thank you so much, you have no idea how much that .50 will mean to those children, thank you very much and have a wonderful night you blessed soul.",0
It's a great organization!,1
That way i know where my money is going.,1
I don't have that great of a job or boss but I'd still  I would like to match a donation with you if you're willing to try help kids with me.,1
"thank you,I just want to help this world and especially the children within it and save the children is doing that job",0
Please tell me more about this charity,1
Thank you so much for telling me about this.,0
Thanks for making me aware of this charity!,0
I think it is also the right thing.,1
"With the commitment I made to the shelter, I would not donate at this time.",1
I am looking for donations for the Save the children's Foundation?,1
I want the money to do with as I choose.,1
Thank you so much for donating!,0
Whatever you want to donate from your task money,1
Thank you.,0
How much do you like to donate to the charity now?,1
And I love how they help all children of the world.,1
Thank you for participating!,0
No thank you.,0
Thank you.,0
"yes, you are correct..",1
Thank you and have a wonderful day,0
hello,1
Thank you!,0
"So when it comes to issues, a specific issue that I really care about is the problem with the poverty issue in the United States.",1
"I really do not know much about children's charity, do you?",1
Thank you!,0
"ok thank you sounds good,",0
"You have a lot of knowledge, thanks for sharing.",0
Do I what with save the children,1
Thank you.,0
Thanks for the info I will check it out,0
"Welcome, thanks for talking",0
Thank you for helping...save the children.,0
"sorry, i meant  URL",1
"powerful people cause war and war cause hunger, and we average people sit on our chair try to donate some money to the poor",1
"That's wonderful, thank you!",0
good karma....,1
thank you.,0
How are you today?,1
Thank you for your kind donation.,0
I think it is.,1
Thank you!,0
Thank you for your contribution!,0
thanks.,0
I really prefer local charities but some nationwide and international ones are very dear to my heart.,1
That's when Save the Children came around to help,1
NO.It is not.,1
How's it going,1
Thank you for your generous donation.,0
Thank you.,0
"Yes you can write them letters and they can write you back, thanks!",0
So i'd really like to thank you for your interest and time.,0
sounds good thanks,0
It sure does.,1
Did you have to worry about your basic needs at all?,1
Thank you very much for your $10 donation to Save the Children.,0
"Again, no thank you",0
I'm doing well thank you,0
"yes, I think I have told about my donation and now waiting for the conversation to end.  Thanks.",0
"If I have anything it will go to homeless shelters, food pantries and environmental causes.",1
How do they help children in other parts of the world?,1
It is so important to do your research when deciding to support a charity.,1
It helps children and their families.,1
"Thanks, have you ben to their site yet?  URL",0
seeking job,1
Thank you very much for you help!,0
Yeah - all good things,1
Yea.,1
This makes me so anger and sad!,1
You too and Thanks again!!,0
Are you willing to donate to Save the Children charity from your pyament from this task?,1
Well I recently heard about Save the Children Charity.,1
Does Save the children has the offices there?,1
Whatever you donate will be deducted from your payment for this hit,1
You can donate as much as you want,1
I am doing well thank you.,0
Save the Children really appreciates every penny that they get and it really goes to a good cause.,1
i really love helping people,1
Perfect!,1
"Glad to see it goes to shelter, clothing, and food.",1
It is a shame many children die of hunger everyday while some people spend money on stuff they do not need,1
"Thank you again, and have a great day.",0
"Also, 86% of all expenditures go to program services so everyone that donates knows that their money is being used for a good cause rather than misappropriated.",1
I am glad to share this iinformation.,1
thank you!,0
Awesome!,1
like a quarter here and a quarter there.,1
that is so sad,1
You would be doing a great service and the charity will be so thankful.,0
Thank you!,0
Thank you for your kindness.,0
Charities need regular support.,1
Thanks for being aware of that particular nuance.,0
I have exciting news for you.,1
"Thanks to our growing community of child sponsors, we increased our impact and reach ??Â¸??Â¸ helping 29% more children than we did in 2014",0
I'd like to tell you about an organization called Save the Children.,1
All you have to do is agree to an amount.,1
"ugh yeah, i've seen that, you sit there waiting forever for someone to type two words haha",1
thanks again,0
Wow thank you!,0
Do you donate through MTurk only?,1
No thank you.,0
Thank you so much for that,0
Thanks for your time and effort.,0
The owner got involved in Bruces life and sav the children went to work and provide food and cloths and school needs for Bruce .,1
Save the Children do help with vaccines as well as food.,1
no i haven't,1
Thank you buddy.,0
Thank you Glad I was able to help  this organization with my donation,0
Thank you!,0
"You can choose any amount from $0 to all your payment.""",1
They help children all over who are in need.,1
And thank you.,0
good thanks.What about you?,0
So I can count on you for the $500 donation?,1
You could even take the money that you want to give to charity and split it in half among American and international relief agencies,1
"I appreciate your position, but what exactly is Save the Children and how do I know that money will truly be used to help kids?",1
Even they are not able to get good meal and got suffered from many malnutrition diseases.,1
That great and thanks for your generousity!,0
You are very welcome and thank you for being so generous!,0
"thank you for the information, I think I am ready to donate",0
"thanks, same to you.",0
Thank you for your donation as i guarantee you donation goes towards to the children,0
About how many people a month does the charity help?,1
Thank you again!,0
"I do not, but they are a very professional organization.",1
"Again, it was a pleasure meeting you and many many thanks for your kind generosity in the form of a donation.",0
That's great!,1
Take a look at the site and have a good day!,1
How do I know it is a legitimate charity?,1
okay done.. thanks,0
No thank you.,0
"However, every cent counts.",1
myself and Save the Children thank you for your time,0
"I'm doing fine, thank you.",0
It's been great chatting with you and I hope you enjoy your weekend.,1
Thank you so much!,0
I cannot thank you enough for that.,0
I am doing well thank you.,0
"Ok, thank you.",0
"Thanks, I don't consider myself that great, but any little difference i can make makes me feel good about myself",0
That's a lot of children they are helping!,1
Great talking with you.,1
Thank you for supporting the children of the world.,0
There's different kinds of childhood poverty between those three states and I wish there was more I could do to help.,1
Sounds interesting but can you be a bit more specific?,1
Thank you!!,0
"i shouldn't laugh, but you are right.",1
Thanks for agreeing to donate!,0
I'd like to talk to you about children who are less fortunate.,1
It's hard to come up with a bunch of conversation about charity.,1
Thank you for your donation!,0
I think you should donate $0.15 now which is half of your payment of more if you like.,1
"Thank you, have a great day!",0
I thought about how these kids do without so much and realized I could do without once in order to help someone in need,1
"Ok, thank you for your time and donation, have a great day!",0
Thank you for your time,0
"thank you for the information, I think I am ready to donate",0
Alright thank you for contributing to Save the Children.,0
Thank you so much.,0
"Yes, I also plan on having a day of fun too.",1
Thank you so much.,0
So how is .10 half?,1
Thank you for all the information,0
Thanks for the 5 cents.,0
That is good to hear.,1
Thanks!,0
I'l do 20 cents,1
Do you think you would be willing to donate a portion of your earnings?,1
How can I donate?,1
"That sounds good, thank you for being charitable.",0
Thank you for your time today.,0
Awesome.,1
I'll do $20.,1
im not really sure,1
I am doing well.,1
"Awesome, I'll head over there right now and support it thank you.",0
"The Money you donate will help provide children help during times of natural  disasters, as well as help to further their education.",1
Thank you for your donation!,0
What are your thoughts on charities for children?,1
It has been great to electronically meet you too.,1
How much would you like to donate?,1
Yeah I know this great charity called Save the Children that takes money for this exact type of issue.,1
Have an awesome day and thank you again!,0
Sounds like a good charity.,1
What percentage of my donation actually makes it to the children?,1
"Thank you, you too!",0
thank you again for the 5 cents donation.,0
They are helpless.,1
Thank you!,0
Do you have a moment?,1
"Thank you so much for your donation, every bit helps :)",0
Do you have any other questions about the charity?,1
Thank you for helping...save the children.,0
"So do I, I feel kind of guilty to being able to have all that and they are kids out there who don't have not a single one of all of those basic things",1
"Thank you for donation, there will never be enough people like you in the world!",0
Well that sounds just great to me!,1
"Thank you too, have a good night!",0
"Well, if you go for full 0.30 i will have no moral right to donate less.",1
Thank you so much!,0
"Okay,  so we are in agreement on the payment  to the charity.",1
thank you sir.,0
Unfortunately I can't donate anything right now,1
We need to take care of those children.,1
Plus it is good for celebs because it gets people to have soft spots for them.,1
how much can i donate?,1
Thank you.,0
Yes those children need,1
You are very welcome and thank you for being so generous!,0
Would like to receive a thank you from Save the Children?,0
Yes it does and thank you for the donation,0
I do donate regularly to them.,1
"Thank you very much, have a nice day.",0
good education and good health,1
Thanks for agreeing to donate!,0
The Children's Hope Alliance in our town provides housing and schooling for children.,1
"I'm great, thank you for asking!",0
Especially to a kid that is facing a future as a sex slave.,1
"Good, thanks!",0
Thank you very much.,0
I can donate a dollar for now since I don't have much right but I feel obligated to at least donate something.,1
"But together, if we stick together, if we put our money together, you'd be surprised how much we can change in this world.",1
"Additionally, I am just very skeptical of any organization that asks for money.",1
ok thank alot,0
"Good, thanks!",0
Would like to receive a thank you from Save the Children?,0
What are my options for donation?,1
Your donation will be directly deducted from your task payment.,1
Thank you.,0
"you would help me , thank you for your conversation",0
And thank you.,0
Hi!,1
"Great, thank you!",0
Thanks again for chatting with me.,0
I always try to donate anonymously.,1
"That's wonderful, thank you!",0
Can you elaborate.,1
I don't feel the need to be recognized for any good I can do.,1
"Great, thank you!",0
Thank you!,0
Thanks for doing your part!,0
I have problems too.,1
"Indeed, but how do we know the donation aren't simply buying another yacht for an executive?",1
Thanks again for donating.,0
I think it is important to do all we can to help children.,1
Depends on which one you are talking about.,1
you also done a great job,1
I'm doing well thank you,0
They're one of the more reputable charities luckily.,1
nice!,1
Thank you for your donation and for supporting children in need.,0
Have a wonderful day.,1
Thank you.,0
I am asking for a donation to Save the Children.,1
Hi.,1
I would like to donate $2 then.  Thank you!,0
Thank you for telling me about this charity,0
Thanks for your help and have a good Turk day :D,0
"I forgot to ask, how is the weather by you today?",1
"Once again, thank you for your donation.",0
i just don't know why i've never heard about it,1
I mean this is not like sponsoring a child or family situation right?,1
I work with children primarily from underprivileged families or no families at all.,1
Thank you for introducing me to another great charity that is trying to do good work.,0
Thank you so much.,0
And thanks for helping!,0
"Well, thank you for wishing me well.",0
sure thanks again,0
yes im looking at it now actually it seems like a great foundation,1
I am well today thank you.,0
It sucks that not all people and children have the comfort of having a stable place to stay or the comfort of knowing they are able to eat.,1
myself and Save the Children thank you for your time,0
"Thank you, it will help out children in need.",0
I usually donate $1.00 or $2.00 at restaurants or stores whenever they ask me if I would like to donate.,1
I donate a portion of each of my paychecks to them automatically,1
"Thanks, especially Syria children affect more so I really worried about his future.",0
"I see so does the money go for food, shelter, medical support those kinds of things?",1
ok thank alot,0
"Did you Know that Save the Children is an international non-governmental organization that promotes children's rights, provides relief and helps support children in developing countries.",1
same thanks for the advice have a good one keep spreading love,0
What would benefit me towards donating my $2 to the Save the Children fund?,1
Sure is sad to see so many children in distress around the world.,1
Thanks and I think we can submit now,0
Thank you so much.,0
Thank you too.,0
"I am fine thanks, It's not been a long time I am on MTurk, but It is interesting how they are working on donating, Are you interested in donating?",0
"It won't hurt to donate $25 today, how bout it?",1
"They work for children's rights, helps support children in developing countries.",1
The children from around the world will surely be thankful as well.,0
"Thank you so much, same to you!",0
Thanks you too,0
"Well, it was nice to meet you and thank you for agreeing to donate today!",0
i do very much yes,1
No that is the only one,1
"FINE,SAVE THE CHILDREN , HOW DO YOU THINK ABOUT THE DONATION THE SAVE THE CHILD.",1
Thank you!,0
Save the Children helps children all around the world and they need your help.,1
"I thank you very much, with what you know about save the children",0
Ok I will definitely make a donation today to Save the CHildren.,1
I'm usually pretty busy so try to donate a little here and there.,1
It is your choice what you would like to donate so if you want to do .30 you can.,1
I believe your bonus is $1.70,1
sounds good thanks,0
"Ok, thank you so much for your help.",0
Small donations really do add up and make a difference.,1
You can choose any amount from $0 to all your payment.,1
have you ever heard of that organization before?,1
"I'm good, how are you?",1
Thank you for your guidance.,0
"If I donate, even a little, I want it to actually go towards what it should, not just lining the pockets of the CEO.",1
It sounds like a great charity.,1
And I thank you,0
Thank you.,0
thanks so much!,0
"Thanks, have you ben to their site yet?  URL",0
Thank you for your time and information!,0
"That's wonderful, thank you!",0
Thanks again.,0
Promoting the right's of children that are suffering.,1
Yes that is true.,1
myself and Save the Children thank you for your time,0
Hopefully we can move on soon to get back to other tasks.,1
Does that sound ok to you?,1
I am glad you decided to be part of this really great cause.,1
You are an amazing person for caring for these  babies.,1
Thank you.,0
Thank you for your generosity!,0
"As a current nursing student, my goal is to become a neonatal nurse or pediatric nurse.",1
consider making a donation!,1
What do you think you will be donating ?,1
"Thank you, you too sir.",0
Thank you for your generosity!,0
I would like to personally thank you for that.,0
"I'm doing fine, thank you.",0
We deliver lasting results for millions of children.,1
The monies will go to a worthy cause.,1
I don't have much money at all.,1
I dont see why I wouldn't,1
The donations to heal and help with health issues is very crucial,1
"thank you for the information, I think I am ready to donate",0
Thank you again for donating $10 to Save the Children.,0
They save children from horrible fates like starvation.,1
"They do some work in and out of USA to give kids access to health care, education, and shelter.",1
"Cool, Thanks for your donation of $0.15 The research team will collect all donations and send it to Save the Children.",0
"Thank you, I would like to make a 50 dollar donation but first.",0
Thanks.,0
You can send me the information with the email you have on file for me. :),1
You could donate anywhere from 0 to 2.00 if you want!,1
Thank you again for the donation.,0
"yes, You can donate as little as 1 cent and as much as 2 dollars.",1
Thank you so much!,0
Thank you.,0
oh thats very easy then,1
I am interested in it.,1
myself and Save the Children thank you for your time,0
"I'm great, thanks.",0
I am doing well thank you.,0
"Once again, thank you for your donation.",0
Do you know how much of the donation goes to the children?,1
How much did you say you wanted to donate today?,1
The kids dying is really disturbing.,1
Okay I will be sure and research the organization to better understand.,1
Thank you.,0
Are you going to donate?,1
Thank you for asking.,0
Every donation helps.,1
Thank you so much for donating!,0
"I am fine thanks, It's not been a long time I am on MTurk, but It is interesting how they are working on donating, Are you interested in donating?",0
"Thank you, but no.",0
I would like to donate today.,1
Have you ever heard of the organization Save the Children and are you aware of what they do?,1
There is not a minimum amount!,1
It has a very low overhead and almost all the money donated to it is directly used to help children.,1
Thank you so much for your time and the effort you are putting towards this very reputable charity!!,0
"Save the Children, it is an international non-governmental organization that promotes children's rights, provides relief and helps support children in developing countries.",1
I am not sure about where all the donation money ends up.,1
Thank you,0
"For instance, millions of Syrian children have grown up facing the daily threat of violence.",1
Thank you for telling me about this organization,0
Thank you so much for your donation!,0
same thanks for the advice have a good one keep spreading love,0
It is great that we are willing to share with the needy.,1
Thank you for your time.,0
Thank you so much!,0
Thanks.,0
"Ok, I thank you very much for your consideration!",0
The money would at least go to a good cause.,1
"Oh, I didnt know we could do another one?",1
Thank you.,0
Yes you will .,1
Thank you so much!,0
Thanks to you too.,0
okay done.. thanks,0
Your donation will be directly deducted from your task payment.,1
Yes I have but don't know a whole lot about them since there are so many children related charities.,1
I always place my own child in their shoes.,1
"Luckily for them, Save the children not only excels in health care but they also help children to a classroom education, protect them from abuse, neglect, and lastly provides emergency care.",1
Any chance you would consider making a greater donation?,1
It's an awesome charity!,1
Thank you Glad I was able to help  this organization with my donation,0
Thanks.,0
ok great-who is the research team?,1
Thank you so much.,0
"Thanks for your dollar, the research team will collect all donations and send it to Save the Children.",0
Thank you for your time today.,0
And thanks for helping!,0
What do you have in mind?,1
Thank you :),0
sure thanks again,0
Thank you for your time.,0
Yes.,1
Thank you for chatting with me.,0
oh yep thats really good,1
"Thanks to our growing community of child sponsors, we increased our impact and reach ??Â¸??Â¸ helping 29% more children than we did in 2014",0
Thank you again for donating $10 to Save the Children.,0
"yes, I think I have told about my donation and now waiting for the conversation to end.  Thanks.",0
Thank you very much forthat info you have been very helpful!,0
"ok thank you sounds good,",0
"Ok, thank you for your time!!!",0
Thank you for helping...save the children.,0
"I think I've heard of them, but aren't they religiously affiliated?",1
"Thank you, you too sir.",0
ya recently i too tried children's charity regarding their studies.,1
Thank you also.,0
No thank you.,0
Thank you so Mich for your donation!,0
And thanks for helping!,0
Thanks.,0
I totally understand that!,1
thank you so much for this.,0
"Health experts trained 1,700 frontline health workers, and they, in turn, cared for 379,000 babies, including successfully resuscitating 19,000.",1
"Yes, I would donate some of my payment to help save children.",1
How long has the organization been around?,1
Wonderful!,1
"Yes I think so to, not sure how when I was told that all the money goes to the children.",1
Thank you very much.,0
Alright then I'll donate half of whatever I can.,1
THanks to Save the children.,0
WHAT ABOUT YOUR JOB,1
"No, thank you!",0
The amount you choose to donate is automatically deducted today from your task payment.,1
I'm doing good.,1
Thank you for all that you are doing.,0
Or when there's political unrest?,1
Thank for answering my questions.,0
Thank you very much for your generous increase in the donation amount.,0
I am fine thank.,0
Thank you very much.,0
"Thank you I am not trying to get you to donate any more than that, I just want you to realize what a great impact you will be making on the world..",0
Thanks again!,0
thank you for your support,0
Thanks again.,0
"I'm doing well, thanks!",0
"For one, they are committed to providing health and nutrition programs that save children's lives and ensure they grow up healthy.",1
"Thank you, I'm sure the children will appreciate it.",0
I hope the money donated goes directly to them and not in the pockets of those running the organization.,1
Thank you for your generous donation.,0
"Well, each day children are able to get such needs met by the generosity of those even with donations as small as the cost of about $1 a day.",1
Since it is international it helps more then 1000's of kids per month.,1
Thanks for your quick responses btw.,0
I did not have to worry about those things.,1
Thanks I would appreciate your help.,0
Thanks again for supporting such a great cause! :),0
You can refer to Save the Children's website to gather more information if you like to.,1
Yes.,1
Thank you.,0
Thank you,0
Right now they are funding medical and school supplies for kids.,1
Thank you for all that you are doing.,0
"I really wish more people could understand the importance of helping other, less fortunate then ourselves.",1
"I think that we take many things for granted such as running water, and always having food on the table.",1
wow! thanks on behalf of the organization! that is generous!,0
Good thanks.,0
"Thank you too, have a good night!",0
I'm doing well thank you,0
"Thank you very much, you have no idea how much this helps.",0
MTurk introduced me some good charities.,1
You would be doing a great service and the charity will be so thankful.,0
It is a non-governmental organization that helps children in developing countries,1
That would be so great.,1
Thanks for your donation.,0
thank you very much,0
Do you usually donate to charities?,1
Thanks for being aware of that particular nuance.,0
I can not believe how warm it is already.,1
"Thank you again, and I hope you have a wonderful day!!!",0
I am doing well thank you.,0
Ok i will donate some,1
Thank you again.,0
"Wait, I should just go through Save the Children since I know they are reputable.",1
"Our headquarters is based out of Fairfield, CT and we service children all over the world.",1
"I am fine, thanks!",0
That will make a huge impact.,1
"Save the Children is a worldwide charity that give children access to healthcare, safety, and advocacy thanks to donations like yours.",0
"Well, the examples they provided were specifically showing us what parts of their charity the money was going towards, and what those parts did.",1
"oh sure, i didnt know i could send that amount.",1
what do they support exactly?,1
"Whatever you choose to do or the amount you want to give, I feel like you've changed my mind about charity, not the other way around, so I want to thank you for that.",0
OK thanks.,0
When I first heard about these super well known organizations only actually using about 5% of their proceeds for their services I was shocked.,1
Thank you buddy.,0
Thank you again,0
"ok, thankyou for your time.",0
Thank you again for donating $10 to Save the Children.,0
"So to review, we have you down for a $10 donation to Save The Children.",1
Sure thing!,1
Thank you so much.,0
Thank you for the information you provided.,0
I have a friend of mine in another country who lost a child today to hunger,1
"Thank you, have a great day!",0
Thank you for your kind donation.,0
"Alright, awesome, guess that's it then?",1
"No, I didn't know but thank you for telling me!",0
You too and Thanks again!!,0
Honestly I'm not so inclined to at this point given how long it has taken.,1
No thank you for the work that you do,0
how are you today?,1
Ok.,1
Thank you so much!,0
"No, I care about  kids in my community, who are in poverty.",1
I just found out that this charity is actually still on the ground in Texas helping kids that were devastated by hurricane Harvey.,1
Do you have information about their charity rating?,1
Thank you for your donation!,0
"Thank you, that is wonderful and you will help a tremendous amount!",0
From infants to young adults all children are helped.,1
"Yes, exactly.",1
Monthly or one-time?,1
thank you for this conversation,0
Thanks for making me aware of this charity!,0
no problem thank you for donation 0.60 to save the children,0
"Well, we at Save the Children would like to thank you for your donation and let you know that thanks to donors like you, children around the world are thankful",0
"I'm great, thanks.",0
Every bit helps.,1
We help with medical costs and funding volunteers.,1
Thank you!,0
One that hits close to home for me is Syria.,1
Lets leave it at that.,1
Thanks so much.,0
"Just recently, not sure if you've heard of it, they are working on reuniting children who were separated from their parents at the Mexico-US border.",1
You can make a donation directly from your payment from this task.,1
sounds good thanks,0
Thank you so much!,0
Thank you!,0
The way it works is you can donate your whole payment of 2$ for this task or you can donate as little as a couple of cents,1
"It's actually been around since 1919, when it was founded by this woman in London right after World War I",1
I could spread out donations.,1
Thank you for agreeing to make a donation.,0
I went on today and really learned a lot.,1
I can't imagine what that's like for the parents.,1
"It was great meeting you, and I hope you enjoy the rest of your morning.",1
Take care and keep doing good!,1
Is this organization Christian or religious based?,1
Have you ever donated to them?,1
Thank you.,0
I can and am planning on donating.,1
"I have donated a couple of times; like for the St Jude's Hospital, red nose day and March of Dimes.",1
"Thank you so much, same to you!",0
Hello.,1
Hi.,1
And I thank you,0
"I see, and it's called Save the Children",1
Thank you for your generosity!,0
At this time I am not willing to do that,1
I completely understand the skepticism due to a tenfold of shady organizations these days.,1
I will donate 10 cents.,1
"Cool, Thanks for your donation of $0.15 The research team will collect all donations and send it to Save the Children.",0
thank you.,0
Would you like to have the site info?,1
I appreciate your help in supporting this cause.,1
I love animals.,1
Thank you so much.,0
86% of the donations go directly to the programs that help the children.,1
I am well thank you and you?,0
"Great, thank you very much",0
Ok thank you.,0
How do you know the money actually gets to where it needs to go?,1
Your Donation will be directly Deducted from your task payment.,1
Healthcare costs are crazy over here.,1
I can't imagine living in a place where I had to worry about my child dying from hunger or human rights abuses.,1
"Today I am asking if you would consider even a small donation to STC, even $0.05 would help.",1
I would.,1
"Save the Children is an international non-governmental organization that promotes children's rights, provides relief and helps support children in developing countries.",1
My uncle used to be located there but he's moved since,1
"I have a lot of nieces and nephews and have worked with children in the past so I have a good amount of experience with them, from all shapes and sizes",1
URL   Also I will donate the same amount whatever you decide,1
Thank you so much.,0
"Save the Children is an international non-governmental organization that promotes children's rights, provides relief and helps support children in developing countries.",1
Thank you for the information you provided.,0
where are the children from?,1
How are you?,1
What is the money used for mostly?  Food?  Toys?  Clothes?,1
"Yes, let's donate $0.30 each.",1
Children should be a priority in the world.,1
Thank you so much.,0
I'm good.,1
Thank you for your recognition.,0
"Your a great person and thanks again, have a nice day.",0
I'm hoping you can help me out to today.,1
"I see, and do they provide medical help as well?",1
"You have a lot of knowledge, thanks for sharing.",0
Thanks to you too.,0
It looks nice.,1
You can actually donate directly,1
I am doing great!,1
"When you become so passionate about something like this, you would want the world to become more involved in this passion of yours.",1
Thanks again for chatting with me.,0
I will be glad to donate to this charity too,1
Thank you so much.,0
They really make a difference to the lives of children in poverty or destitution.,1
No thank you for the work that you do,0
Thank you.,0
"So, can I interest you in making a donation from your reward today?",1
hello i am fine thank you,0
Thank for answering my questions.,0
million of Syrian children have grown up facing the daily threat of violence.,1
"90% of donations collected are returned to help ensuring children's rights, helps curving malnutritrion in childre, and provides emergency supplies to families in disasters.",1
"That's right, thanks for showing me the page, I will help many children, today I want to sponsor 3",0
Yes I do.,1
Let me know how much you would like to give today.,1
"Ok, I thank you very much for your consideration!",0
Thank you for your kind donation.,0
What developing companies?,1
I like that they're committed to helping children in need.,1
ok how about 20 cents.,1
Thank you!,0
Good morning!,1
Thank you so much! What are you hoping your donation will help with?,0
Thank you for telling me about this charity,0
No thank you.,0
"That poor girl, being rejected by her own family like that.",1
Ok ....what kind of charity to provide a donation...?,1
"Donating any amount will make a difference, every little donation adds up!",1
Pack educational materials/books to send to children with limited access to such resources,1
Thank you so much!,0
Thank you.,0
"Thanks, I don't consider myself that great, but any little difference i can make makes me feel good about myself",0
ok so wht do you suggest?,1
More than thousands children have died of hunger in Syria this year.,1
You can pick any amount from $0 to $2.,1
"But more likely, it will be going towards meals or daily living expenses, with the average parent from her country only earning $3 a day.",1
Thank you for your kind words.,0
"I thank you very much, with what you know about save the children",0
are you going to donate too?,1
I am.,1
Making a small donation today will indeed help children and their families in such sad situations.,1
but it never reached to the people i heard so far,1
Yes it does and thank you for the donation,0
Feeling great.,1
Good thanks.,0
"Yes, thank you.",0
You can donate part of your payment.,1
There are children dying in Syria who can benefit from the donation.,1
I am well.,1
I have a son and I can't imagine seeing him hungry or in pain or afraid of being killed.,1
"If I had all the control, the only money not spent on the children would be for fundraising.",1
Thank you.,0
How much would you give if you weren't?,1
"It wants me to donate to ""Save the Children"".",1
How are you doing?,1
And thank you.,0
No problem thank you for telling me about this wonderful charity!,0
Do you have a moment?,1
thank you for putting time on effort on this.,0
Thank you.,0
I am not sure if I have seen that picture.,1
Great! Thank you for your donation!,0
It is not a problem just for children.,1
I like to donate $1,1
"Unfortunately some ""charities"" are just scams that do not donate to a worthy cause at all.",1
"No, I didn't know but thank you for telling me!",0
Thank you.,0
"Yes, Thank you for time and attention, and thanks for helping.",0
Thank you for your donation as i guarantee you donation goes towards to the children,0
so i like that 86% is going to the cause.,1
What's the best way to get involved in your opinion?,1
Thanks!,0
Absolutely!,1
"I am well, thank you!",0
"they are real missionaries and humans, provide help to help many children around the world",1
Thank you for your kind words.,0
"Well, they provide education, food, and clothing.",1
"Thank you so much,  you have no idea how much this will help the children in need!",0
"Thanks i will, i think thats 10 too",0
Thank you very much!,0
"kind of like those cheesy commercials you used to see on TV, but these guys actually do some really good work",1
Thank you so much!,0
It really sounds like a blessing!,1
"I'm great, thank you for asking!",0
"no this one time is good, thanks",0
thank you for this conversation,0
OK thanks.,0
"They have programs to help with help, literacy, and disaster relief.",1
thank you very much,0
Promotes childrens rights and supports them in developing countries!,1
And thank you.,0
That's a perfect amount!,1
I'm going to tell more people about the charity,1
I can't work all day.,1
Greetings!,0
"Yeah, same.",1
"I'm not sure exactly how the donations they get are distributed and if it only goes to developing countries, or also to disaster relief.",1
"Yes, Thank you for time and attention, and thanks for helping.",0
Thank for helping to the cause.,0
sounds good thanks,0
Such is Mturk life.,1
Have you heard about them?,1
I think it is very important to help children that are less fortunate.,1
"Ok, thank you.",0
"There is quite a bit of training and background checks, but it's worth it!",1
Thank you so much!,0
I am going to donate my payment.,1
Okay. Thanks.,0
Why yes I have.,1
Yes I have- I feel its violence too,1
Do you know where Save the Children mainly operates out of?,1
That means more than 9.1 million people die of hunger every year.,1
thank you.,0
Thank you for the donation,0
It's so easy we won't even miss it.,1
"If we don't help them now, they won't have the life they deserve.",1
Thank you so much.,0
Thank you!,0
they have a website at  URL,1
"It was nice talking, thanks for all you do.",0
Thank you so much.,0
"I thank you very much, with what you know about save the children",0
"The children will thank you, do you think you can do a little more?",0
Greetings!,0
Thanks for making me aware of this charity!,0
How about some of the payment from this HIT?,1
"Look, already in 2018 alone, 1,000 children have been reportedly killed or injured in intensifying violence.",1
Cool thank you.,0
"Thank you too, have a good night!",0
that is great!,1
St Judes is such a great cause too.,1
You have a good day as well.,1
I have done my research and I can tell you they are a great organization full of kind / sincere people.,1
Okay. Thanks.,0
absolutely thank you so much!!,0
"Oh, thanks for the website, I am sure that it has a lot of information that I could use to learn more about it.",0
So yes you can less,1
Thank you for your time and effort.,0
Thank you for donating your time to the cause.,0
Thank you.,0
Thank you again!,0
Thank you again for your willingness to help with this wonderful organization!,0
I would do that,1
No thank you.,0
thanks!,0
It sounds like it.,1
Thanks.,0
Thank you for your contribution!,0
I ask that because volunteering would be easier for me than sending money.,1
Hi how are you doing today?,1
So how much do you think you'd like to donate?,1
"It is best to be transparent when running a charity like that, especially when the charity brings in a large amount of money.",1
So have you ever head of a charity called Saved the Children?,1
Thank you for all that you are doing.,0
Thanks for your time and effort.,0
"Thanks for the donation, do you know how to submit this task?",0
Anywhere from zero to the full amount.,1
"That way, you know what the money is being used for.",1
I think we are really part of the solution this way.,1
i do not,1
No I am sorry again,1
Do you have any kids?,1
Could you donate anything to them?,1
Thank you very much for you help!,0
This donation will go to Save the children,1
What is the name of the organization?,1
Ok thank you.,0
I have heard of it but don't know much about what they do.,1
"Yes, I have.",1
"Thank you again, and I hope you have a wonderful day!!!",0
There are many charities for children than just that one.,1
"Oh, thanks for the website, I am sure that it has a lot of information that I could use to learn more about it.",0
Yes it does and thank you for the donation,0
what was the procedure,1
Thank you for the information.,0
"well you can't know entirely that they are legit until you come and volunteer, but save the children has a different kind of structure hierarchy, the director takes a minimum salary etc and all the spending is quite transparent, if you wanna check out the website",1
Hello!,1
Can You help?,1
"Also, thank you.",0
I am interested.,1
Thank you for your kindness.,0
thank you for your support,0
"Its a global charity that works to protect children in terms of safety, protect their rights, prevent starvation,get them proper health care and to ensure a proper education for them as well.",1
Thank you for your kind words.,0
thank you for your support,0
So did you know that your money will go to children that are in war zones.,1
0.50 cents would help so much but 0.60 would be even better.,1
It was a pleasure talking to you as well!,1
OK thanks.,0
If you donate you can help many children.,1
"You have a lot of knowledge, thanks for sharing.",0
Thank you.,0
Good here as well.,1
some got to prison.,1
Animal charities are pretty great too!,1
Thank you.,0
if there is one i support it would definately be this one.,1
I bet everything is so over priced.,1
Childre are from different parts of the world.,1
Thanks.,0
I'm doing well. Thanks.,0
You're missing the entire point of what I said if you think downloading that report means something.,1
Would you be willing to donate to the charity now?,1
Why....What's happen and which think do you get upset...?,1
"They have corporate partnerships, individuals, and foundations!",1
I believe its a Christian organization.,1
Thank you for all that you are doing.,0
"Yes, it may be little as the price of a candy.",1
Thank you for your generosity!,0
Your donation will be directly deducted from your task payment.,1
"Great, especially we help to give personal care and health care products to children is necessary",1
HI,1
"In developing countries like Syria, millions of children have grown up facing the daily threat of violence.",1
"Ok, thank you for your time and donation, have a great day!",0
Thank you so much.,0
"If they were fraudulent or misallocating funds, surely there'd have been a scandal.",1
"Save the Children is an international non-governmental organization that promotes children's rights, provides relief and helps support children in developing countries",1
This donation directly goes to children's charity called Save the Children and thanks you so much for this help.,0
"I'm doing well, thanks!",0
"ok, thankyou for your time.",0
okay done.. thanks,0
I don't know yet.,1
"Ok, well thank you for your time and telling me about this wonderful organization.",0
"Great, thank you!",0
And I thank you,0
"Hello, how are you today.",1
Do you think most people say yes to this?,1
"Yes they can, thanks again",0
Thank you.,0
"Thank you very much, have a nice day.",0
Thanks for the 5 cents.,0
I think we should donate at least 17 dollars but less than 19 dollars,1
"Just to confirm for the organizational leaders and the formal record, you are donating $50 to Save The Children today?",1
It is I have personally been involved with this charity after finding out that millions of Syrian children have grown up facing the daily threat of violence.,1
thanks so much!,0
Thank you again for donating $10 to Save the Children.,0
"I'm great, thank you.",0
Thank you again!,0
Thank you.,0
"Thank you ""PERSON_1""",0
credit card? cash?,1
Thank you.,0
The charity also helps children in the US who are growing up in poverty.,1
You can actually make a donation directly from this task!,1
"Thank you I am not trying to get you to donate any more than that, I just want you to realize what a great impact you will be making on the world..",0
"I'm very well, thank you.",0
I think it would really help them out,1
thanks will do the same,0
"Would you be willing to donate some, or all, of your payment from this task to Save the Children?",1
Have you heard of the charity Save the Children,1
I'm glad there are people like you out there who are attempting to make a difference in the world.,1
Thank you.,0
"Very rarely do I spend money on unnecessary things, money is that tight.",1
"It was nice talking, thanks for all you do.",0
"Yes, I also like what they do.",1
Cool thank you.,0
"Yes, they are an extremely reputable charity that have been in good standing for the entirety of their history.",1
I would donate to make-a-wish.,1
I'm doing very well thank you!,0
Thank you Glad I was able to help  this organization with my donation,0
OK thanks.,0
"Thanks very much, nice speaking to you.",0
I think we each have to exchange 10 messages before I can do that,1
The children from around the world will surely be thankful as well.,0
No but I can tell you about the charity!,1
How much of the donation will actually be used to help the children?,1
And thanks for asking me too.,0
Thank you :),0
Thank you.,0
how much?,1
Thanks.,0
Are you certain that the money will be used the right way?,1
We really appreciate such a fine and generous donation!,1
Thank you for telling me about this charity,0
"Obviously the more the better, but I also appreciate that you aren't turking for free so you can judge it yourself.",1
I want to thank you again for bringing awareness to this important charity.,0
I would like to donate $.50,1
You are probably familiar with it.,1
Thank you!,0
Thank you so much!,0
Save the Children do have a website at  URL,1
How long has this group been in operation?,1
"bye, I hope you can donate as soon as possible",1
"Awesome, thank you!",0
I've heard of them.,1
Thank you for the donation,0
I believe they are our future and should be taken care of in the best possible way.,1
yes it is and if you just donated a portion of what you make from this task it would be a big help,1
Over 200k of those kids were in the US.,1
Thank you For being able to be so kind hearted as well hope u have a great day and keep a smile on your face ;),0
Thank you for your kindness.,0
Thank you so much! What are you hoping your donation will help with?,0
"Yes, one of the top ways this organization is able to do it's work is through donations from individuals worldwide.",1
"then unfortunately, i cannot give any money",1
it is very happy day,1
Thank you for asking.,0
"All right, thank you for your time.",0
i donate every Christmas,1
Thank you for your donation!,0
I will go through this website for more information,1
This is a worthy organization because many children receive some benefits,1
"It is an international non-governmental organization that promotes children's rights, provides relief and helps support children in developing countries.",1
Thank you very much!,0
Are you thinking of donating to it?,1
Thank you again!,0
i do not but hope to some day.,1
Thank you for the information you provided.,0
Thank you.,0
how are you today?,1
"I am doing good, thanks for asking.",0
Whatever you are making for your task payment you can choose to send so much of that to the Save the Children organization.,1
"With the help of Save the Children afterschool programs, children learn to read and find confidence.",1
"We appreciate your willingness to donate to this local cause, how much of a gratuity will you be offering today?",1
Thank you for your generosity!,0
No thank you.,0
Thank you again,0
"Thanks very much, nice speaking to you.",0
There is this children's charity my friend volunteers for.,1
"Awesome, I'll head over there right now and support it thank you.",0
Thank you for participating!,0
You are welcome and thank you for bringing my attention to such a well deserved charity!,0
I give £3 a week so around £36 a year.,1
"It's for Save the Children, and actually my family and I have experience with them.",1
Thank you again!,0
I sure do as a matter of fact it's  URL,1
"Thank you, that is wonderful and you will help a tremendous amount!",0
You can choose any amount from  zero to the whole .30 cents.,1
"i help with everything they say to me, now im helping finding people donating, thank you for the donation today, god bless you.",0
Thank you very much!,0
I tend to like St Jude's research hospital too,1
Thanks for that.,0
How much do you spend on small unnecessary items like coffee or snacks each day?,1
Yes. it's a great organization.,1
Do you only work in the US?,1
"What a great charity, is there anything I can do to help?",1
I would really like to help.,1
What is their goal?,1
okay i will donate $1,1
"yes i know that is a good charity foundation, they help the children.",1
Glad to help.,1
"Thank you, you too",0
"Thank you, you too",0
"Thank you, you too.",0
Thank you.,0
Thank you for the lovely chat and educational information.,0
"Yes, I have",1
"Save the Children is the organization does the hard work of bringing health care, education and safety to children around the world.",1
Thank you so much.,0
"Wow, that is very thoughtful of you.",1
Thank you for telling me about the charity.,0
Thank you.,0
Great state of Texas.,1
Have you heard about it?,1
I'm doing well. Thanks.,0
how much of the donation would actually go to the kids>,1
Is there anyway that I can be guaranteed the money will go towards what is promised?,1
They are pretty reputable.,1
Have a nice day,1
"Oh, thanks for the website, I am sure that it has a lot of information that I could use to learn more about it.",0
Aren\'t you glad you helped today?,1
"Ok, thank you for your time and donation, have a great day!",0
Thanks for your help and have a good Turk day :D,0
"Okay thank you, the charity really appreciates your donation today and thanks you, how much would you like to do?",0
URL,1
"oh, could you afford maybe fifteen cents?",1
Would you like to make a small donation from your task payment?,1
Right?,1
It won't be much but every penny counts.,1
Thank you.,0
I think Red Cross does a broad array of services,1
thanks!,0
Thanks so much.,0
I am glad you were there to help him.,1
"Thanks, you too.",0
I am just a supporter but I would like to ask how much do you like to donate to the charity?,1
Iit is so imporantant for them,1
Thank you again.,0
I can't imagine that either.,1
Thank you for telling me about this charity,0
I am well,1
Thank you for your time and information!,0
Good thanks.,0
Thank you for introducing me to another great charity that is trying to do good work.,0
Thanks for telling me about it.,0
"Ok, thank you so much for your help.",0
"Same, would you like to donate to Save the children?",1
Thank you so much.,0
What is the percentage of donations that go for administrative costs?,1
hows $0.50 sound?,1
"Can you imagine someone taking your small child away from you and not knowing where they are going, who is going to be caring for them, or if you will ever be able to see them again?",1
What organizations do you donate to?,1
"Oh, from my personal account?",1
Ok-thanks-I will be waiting to hear from them,0
It really does.,1
Why not give them more so they can really help the children with it?,1
"That sounds good, thank you for being charitable.",0
I've been approached by people on the street.,1
A very positive thing about Save the Children is that they are very good stewards of the donations they receive.,1
"Ok, I thank you very much for your consideration!",0
And you can also protect those children if you donate to our fund! YOU can make a difference,1
"I understand the grind of trying to make a buck, and I just wanted to leave you off with one thing: you heard about saving children and you committed.",1
What is the one thing you would say to someone to encourage a donation?,1
Yours is so much more hands on and personal i really admire your dedication because you also donate your time and yourself and it sets a good example for your children to Kudos to you.,1
"OK, I will not force you to make a decision you don't want to.",1
Thank you!,0
Your perspective is helpful.,1
"Okay, that sounds great!  Thanks!",0
"That is a solid informational link, including a full board of trustees to look into.",1
"hmmm, let me think about it",1
Thank you!,0
"Believe me, if it were any charity besides ""save the children,"" you could have me donate my entire compensation, which isn\'t really all that much.",1
Thank you!,0
Thank you for all the information,0
I only wish that our Government would help the poor more than they do.,1
I would like to personally thank you for your donation today!,0
"I also agreed to donate but before that I need more information, why do you keep asking me to donate?",1
"Wow, I can't even fathom feeling starved as a child or experiencing violence at a young age (outside of television/video games).",1
"Whatever you choose to do or the amount you want to give, I feel like you've changed my mind about charity, not the other way around, so I want to thank you for that.",0
"Ok, I thank you very much for your consideration!",0
Thank you again.,0
"Yes it makes me very sad too, but it is also nice to be able to help small even small amount.",1
Thank you!,0
"you can help by donating what you can, you can even help with your win in mturk, I think these children need us now",1
wow that sounds like a problem,1
thank you very much,0
That sounds like an awesome organization!,1
Would you consider donating to them instead.,1
I wonder why this chat won't end,1
Your donation will be directly deducted from your task payment.,1
Small changes lead to big results.,1
It's called SAVE the CHILDREN.,1
I would love too...,1
"Thanks very much, nice speaking to you.",0
"Thank you, you too sir.",0
thank you for your approach.,0
The website says that 86% of funds go to the cause.,1
Have you heard of it?,1
"Again, it was a pleasure meeting you and many many thanks for your kind generosity in the form of a donation.",0
Thank you for your donation!,0
Thank you for your time,0
you are very welcome!,1
Thank you.,0
Thanks for sharing.,0
I have an old Nikon 360 camera that takes film.,1
hello i am fine thank you,0
"I think they might even help in Hawaii with the recent floods, don't you think?",1
I would like to personally thank you for your donation today!,0
Well that seems better than some I have read about.,1
I donate money to this organization and would encourage you to do the same.,1
So i'd really like to thank you for your interest and time.,0
Thank you.,0
Have you heard of a charity called Save the Children?,1
Thank you For being able to be so kind hearted as well hope u have a great day and keep a smile on your face ;),0
thank you very much,0
Good thanks!,0
"I've been looking at the Save the Children website so I will likely buy off the catalog, like Emergency Food.",1
thank you so much for offering your help for childrens' donation,0
Thank you for your contribution!,0
Okay I would like to tell you a little bit more about it!,1
Thank you,0
I do know save the children.,1
Giving to Save the Children is one of the world's best investments.,1
I like to help people that are close to home.,1
URL do you have an idea of how much you would like to donate?,1
I'm not sure I understand what you said just now.,1
Have a great day and thanks for the chat!,0
I happily did.,1
thanks again,0
"Also, thank you.",0
It is extremely unfortunate that child hunger is so prevalent in this world.,1
Thank you so much for your donation!,0
Thank you so much for your contribution.,0
"I'd rather send the money on my accord, rather than have it deducted.",1
Thank you for asking.,0
"Well thanks, Cassidy.",0
Any other questions?,1
No i have not,1
"Thanks very much, nice speaking to you.",0
"Awesome, I'll head over there right now and support it thank you.",0
Your donation will be directly deducted from your task payment.,1
Thank you so much for your time and donation.,0
Thank you for your donation.,0
Thank you so much for even taking the time to consider it!,0
We are collecting money for an important children's charity.,1
But it still makes the ripple effect in many lives.,1
I saw how many sick little kids where there fight for their lives.,1
Thank for helping to the cause.,0
Hi WOuld you like to donate your payment for this task to save the children?,1
Thank you!,0
Thank you.,0
go ahead :),1
The research team will collect all the donations and send it to Save the children.,1
Thanks.,0
Have you heard of Save the Children?,1
;) and haha!,1
what is the organization ?,1
Hi.,1
How're you doing today?,1
Hi.,1
You also have a good day,1
"thank you for the information, I think I am ready to donate",0
"You can go directly to the Save the Children website for furthur information, and to donate right from there.",1
Are you looking for a donation for the charity?,1
You mentioned earlier that you believe children to be one of the world's most important assets.,1
Thank you for the information.,0
"Thats great, Thank You",0
What about you?,1
It could do alot of good for Save the children.,1
Thank you so much for that,0
I think it speak volumes about you as a person to be willing to give of yourself even if it is a small amount!,1
Thank you for filling me in on information regarding the charity,0
According t0 their yearend report they were able to reach 155 million children.,1
"I'm doing well, thank you!",0
Thanks very much for your time.,0
it's not much but every bit helps.,1
Thank you so much!,0
Interesting.,1
So there's a great charity called Save the Children.,1
Thank you for your donation!,0
The reason I ask is because I have cared for abused and neglected children and see the results and how it effects them for the rest of their lives.,1
The research team will get collecting the money.,1
thank you so much for this.,0
"Hmm, I see.",1
I've been donating more since I've started working on MTurk.,1
"From Avocacy, to Education, and even emergency services.",1
Thank you very much.,0
"It seems to be international, and supports children in developing countries.",1
"Hello, how are you today?",1
Sounds good to me...how about you?,1
Have you considered donating to Save the Children?,1
I have to thank you again for your $1 donation.,0
"Thank you for donation, there will never be enough people like you in the world!",0
"I'm well, thanks",0
Thank you.,0
Thank you for your donation as i guarantee you donation goes towards to the children,0
Every penny can make a huge difference even if it doesn't feel like it.,1
"Thanks, you too.",0
That is very sad.,1
Thank you for your donation.,0
Thank you.,0
thank you very much,0
"It is much easier for me to donate from this platform that to pay out of pocket, and it sounds like it would be easier for you as well.",1
Thanks!,0
I think Save the Children is the biggest charity of it's kind.,1
That sounds awesome and am glad to see celebrities get involved.,1
"I like to play golf, as well as go on walks with my dog.",1
Thank you for letting me know.,0
Thank for helping to the cause.,0
Thank you!,0
Thanks you too,0
"For example,Syrian children have grown up facing the daily threat of violence.",1
Thanks for talking me thru this today!,0
"I am well, thank you",0
Thanks you too,0
"Thanks, I don't consider myself that great, but any little difference i can make makes me feel good about myself",0
Thank you for asking.,0
That is great!!,1
Thank you!,0
But after doing this task and reading up on the website I am going to sign up.,1
THanks to Save the children.,0
No thank you,0
Yes.,1
Thank you for your donation!,0
"Sounds good, thank you!",0
Thanks.,0
"Once again, thank you for your donation.",0
Both of my parents were employed and were able to provide for me and my siblings.,1
"Yes you can write them letters and they can write you back, thanks!",0
We appreciate any help we can get.,1
Hi there.,1
Thank you!,0
Thank you.,0
"Well I hope you have a wonderful day and on behalf of the charity and the children it is going to, thanks for your help.",0
"I am well, thank you!",0
Thank you so much.,0
I dont think there is any shortage of people who need help.,1
"Well, it was nice to meet you and thank you for agreeing to donate today!",0
I am and I would also like to ask you to donate to it as well because of all the good work they do for children who usually have nowhere else to turn for help,1
Thank you for telling me about the charity.,0
"Okay, that sounds great!  Thanks!",0
"Wow, What is the specialty in your place?",1
"I feel very strongly about ""our own children"" !!",1
Thank you also.,0
Okay got it!,1
Yes!,1
"Whatever you choose to do or the amount you want to give, I feel like you've changed my mind about charity, not the other way around, so I want to thank you for that.",0
"Yeap, I think I need to look at the website again and see the new ways to donate.",1
"Hi, Have you ever donated to a childrens charity before?",1
Any amount will help.,1
"Thank you so much,  you have no idea how much this will help the children in need!",0
The issue with children poverty has to change.,1
Thank you and have a wonderful day,0
Thank you!,0
No thanks.,0
is there any procedure to join as a member in that group?,1
"Good, thanks!",0
Thank you!,0
Like mentioned I'm willing to give 10 cents of the 30 cents.,1
Have you heard of them?,1
"yes, 86% of all the donations goes to programs and the rest goes to maintaining the fund, ads, etc",1
What do you like most about this group?,1
And thanks for asking me too.,0
Thats program services not to the kids themselves.,1
"Hello, I would like to speak to you about Save The Children .",1
I will look into it for sure and make a donation.,1
wow! thanks on behalf of the organization! that is generous!,0
"And thank you, I'm sure this week will be relaxing for me as well.",0
Thank you so much!,0
How much will you spend on a snack or a drink today?,1
I think I will donate to them today too.,1
Thanks for the information.,0
More information about our finances and the use of funds is available: here on our financial page.,1
"No, I haven't.",1
"Thank you again, and have a great day.",0
Then ask yourself how much of that could have saved a life.,1
"Places like Syria and parts of Nigeria are so dangerous that children do not have the chance of a happy, healthy life.",1
Maybe .50 perhaps?,1
"You can learn more about them there, but there's an easier way to donate",1
Thank you for being so informative and helpful!,0
How much of a donation are you talking about?,1
Thank you.,0
Thanks so much.,0
That's wonderful!,1
"Whatever you choose to do or the amount you want to give, I feel like you've changed my mind about charity, not the other way around, so I want to thank you for that.",0
Thanks for being aware of that particular nuance.,0
Are there any organizations that you can reccomend?,1
Good thanks.,0
I little bit of know Save the children life.,1
no and i regret that i've been so selfish,1
"Ok, thank you for your time and donation, have a great day!",0
That's great! Thank you very much for your donation!,0
I always like to see some report first.,1
Thank you for your kind words.,0
thank you for your approach.,0
Could you QUICKLY tell me about it,1
Hold ten?,1
You just have to trust me.,1
good thanks.,0
You are a really generous and caring person.,1
I think every little bit helps but as a whole it's not enough.,1
"I'm great, thank you.",0
"yes, it'l be taken from your bonus and you won't even notice it missing to be honest....",1
thank you for donating,0
Great what time is it on?,1
"Children really are the future and if humans have any hope of surviving in the long run, we need to raise our children to see the good in this world and help others",1
"I am well, thank you.",0
Wow thank you!,0
Thank you for your guidance.,0
thank you.,0
"yes, I think I have told about my donation and now waiting for the conversation to end.  Thanks.",0
Thank you for being so giving.,0
They help children in war zones.,1
Thank you for your time.,0
"Ok, since it's the hurricane victims.",1
"Well thanks, Cassidy.",0
"Thats great, Thank You",0
Thank you very much forthat info you have been very helpful!,0
I would like to donate $2 then.  Thank you!,0
"Save the Children is a worldwide charity that give children access to healthcare, safety, and advocacy thanks to donations like yours.",0
It's easy to just live in your own world and not think about the horrible things in the world.,1
"I will look in to donating my time locally, thank you!",0
"Sounds good, thank you!",0
I cannot thank you enough for that.,0
Thanks.,0
I would like to know more before i donate.,1
thats a good Idea  here is the website for more information   URL,1
"I chose those words because across the United States, one in five children grows up in poverty and, of the counties with the highest poverty rates, 90% are rural.",1
Thank you!,0
Hang on though.,1
save the children is a non profit organization helping children around the world,1
No problem. I do understand how every little bit helps and how we do not have to give as much if we can get others involved and for a good cause.,1
how are you?,1
Yes its so sad how people can go about their day and not think of those who are in great need !,1
Right now I have 3 extra kids.,1
I'm doing very well thank you!,0
There are lots of opportunities,1
I think we should.,1
Thank you so much for even taking the time to consider it!,0
"Maybe you have heard of Save the Children, an organisation promoting children's rights?",1
That is awesome.,1
I am glad I found a charity I can support.,1
Thank you and God Bless!,0
They help 157 million children in 120 countries worldwide,1
you can help save children like that boy by donating to Save the Children,1
"Little typo there, Save the Children.",1
Thanks again for chatting with me.,0
Hi there!,1
Thank you!,0
I am well thank you and you?,0
Great! Thanks so much and I'm just so happy to be able to donate,0
i hope the same for you also!,1
"Very well, thank you.",0
Thank you so much for your generosity.,0
Thank you very much!,0
Thank you for your donation!,0
"Oh gosh, that is so great of you.",1
Have you heard of it before?,1
Thank you buddy.,0
And thanks for helping!,0
You will have a parking slot available .,1
Transforming the future we all share.,1
Thank you For being able to be so kind hearted as well hope u have a great day and keep a smile on your face ;),0
Thank you for your donation as i guarantee you donation goes towards to the children,0
Thank you for telling me about this charity,0
"That is wonderful, thank you for all the information.",0
You can find out more if you'd like.,1
That really is terrible to think about.,1
Thank you.,0
They do.Check it out,1
"You have a lot of knowledge, thanks for sharing.",0
thank you for putting time on effort on this.,0
Thank you for telling me about this organization.,0
"Thank you very much, have a nice day.",0
Well I hope you have a great day!,1
"thank you for the information, I think I am ready to donate",0
Remember to pass along our info to friends and family. Thank You and good night!,0
Its a joy to help.,1
That is good information.,1
Thanks for sharing.,0
That is great!,1
"Yes, Well I thank you again for your donation and I wish you a very happy rest of your day!",0
"If you would like to learn more about Save the Children, check out their website.",1
Thank you.,0
That is a huge impact.,1
Greetings!,0
Hello,1
"Food, shelter, and education.",1
Thank you :),0
So how did you decide what was right for you?,1
Thanks!,0
Yes there are.,1
Thank you!,0
Thank you for telling me about this organization.,0
"You can choose any amount from $0 to all your payment.""",1
"Save the Children is an international non-governmental organization that promotes children's rights, provides relief and helps support children in developing countries.",1
Remember to pass along our info to friends and family. Thank You and good night!,0
"That's right, thanks for showing me the page, I will help many children, today I want to sponsor 3",0
You would be doing a great service and the charity will be so thankful.,0
I'm really glad to hear that.,1
Thank you so much for your generosity.,0
"What do you say, Cassidy, do you want to join me today in helping these kids?",1
Thank you.,0
"In the first two months of 2018 alone, 1,000 children were reportedly killed or injured in intensifying violence.",1
"I am doing fine, thanks for asking.",0
That horrifies me!,1
I am hoping to find some photo albums and get those worked on.,1
I can do $2.00!,1
"Hello, are you familiar with the charity: Save the Children?",1
I'm wondering if I can have a moment of your time to talk to you about a charity program I work with?,1
Thank you.,0
You can visit their website or I can assist you with donating today.,1
Thank you very much.,0
This donation directly goes to children's charity called Save the Children and thanks you so much for this help.,0
"That's the goal, for sure.",1
Yes it does and thank you for the donation,0
"Thank you so much,  you have no idea how much this will help the children in need!",0
Well it takes personnel and resources to run any organization so I'm sure some of the money goes to that but I suspect more goes to the children.,1
Thank you for asking.,0
Thanks.,0
thank you very much,0
How much of my donation goes to the kids,1
yes i could do that,1
"These children have been victims of war, famine, and poverty.",1
"Yes, they really do.",1
"thank you,I just want to help this world and especially the children within it and save the children is doing that job",0
You will be helping to feed hundreds of chldren for just pennies on the dollar,1
What is the name of Charity??,1
Thank you and have a nice day,0
Perfect thank you for the information.Is there a website where I can check it out and donate?,0
"I love donating to their worthy cause, don't you?",1
"No problem, what day is the charity meet up then?",1
Yes anything I can do to help.,1
"For example, the child refugees from Syria.",1
You take care also! :D,1
Thank you for asking.,0
You too and Thanks again!!,0
i actually did but never had a chance to do so,1
May I suggest $.50 or even $1 if you are able?,1
Would you care to donate at the end of the task?,1
absolutely thank you so much!!,0
Thank you for your contribution!,0
That sounds like a good idea so what amount is the max i can donate?,1
Hi how are you?,1
Thank you again for donating $10 to Save the Children.,0
Thanks for agreeing to donate!,0
"Thanks very much, nice speaking to you.",0
Thank you so much.,0
Thank you for your time.,0
No thank you.,0
Thank you.,0
"Your a great person and thanks again, have a nice day.",0
Thank you for taking the time to help assist the charity and I hope that you have a wonderful day!,0
What is the portion of donations that goes to children versus the portion that goes to administration or other expenses,1
My estimation of those benefited by your donation is 3 children for one year.,1
Thank you for doing this.,0
I believe it could be true.,1
Thank you.,0
I'm thinking about donating to them would you be willing to help?,1
"That's a good idea actually, that way you know for sure your efforts are helping.",1
"Thank you, that is wonderful and you will help a tremendous amount!",0
This is the only one that comes to mind,1
I like to donate money and time to charities that help children so I also want to thank you for educating me on this charity!,0
Thank you very much.,0
Big issues are going on.,1
It supports childrens rights worldwide.,1
And thanks for helping!,0
I have heard of Save the Children Fund.,1
Awesome.,1
I don't know if that's really okay to do though.,1
"Yes I have, I think they are from the UK.",1
Thanks for your quick responses btw.,0
Thank you very much for your $10 donation to Save the Children.,0
what you think?,1
"Okay, that is good to know.",1
Thank you!,0
The donations I make go for what ever childrens funding needed.,1
thank you for your approach.,0
"I'm doing great, thanks.",0
It's another way to help without having to spend any money,1
Thank you!,0
"You're helping a lot of good kids who really, really need it.",1
Thank you!,0
"Ok, well thank you for your time and telling me about this wonderful organization.",0
Thank you for your donation.,0
"Oh no, you are awesome.",1
Great! Thank you for your donation!,0
Let's save the children together!,1
Thank you for the compliment and your generous donation !,0
Could you tell me more about this charity?,1
Well that can make a difference in a children life,1
"Thank you I am not trying to get you to donate any more than that, I just want you to realize what a great impact you will be making on the world..",0
Can't ever imagine hurting kids,1
i love that so much of it goes towards the children,1
Hello.,1
thanks,0
"Sometimes I'm cautious of donating, just because I want to know that they're making the difference that they saw they are.",1
"I'm great, thanks.",0
"Thanks for the donation, do you know how to submit this task?",0
No thank you,0
I'm asking you to donate your entire task payment to this foundation.,1
Thank you. You too,0
Greetings!,0
I've learnt it from you.,1
You have not been a waste of time at all.,1
"Thanks, that is awesome",0
And what countries do they provide support in?,1
I wish I had some sun.,1
Wow that would be cool What are your other favorite charities?,1
That is terrible.,1
Rather than to a scam organization that only contributes in their infomercials.,1
It's a good charity.,1
"No, not really.",1
have you ever done any donation to this charity?,1
My charity of choice is the italian gryhound florida rescue group.,1
I know I would feel horrible if any kids in my family/extended family were suffering.,1
I'm good thank you!,0
"No, but I do enjoy their company.",1
The merit of the cause is an entirely different matter?,1
What countries do they work in?,1
"No, I hadn't ever thought about helping them before.",1
How do you feel about this charity?,1
Like a newsletter?,1
"I'm great, thank you.",0
Thanks.,0
Thank you for being so informative and helpful!,0
Thank you!,0
"They do emergency hunger relief, are engaged with Syrian children.",1
"Thank you very much, you have no idea how much this helps.",0
Why should I donate to this one in particular?,1
This is not one.,1
"So you are donating $10 to Save the Children, right?",1
Thank you for being so informative and helpful!,0
Yes it would.,1
"Thank you for your time, and for the opportunity.",0
"I am fine thanks, It's not been a long time I am on MTurk, but It is interesting how they are working on donating, Are you interested in donating?",0
I have and I have heard good things about the charity.,1
Thanks.,0
Thank you.,0
Thank you for the lovely chat and educational information.,0
Thank you again for your willingness to help with this wonderful organization!,0
thanks will do the same,0
I would like to personally thank you for your donation today!,0
"Thank you, you too",0
I will also tell others about this charity.,1
I day trade stocks and try to help children organizations like save the children...,1
And I thank you,0
Thank you once again for your donation and feel free to spread the word about the charity to others!,0
"I'm not sure, but I think that would be a great idea.",1
I'm great!,1
"Thank you very much, have a nice day.",0
Anything between 10 to 50 cents helps.,1
Nearly 5.6 million children die each year due to preventable causes.,1
good morning too and am also same as your location,1
What does it help the children with?,1
Thank you so much!,0
Your donation will be directly deducted from your task payment.,1
Thank you for asking.,0
"I am doing good, thanks for asking.",0
"Thanks, especially Syria children affect more so I really worried about his future.",0
"Whatever you choose to do or the amount you want to give, I feel like you've changed my mind about charity, not the other way around, so I want to thank you for that.",0
I'm back in the UK now - I was in South Africa (Durban for three months from January to end of March) for work.,1
"Ah, a rightful question.",1
Im fine thank you.,0
I appreciate the chat and your willingness to donate.,1
Every now and then I volunteer within my community.,1
Children in other countries don't have the advantages that we do such as access to the internet,1
Thanks for doing your part!,0
"Thanks i will, i think thats 10 too",0
Ok great!,1
thank you.,0
Thanks.,0
Thank you.,0
theres a bunch of different partnerst hat help with the charity,1
"Hello, how are you today?",1
All the way in Africa.,1
Volunteering is so rewarding.,1
Thanks for the oppertunity.,0
Thank you and have a great day,0
"Thank you for linking the website, I will check it out right now.",0
You can choose any amount from $0 to all of your payment ($2).,1
"Ok, thank you.",0
Thank you for your donation.,0
You can also check out their website to see for yourself  URL,1
"awesome, thank you so much",0
"Yes I have in the past, but not recently",1
I think I have.,1
Thank you for chatting with me.,0
Oh.. That's very interesting....,1
"Thanks very much, nice speaking to you.",0
Thanks for the oppertunity.,0
Would you like to be apart of this great charity and donate today?,1
I am sure that you should be spending money in something you dont really need,1
Thanks for telling me about it.,0
"Thank you, you too sir.",0
Thank you so much.,0
Makes me feel even better about my donation,1
"I understand that everyone cannot commit to making a serious donation, but when we think about children suffering, we have a moral imperative to act in their defense.",1
hi there!,1
Pennies matter to me.,1
Thanks again for donating.,0
"Awesome, thank you!",0
Thank you for being so informative and helpful!,0
"Ok, well thank you for your time and telling me about this wonderful organization.",0
Thank you,0
So do you live in the US?,1
I'm doing very well thank you!,0
"Yes you can write them letters and they can write you back, thanks!",0
"Yes they can, thanks again",0
Thank you for your recognition.,0
I don't think so.,1
"Yeah, a few local charities.",1
Would you give some of that .15 to Ronald McDonald?,1
thank you for this conversation,0
"hello, I have heard of the organization but I am unfamiliar with what they do.",1
The research team will collect all donations and send it to Save the Children.,1
"Yes, Well I thank you again for your donation and I wish you a very happy rest of your day!",0
Thank you for your time.,0
"Thanks to our growing community of child sponsors, we increased our impact and reach ??Â¸??Â¸ helping 29% more children than we did in 2014",0
Have an awesome day and thank you again!,0
okay done.. thanks,0
"Some are born not well-off, but they can reasonably expect enough food to eat and a place to live.",1
Ok-thanks-I will be waiting to hear from them,0
Thanks for making me aware of this charity!,0
Good thanks.,0
Thank you.,0
"That is wonderful, thank you for all the information.",0
Thank you :),0
I am doing well thank you and same here,0
I am fine thank.,0
Would you like to help and donate to them?,1
"I'm doing swell, thanks for asking!",0
"No, thank you!",0
absolutely thank you so much!!,0
thank you again for agreeing to donate a portion to save the children.,0
I would like to donate half of my payment.,1
Your donation will be directly deducted from your task payment.,1
Thank you for the information.,0
"Ok, you too!",1
It's going alright.,1
I am doing well thank you and same here,0
Thanks so much!,0
"I am well, thank you",0
Thank you for the information.,0
Thanks.,0
Thanks.,0
Ok well I know it is important for them to have basic needs.,1
I am great.,1
"That's right, thanks for showing me the page, I will help many children, today I want to sponsor 3",0
That is a good way to think about it.,1
"Thanks, that is awesome",0
Thanks for your donation.,0
Thank you so much for telling me about this.,0
Thank you!,0
How about you?,1
Thank you for your donation.,0
Thanks again for donating.,0
Sounds like they accomplish great things.,1
"Thank you, I would like to make a 50 dollar donation but first.",0
I have to thank you again for your $1 donation.,0
Thank for answering my questions.,0
maybe like 15,1
That sounds great.,1
Thank you very much!,0
No thank you,0
"Well I wouldn't ask more than what a candy bar costs, I know we live in hard times right now.",1
"yes, i think so",1
That is so special.,1
How do we end this task?,1
What roughly is the percentage that goes to the running of the charity and helping the children directly?,1
Sure.,1
Thank you!,0
"Thank you for your time, have a great day.",0
I understand.,1
absolutely thank you so much!!,0
Would you like to donate a dollar or more to them?,1
"thanks, same to you.",0
How would i go about donating today,1
great and you are you going to donate,1
What do you know about the charity?,1
Thank you!,0
"Save the Children works for 18 countries in Africa, 5 countries in the Middle East and India and Pakistan.",1
And thanks for helping!,0
"Well, thank you for wishing me well.",0
"I agree, it really is.",1
Thank you very much for you help!,0
Thanks again!,0
Now think about sacrificing just one of those to help out a child.,1
"Thank you, have a great day!",0
even a normal people from middle class can join in that group?,1
"OF course, it will be great for all around, my daughter to see that she should do things like this out of kindness and for the children , thank you",0
I would if I had a specific break down or list of what programs the donations support.,1
Thanks for agreeing to donate!,0
"Yes, we do.",1
There is a wealth of information.,1
Thanks for your time and effort.,0
Well how do i make a donation to them?,1
A great day to be out volunteering for a cause.,1
Would you like to take a few minutes to go over the website first before you commit?,1
"yes, I think I have told about my donation and now waiting for the conversation to end.  Thanks.",0
it definitely is!,1
Thanks I would appreciate your help.,0
We have been around for a long time and have worked hard to ensure that as much of your money as possible goes towards helping the children.,1
And to help children and animals as much as we can.,1
"No, I haven't",1
"OF course, it will be great for all around, my daughter to see that she should do things like this out of kindness and for the children , thank you",0
And thanks for asking me too.,0
Do you like that charity?,1
"Hello there, how are you?",1
Your donation will be directly deducted from your task payment.,1
"Well, it was nice to meet you and thank you for agreeing to donate today!",0
Were you aware that Save the Children assists both children in the U.S. as well as foreign countries?,1
Do you donate/participate in any way to that charity?,1
No thank you.,0
"Well thanks, Cassidy.",0
I was thinking $20,1
Thank you again for your willingness to help with this wonderful organization!,0
"No minimum, can be a one time donation.",1
Thank you.,0
"I'm well, thanks",0
Thank you so much.,0
"I am well, thank you!",0
"Thank you I am not trying to get you to donate any more than that, I just want you to realize what a great impact you will be making on the world..",0
"oh wow, that sounds important",1
No thank you.,0
Do you?,1
You too and Thanks again!!,0
Thanks How much do you typically give to charity in a year?,0
Do you have an amount in mind?,1
I appreciate your honesty,1
Thank you!,0
children are the most valuable thing we have all are the future and should grow well healthy and full of knowledge,1
"Thank you, I would like to make a 50 dollar donation but first.",0
Thank you for your generosity!,0
thank you for this conversation,0
"We're here to talk about a children's charity, is that right?",1
Thank you again.,0
"sure, but first i need to know for what need will i donate and what organization",1
What do you think of children's charities?,1
I completely agree with you.,1
what do you know about them are they a good charity?,1
Thank you so much! What are you hoping your donation will help with?,0
Hello there,1
Specially when it is really trustworthy organization,1
Thank you for your help!,0
Thank you for your donation!,0
I believe that is a big thing to do,1
You can choose any amount from $0.50 to all your payment.,1
Thank you too.,0
Thank you.,0
Thanks for your time too.,0
"Thanks for your dollar, the research team will collect all donations and send it to Save the Children.",0
"I'm doing swell, thanks for asking!",0
"Yes, I've heard of Unicef.",1
Have a blessed day,1
hi i am fine..,1
I have a dachsund/pit mix named Tuttle.,1
Okay so are you trying to get me to donate?,1
Thank you,0
Oh that is really nice.,1
"Ah, so you noticed. ;-)",1
Happy to help.,1
"If they can see for themselves and or participate in some kind of a charity event, then they would want to contribute to this.",1
I feel that 20 cents is adequate for the donation.,1
I am doing well thank you.,0
Would you be interested in how much I donated?,1
"Great, thank you!",0
Thank you.,0
Thank you!,0
I donate to a dog charity also!,1
I really appreciate your help.,1
Thank you very much for your generous donation!,0
Will you donate a portion of your wages to save thw childern,1
Thanks for the information.,0
"All right, thank you for your time.",0
No I have not,1
Thank you.,0
yes!,1
"On behalf of children worldwide, thank you for your kindness.",0
thank you!,0
"I have donated to Ronald McDonald before, but not on a regular basis.",1
It felt great to see a little reflection of what my donation was helping to do.,1
Thank you so much! What are you hoping your donation will help with?,0
Yes definitely.,1
Thank you!,0
"Save the Children is a worldwide charity that give children access to healthcare, safety, and advocacy thanks to donations like yours.",0
Thanks for the oppertunity.,0
ok thank alot,0
Could you please tell me more about this charity?,1
I wish I could do more,1
Thank you for supporting the children of the world.,0
Thank you so much for that,0
"New York, how about yourself?",1
but this group sounds great!,1
Thank you for your donation!,0
"Well, that's a noble cause don't you think",1
What can we do to help?,1
"I donated $2, which is the maximum payment.",1
"Very well, thank you.",0
hello i am fine thank you,0
Yeah.,1
Thanks!,0
that's true.,1
Absolutely!,1
Thanks for that.,0
This charity seems to have children's best interests at heart.,1
Thank you for being so informative and helpful!,0
I like to donate money and time to charities that help children so I also want to thank you for educating me on this charity!,0
Not too many charities can claim such a strong commitment to the cause.,1
"Save the Children is a great international no-governmental organization that promotes children's rights, provides relief and helps support children in developing countries.",1
That is great that you can help!,1
Africa appears to be the continent where the charity focuses on as it serves 32 million there. 17.5 million Asian children are also served by the charity.,1
"I am well, thank you.",0
What inspired you to work for Save the Children?,1
Thank you for your time.,0
It was great chatting with you.,1
South American and Africa. You could donate a part of your MTurk reward.,1
There is a good time and place for vaccines.,1
Thank you for your donation.,0
"Thank you I am not trying to get you to donate any more than that, I just want you to realize what a great impact you will be making on the world..",0
"i help with everything they say to me, now im helping finding people donating, thank you for the donation today, god bless you.",0
thanks,0
Thank you for the information.,0
I agree.,1
Have you heard of Save the children?,1
I would consider it.,1
You'll get a box pop up at teh end of our chat which will give you the opportunity to donate something.,1
"Thank you, that is wonderful and you will help a tremendous amount!",0
"Thank you for linking the website, I will check it out right now.",0
"Have you heard of the charity, Save the Children?",1
"yes, they help kids that suffered from violence",1
Do you have the link to the site,1
Thank for answering my questions.,0
Thank you.,0
Hello,1
Thank you for your time and effort.,0
hello i am fine thank you,0
Great!,1
"you are very right, and I wish I could give you more solid proof, but I do not hae it",1
good thanks.What about you?,0
nice!,1
Its very important.,1
Thank you for agreeing to make a donation.,0
"Welcome, thanks for talking",0
Have a great day,1
Thank you so Mich for your donation!,0
Remember to pass along our info to friends and family. Thank You and good night!,0
"Hi, how are you today?",1
"Thanks, I don't consider myself that great, but any little difference i can make makes me feel good about myself",0
I would like to personally thank you for that.,0
Thanks for your time too.,0
Yes I like how they are clear about their financial reports and They are a big organization,1
war is like adults acting like children but worse because they know they're not showing regard to the people suffering,1
Thank you very much.,0
"No, I actually haven't .",1
"The total operating revenue was $807,412 in 2017, and 9 out of every 10  dollars they make goes straight into the programs and services to help children and families in need.",1
thank you so much for this.,0
Have you ever heard of the charity children?,1
I could not ask something of someone I would not do myself.,1
Your donation of 0.60 will be deducted from your task payment.,1
That great and thanks for your generousity!,0
I believe World Vision is rated highly as well.,1
Are you commit to the cause?,1
Thanks!,0
"Your a great person and thanks again, have a nice day.",0
I cannot thank you enough for that.,0
"I am doing good, thanks for asking.",0
Thank you for filling me in on information regarding the charity,0
I see  thank you for your information.,0
Thank you.,0
"Yes, that's so true.",1
"I'm not sure how this donation process will work, do you know the specifics?",1
Thank you so much for even taking the time to consider it!,0
"I don't know if there is a maximum we can contribute, but regardless, I think your support would be really appreciated.",1
Alright thank you for contributing to Save the Children.,0
I would love to help in anyway I can.,1
"thank you,I just want to help this world and especially the children within it and save the children is doing that job",0
Thanks for sharing.,0
That is very generous!,1
Thank you for telling me about the charity.,0
Thank you so much for your contribution.,0
Thank you for your donation.,0
Unfortunately the charity doesn't take clothing or toy donations :(,1
I have a soft spot for children in general.,1
Not very much of a life.,1
"they collect charities and help the children by schooling them , feeding them, curing them.",1
Thank you for introducing me to another great charity that is trying to do good work.,0
yes i help to kids,1
thank you for this conversation,0
"Thank you for your time, have a great day.",0
I couldn't agree more.,1
"However, based on our venue finalization we can check the feasability for everyone.",1
Thank you so much!,0
I live in Indiana.,1
"Yes that is what I believe to, We wouldn't even notice 10 cents we spend so much on coffee little things the .10 cents is nothing.",1
Thank you.,0
You have more power than you realize.,1
You definitely can...but not today.,1
Thank you so much.,0
Thanks for the 5 cents.,0
Just the essentials can make a child lead a more fulfilled and loving life,1
I would like to personally thank you for your donation today!,0
People far away need help just as much as people close to us.,1
No thank you.,0
I saw a kid die in my hands.,1
Thank you very much for your $10 donation to Save the Children.,0
What do you think we can do?,1
"That's alot of help, how bout it?",1
That's adorable.,1
Okay that sounds nice and an important service,1
I am not personally but I would happily volunteer my time for this organization.,1
I kind of saw some stuff about them on the news.,1
Your dontation can help the problem,1
"That would be great, It's to the Save the Children charity and it goes a long way.",1
"Domestically, they provide early education, literacy, and health and disaster preparedness programs.",1
"Well I hope you have a wonderful day and on behalf of the charity and the children it is going to, thanks for your help.",0
That sounds like a good percentage and Im glad it will give me a tax break as well.,1
Thank you for all that you are doing.,0
"I am well, thank you",0
Thanks to you too.,0
"Save the Children is a worldwide charity that give children access to healthcare, safety, and advocacy thanks to donations like yours.",0
I am trying to get my friends and others to donate their payment from this task to Save the Children.,1
I'm not sure if I'm donating to you or if you're donating to me.,1
I'm terrific!,1
"Thank you, have a great day!",0
"Thank you, I'm sure the children will appreciate it.",0
Specially the ones concerning children?,1
"I remember being in a group home as a kid, and a bunch of ladies had made blankets and hats for us.",1
Thank you for your donation!,0
And thank you.,0
I donate to a lot of different causes but am happy to pitch in.,1
Thank you.,0
Yes.,1
Have you ever donated money to a charity before?,1
Thank for answering my questions.,0
you have been great.,1
Thank you.,0
Ok-thanks-I will be waiting to hear from them,0
It helps out so much!,1
Your donation will be directly deducted from your task payment.,1
"Your a great person and thanks again, have a nice day.",0
I would highly recommend it,1
I have a bunch of baby clothes inwant to donate as well.,1
"No, I didn't know but thank you for telling me!",0
So no,1
"However, I think $25 would be more beneficial and it would go to so many good causes.",1
Thank you!,0
Thank you for your donation as i guarantee you donation goes towards to the children,0
I'm not completely sure about that.,1
I would consider it.,1
"Again, no thank you",0
"I have no idea, maybe after we have 10 chat turns each",1
"I'm doing great, thanks.",0
You have an opportunity to donate to Save the Children today.,1
Some what I familiar with charity.,1
"I am fine, thanks!",0
Wonder how that will work.,1
Thank you!,0
So nice job.,1
Thank you so much for your donation!,0
I have never sought out a charity and that brings up a good point.,1
Thank you so much for your generosity.,0
"Thank you, it will help out children in need.",0
That is great!,1
Ya... Definitely they will update you every information about the child you are donating,1
I am well thank you and you?,0
im doing well!,1
So do you think you'd be willing to make a donation?,1
I have been working with a group called Save the Children for a few years now.,1
It can be as much as you want.,1
It is in fact 10 or 5% of my weekly income.,1
I think so.,1
Thank you for donating your time to the cause.,0
have noticed so many kids that are kinder and more aware than when I was younger.,1
Good for them.,1
We assist in all sorts of ways.,1
Do you know anyone personally who has benefited from charities ?,1
Your donation would assist the Save the Children organization in promoting their mission statement.,1
Know I have not.,1
Yes.,1
thank you for your support,0
You can decide to give part of the payment to save the children and keep part for yourself.,1
$0.05?,1
"I'm doing great, thanks.",0
Are you familiar with Save the Children?,1
"Thats great, Thank You",0
"Cool, it's international and non governmental.",1
"Yes, $1 - thank you",0
That is nice.,1
Thanks for that.,0
thats true to help them,1
What would donating like that help inform me on the charity?,1
Thank you so much for your time and donation.,0
Thank you for letting me know.,0
"Oh, that is really wonderful.",1
Did you ever use the services of any organizations for children to help you through the rough times?,1
Thanks and I think we can submit now,0
The charity I always donate to is called Save The Children.,1
I have not heard about it.,1
Mine either.,1
"This organization helps to children with their rights to health, education, and even safety.",1
Thank you for your donation as i guarantee you donation goes towards to the children,0
I am not sure yet. What is their website?,1
thank you!,0
"I grew up in California, lived in Louisiana, and then moved to Massachusetts.",1
What are your dogs names?,1
Do they have a car?,1
Absolutely.,1
Thank you so much.,0
That sounds important.,1
"Whatever you choose to do or the amount you want to give, I feel like you've changed my mind about charity, not the other way around, so I want to thank you for that.",0
"Ok, thank you for your time and donation, have a great day!",0
I have been following politics and things are going crazy.,1
I have to thank you again for your $1 donation.,0
You can choose any amount from $0 to all your payment.,1
They do.,1
Thank you so much! What are you hoping your donation will help with?,0
No thank you.,0
Thank you again for the donation.,0
"Thank you very much, have a nice day.",0
"However, it\'s for a good cause.",1
"Great, thank you!",0
"Unfortunately, there are way too many scam companies out there",1
"Whatever you choose to do or the amount you want to give, I feel like you've changed my mind about charity, not the other way around, so I want to thank you for that.",0
"Oh thank you so much, you have no idea how much that .50 will mean to those children, thank you very much and have a wonderful night you blessed soul.",0
"I have made donations in the past, but our money is bit tight since I'm a stay-at-home mom right now.",1
Hello,1
"You too,  was a pleasure!",1
THanks to Save the children.,0
Children truly are our future.,1
Do you ever donate to charity?,1
Your donation will be directly deducted from your task payment,1
How can I donate?,1
"Fine, thank you.",0
I am fine thank.,0
Thank you for letting me know.,0
"I am well, thank you.",0
Thank you.,0
Thanks again for donating.,0
I'm doing well thank you,0
I think maybe $30 when I get my check next Tuesday.,1
"Again, no thank you",0
what is the website?,1
"Thanks, that is awesome",0
A lot of information can be found at their website at  URL,1
Thank you.,0
Thank you so much for your generosity.,0
Thanks for having an open mind and doing what's right.,0
how long has STC been around?,1
Thanks for helping me help children.,0
yeah me too.,1
How do you feel about childrens charities?,1
The rest they for running their programs and raising funds to help more children.,1
yes that is,1
You want to join me?,1
That's awesome you have been to other countries. I don't mind helping at all.,1
No hope for the future.,1
Have you heard of the Save the Children charity?,1
"I'm doing swell, thanks for asking!",0
"Thanks, warmest regards from Alabama",0
Thank you. You too,0
Couldn't you split it 50/50? Give them $1? I mean you'd give that to St Jude wouldn't you?,1
Thank you.,0
"Awesome, thank you!",0
5 cents it is.,1
THanks to Save the children.,0
Thank you again,0
Thanks.,0
Thank you so much for that,0
How do I do that?,1
Thank you!,0
yes i am live in us,1
"All right, thank you for your time.",0
You are welcome and thank you for bringing my attention to such a well deserved charity!,0
No problem thank you,0
Okay. Thanks.,0
LOL I have a Labrador who eats everything and this shepherd beagle mix.,1
And I thank you,0
Your donation would be helping children really even a little bit helps so much.,1
That is understandable.,1
Let your heart guide you!,1
"Oh wow, that's really heart moving, it's sounds like a lovely organization",1
Do you know much about it?,1
oh at least a thousand,1
Thank you.,0
"They promote children's rights, provide relief, and support kids in developing countries. More information can be found at  URL",1
is this a religous charity?,1
Thanks for telling me about it.,0
I'd like to learn more information.,1
Thank you again for donating $10 to Save the Children.,0
Im fine thank you.,0
"I guess I will make an explicit donation agreement for Save the children, maybe I'll donate 30.00 to help them out in the future.",1
"Again, it was a pleasure meeting you and many many thanks for your kind generosity in the form of a donation.",0
Thank you for being so giving.,0
Thanks and I think we can submit now,0
I gave what was given to me .,1
Thank you,0
I hope you find something soon.,1
Thank you so much.,0
Hello!,1
"I am fine, thank you, Have you ever heard about the organization ""Save the Children""?",0
Thank you for your time and effort.,0
thank you so much for offering your help for childrens' donation,0
Haha I am trying to figure out if you're a bot.,1
"I'm doing well, thanks!",0
You are welcome.,1
Hello!,1
"thanks, same to you.",0
Thanks!,0
Children in underdeveloped countries do not have the support that other kids have and I just want to give them a chance to improve their lives.,1
That's awesome!,1
Thank you for participating!,0
Have you ever donated to one before?,1
"Thanks for your dollar, the research team will collect all donations and send it to Save the Children.",0
"Could you explain to me what the 25$ will go to exactly, is it for building houses, farms, shelters,...",1
Very much so!,1
Thank you so much.,0
I want to thank you again for bringing awareness to this important charity.,0
Thank you so much for telling me about this.,0
Thank you for asking.,0
Not even a little!,1
"Every last child., that is the mission statement.",1
"So if I decide to make a small donation, do I donate by using my mturk earnings?",1
You too!,1
Ok thank you.,0
this is very important for my life and for my family to help not only our own people but also everybody who needs tons of help,1
Thanks again for chatting with me.,0
Thank you and I do not want to be rude but I am straight talking person,0
How much is the average donation,1
Thank you.,0
Thank you so much.,0
I would like to personally thank you for that.,0
Do you ever volunteer or make donations?,1
Thank you.,0
"You know once the news media goes away I think people have a tendency to forget about how severe the impact was, but it took years and years after Katrina, remember that.",1
Thank you for introducing me to another great charity that is trying to do good work.,0
I'd like to talk about children.,1
Thanks.,0
Thank you for all that you are doing.,0
okay done.. thanks,0
thanks again,0
"Yes, I would like to hear more.",1
Not officially I am kind of the one that even strangers come up to and talk to when something is going wrong in their life and I try to encourage and comfort them and point them to a helping hand if I know of one.,1
"Thank you, you too.",0
It completely broke my heart because of their precious sweet innocence and intelligence.,1
"I'm doing great, thanks.",0
Thanks How much do you typically give to charity in a year?,0
I did it in the past.,1
That sounds great.,1
How long has Save the Children been around?,1
Maybe you could get more information on that by getting in contact with someone at  URL,1
okey.,1
Save the Children is the most trusted fund of it's kind.,1
Thanks for the oppertunity.,0
"That is wonderful, thank you for all the information.",0
"yes, have you heard about the crisis in syria?",1
"Ok, thank you for your time and donation, have a great day!",0
"Welcome, thanks for talking",0
I am fine thank.,0
"You have a lot of knowledge, thanks for sharing.",0
Okay. Thanks.,0
Do they help children right here in America,1
Thanks for your time and effort.,0
Have you heard of Save The Children?,1
Thank you so much!,0
"Ok, I thank you very much for your consideration!",0
And what do you do at the organization?,1
will you tell me?,1
Could you provide me with the link,1
Great!,1
"Nearly 90% of our funds go straight to children, with the remainder going to fundraising costs and only 5% for admin costs.",1
"Did you know that in the first 2 months of 2018 alone, 1000 kids were killed or injured in the violence happening in Syria?",1
"Again, no thank you",0
Thank you for the donation,0
Or just the United States?,1
i'm not sure.,1
I'm good thank you!,0
Thanks for the oppertunity.,0
"Thank you, I will do it for sure, have a nice day",0
Have you heard of this organization?,1
With that all said I do feel like any orginazation that aims to help the children I am more inclined to donate to them than most.,1
Thanks for telling me about it.,0
Thanks so much.,0
I've had similar things happen.,1
YES I ALSO DONATE 50 DOLLAR TO THEM AND I AM VERY TO DONATE THEM AND THANK YOU  FOR  DONATE.,0
"Wow, that sounds really fun.",1
Thank you for the information.,0
Thank you.,0
It will be appreciated it.,1
"I was about to give him some money until a representative for ""Save the Children"" walked ahead of me and help this kid out.",1
well let me tell you a little bit about the charity first,1
How much do you like to donate to the charity now?,1
Thank you and God Bless!,0
Isn't that amazing?,1
Thank you.,0
Do they have any focus right now?,1
"Thank you very much, have a nice day.",0
After we are done talking they should ask you if you would like to donate some and you can enter in whatever amount you want.,1
Ok-thanks-I will be waiting to hear from them,0
Thank you!,0
"You're so kind, the children will really appreciate it.",1
Thank you very much forthat info you have been very helpful!,0
I watched a video on YouTube a couple of years ago.,1
Thanks and I think we can submit now,0
"It is an organization that helps children from all over the world, such as the millilns of syrian children living through war",1
This donation directly goes to children's charity called Save the Children and thanks you so much for this help.,0
That's fine.,1
Thank you for donating your time to the cause.,0
Thank you for your recognition.,0
They give money to help children in other countries and get them away from viloence.,1
They are all grown up now Would you consider donating to Save the Children?,1
My pay?,1
How many people are currently donating?,1
Thank you.,0
if what you say i true i agree with you completely.,1
So it looks like you have the option to donate some of your earnings from this task to Save the Children.,1
"No, I have never hear of it",1
Thank you again!,0
thank you for donating,0
These things could be avoided.,1
Do you ever do that?,1
Thank you!,0
myself and Save the Children thank you for your time,0
Thank you.,0
Alright thank you for contributing to Save the Children.,0
in the first months of 2018 1000 children were killed or injured in intensifying violence and your donation can help to address this problem,1
"Sure, tell me more about a potential child this money would help.",1
Your .30 donation will certainly assist these children.,1
"awesome, thank you so much",0
"That's right, thanks for showing me the page, I will help many children, today I want to sponsor 3",0
I just looked it up and the manager side of the charity splits 5% if you're interested in that.,1
Every gift makes a world of difference for a child in need.,1
Thank you also.,0
Thank you.,0
"With all the negativity in the news, I'm glad to see there are still great people out there.",1
"Thanks i will, i think thats 10 too",0
"I\'m not going to donate to some generic ""Save the Children"" charity with no information.",1
Thank you.,0
"Ok, thank you so much for your help.",0
Thank for answering my questions.,0
I'm doing very well thank you!,0
No problem.,1
Wow thats way more than I would have thought.,1
I'm doing very well thank you!,0
Thank you so much.,0
"I am donating everything from this hit, then I'll do another one.",1
thanks again,0
Thank you!,0
it's so heartbreaking,1
"Let's do it, then.",1
"yes, I think I have told about my donation and now waiting for the conversation to end.  Thanks.",0
Thank you!,0
Thank you!,0
"If you would like to donate, it can come right out if your task money today",1
Ok-thanks-I will be waiting to hear from them,0
"It was founded in 1919, but also all there proceeds go to helping the children and alont in the first two months 1000 children were killed or injured.",1
Thank you Glad I was able to help  this organization with my donation,0
They help out children in the US and around the world.,1
Thank you.,0
Thank you so Mich for your donation!,0
"Well, it looks like the STC is already to help the children there.",1
Many of these children live in developing or war-torn areas where these basic necessities are hard to come by.,1
This year we are on track to hit 3 million thanks to generous people like you!,0
"I am curious why you chose the words ""rural America""?",1
Thank you for introducing me to another great charity that is trying to do good work.,0
I would like to personally thank you for that.,0
How do you feel about helping?,1
so you have completely trust your money would go where you intend to?,1
Thank you!,0
Thank you for your donation!,0
"Sounds good, thank you!",0
Thank you so much for taking the time to speak with me and also for your donation.,0
I heard that some bad weather was going to be coming.,1
"I'm doing fine, thank you.",0
Are you a cubs fan?,1
"Sure, I will donate 10 cents",1
Thank you :),0
Thank you!,0
Thank you for telling me about this organization.,0
05 is perfect!,1
Thank you.,0
"Great, thank you very much",0
"Wow, they really help people all around the world.",1
Thank you :),0
"yeah, i mean, i guess",1
"So, what are you up to today?",1
"Again, no thank you",0
I think I would like to donate 5,1
I have been looking into ways to help.,1
"sure, what's the website?",1
What does Save the Children do?,1
Thank you again.,0
"That sounds great, What countries do they help children in?",1
It doesn't take much to make a difference.,1
Thank you very much!,0
Thanks very much for your time.,0
"Have you ever heard about ""Save the Children"" before?",1
"Thank you too, have a good night!",0
"I love children and think it's incredibly important to help ensure they are educated, in safe conditions and are healthy.",1
I'm doing well thank you,0
It is an international charity that helps children in need all around the world.,1
I agree with you!,1
"They work so the chieldren can have access to health, education, safety.",1
I am fine thanks.,0
"Great, thank you!",0
Thanks for the 5 cents.,0
"What do you mean you have gotten to save $100,  You are saying it isn't a non profit?",1
Thank for answering my questions.,0
I hear ya!,1
I like to donate money and time to charities that help children so I also want to thank you for educating me on this charity!,0
Would you like to help by donating?,1
Thank you!,0
"I'm doing well, thank you!",0
"Awesome, thank you!",0
thanks again,0
Children are our future and I believe in charities helping children.,1
Thank you so much as every little counts and I appreciate your donation,0
I've only just started in the last few days and I love it.,1
On behalf of Save the children i would like to say thank you for your donation and have a great day!,0
Save the Children make the programs they support and the percentage of funding for each one available on their website.,1
Absolutely!,1
yes i like that plan,1
Thanks so much!,0
"I'm doing well, thanks!",0
"Thank you, it will help out children in need.",0
I like to donate money and time to charities that help children so I also want to thank you for educating me on this charity!,0
"Ok, thank you for your time!!!",0
so do you agree?,1
"Hopefully, more the people born more lucky can lend a hand.",1
Sounds good.,1
"The children will thank you, do you think you can do a little more?",0
Very well thanks.,0
We really dont have a big office so I dont think an office pool would get very much in donations,1
"I'm great, thank you.",0
Have an awesome day and thank you again!,0
And I thank you,0
Right.,1
I think they help pay for their education and other necessities.,1
"I like how they managed to donate through HITs too, since website has minimum amount option, but through HIT you can even help 1 cent and more",1
thank you!,0
Thank you!,0
The research team will collect the donations and send it to Save the Children.,1
No thank you,0
Thanks I would appreciate your help.,0
It's an international organization that provides relief and helps support children in developing countries.,1
Thank you for your donation!,0
"Welcome, thanks for talking",0
"yes Save the Children does in fact help find places for refugees, if you would like more info you can visit  URL s/what-we-do/emergency-response/refugee-children-crisis",1
I'll give .50 if you send are actually an mturk human.,1
God bless you.,1
"I'm pretty good, just trying to get ready for work soon.",1
Thank you once again for your donation and feel free to spread the word about the charity to others!,0
Would you donate then?,1
"Welcome, thanks for talking",0
I'm doing very well thank you!,0
Thanks for making me aware of this charity!,0
"Maybe next time you hear about the charity, or if someone asks you to donate something, just give a little each time.",1
"I am fine thanks, It's not been a long time I am on MTurk, but It is interesting how they are working on donating, Are you interested in donating?",0
I will look into that.,1
"Very Well, How about you?",1
why you laugh.,1
I am homeless and at Mcdonalds on the wifi.,1
Thanks for the info I will check it out,0
Thank you for telling me about this organization.,0
"Awesome, thank you!",0
I think that if more people realized how giving up a little in our lives could save the life of a child that more people would participate in charity. Do you think that is true?,1
sure thanks again,0
I've heard of them but other then that no not much how about you?,1
"Thanks very much, nice speaking to you.",0
Thank you so much for your generosity.,0
Okay. Thanks.,0
It's an international organization that supports children in developing countries.,1
"I'm well, thanks",0
"Great, thank you!",0
"Thank you, but no.",0
"sorry i have too keep my money, i am very poor man",1
Thank you!,0
"Thank you, have a great day!",0
this is nice.,1
Yes I would.,1
I do mostly charity walks and donations.,1
"I just wanted to make you aware that you have the opportunity to donate a portion, or all of your payment from this task to Save the Children.",1
And I thank you,0
You should!,1
"ok, thankyou for your time.",0
I wasn't given any information about the charity but am happy to help.,1
Thanks for that.,0
The easiest way you can become involved with the organization initially is with monetary support.,1
same thanks for the advice have a good one keep spreading love,0
Although obviously I think those charities are important and relevant even to me,1
Thank you for all that you are doing.,0
Ok - so can I donate $20?,1
Well they have a presence in every continent except Antarctica.,1
Thank you again,0
Thank you so much.,0
Thank you :),0
It was a poorer sector of the city so we saw a lot of poorer families,1
Thank you.,0
Thanks for talking me thru this today!,0
No thank you,0
This year we are on track to hit 3 million thanks to generous people like you!,0
I would do the same,1
I am one who like to donate.,1
I don't usually have a ton of extra money so it's not an every month kind of thing for me but I try to give at least once a year.,1
Thank you!,0
No thank you for the work that you do,0
Wow thank you!,0
You are very welcome!,1
One thing I love about Save the Children is that they have very high ratings from third-party reportings.,1
"Ok, well thank you for your time and telling me about this wonderful organization.",0
"Thanks for the donation, do you know how to submit this task?",0
Thank you for taking the time to help assist the charity and I hope that you have a wonderful day!,0
It is for a great cause.,1
"Here is their website, URL",1
I feel that it is an important organization.,1
"Yeah, 50 cents isn't too bad.",1
Would like to receive a thank you from Save the Children?,0
thanks.,0
good thanks.,0
Is it a 401(c) charity?,1
"Oh yeah, I donate to world vision, its the best for kids",1
Thank you!,0
Or do they operate primarily in America?,1
"Thank you for your time, have a great day.",0
Is there a reason children in particular are so special to you?,1
I can't wait for my check to come so I can help out in other countries!,1
Thank you also.,0
The climate is not sustainable for human life and children do not reside there.,1
And thank you.,0
They help support children in warzones  and it helps provide them with things they need,1
"I'm doing swell, thanks for asking!",0
"I am fine, thanks!",0
How much do you usually donate every year>,1
That is so great to hear.,1
Thanks and I think we can submit now,0
:)  I like that it's non-governmental.,1
I do not know anyone personally but but they are easily contacted through their website.,1
Thank you so much.,0
That's great!,1
Every little bit will help the children we are trying to save.,1
"Oh thank you so much, you have no idea how much that .50 will mean to those children, thank you very much and have a wonderful night you blessed soul.",0
Thank you.,0
You are very welcome and thank you for being so generous!,0
Thank you!,0
Did you know that most local charities depend on contributions from larger sources and there is a good chance that save the children or another like it helps out,1
"Yes I am, thank you for asking.",0
"Ok, thank you so much for your help.",0
that is so great.,1
Thank you for being so giving.,0
Thank you again!,0
Thank you For being able to be so kind hearted as well hope u have a great day and keep a smile on your face ;),0
Thank you once again for your donation and feel free to spread the word about the charity to others!,0
"Thank you, that is wonderful and you will help a tremendous amount!",0
"Ok, thank you so much for your help.",0
"good, i take care of insurance and I like my job",1
Thank you for introducing me to another great charity that is trying to do good work.,0
It would be worth even 5 or 10 cents to know these children are getting the basic things in life,1
I'll donate the whole amount.,1
Thank you.,0
Thank you very much.,0
That's great news!,1
"Great thanks, Im here to talk about the childrens charity.",0
Have you heeard of it?,1
Thank for answering my questions.,0
"Thank you so much,  you have no idea how much this will help the children in need!",0
"Thanks, especially Syria children affect more so I really worried about his future.",0
How do you donate?,1
Thank you very much for your generous donation!,0
"I'm doing fine, thank you.",0
What is the most that you have donated to them?,1
"That's wonderful, thank you!",0
"Ah, yes, the ""if everyone gave a dollar"" argument.",1
thank you for donating,0
"One more meal or a pair of shoes will be one less thing that Mim, and her parents need to worry about.",1
Remember to pass along our info to friends and family. Thank You and good night!,0
Thank you for your kind donation.,0
absolutely thank you so much!!,0
Thank you for doing this.,0
I have no idea,1
No thank you for the work that you do,0
It will be sent to Save the Children.,1
Im fine thank you.,0
You can choose any amount from $0 to all your payment.,1
How about a donation of $25 to start?,1
Thanks for your time and effort.,0
Im fine thank you.,0
Thank you very much for your $10 donation to Save the Children.,0
Yes.,1
i wish everybody could fight to make lives better of the kids,1
I'm doing pretty good for a Tuesday morning.,1
I would like to personally thank you for that.,0
Thank you!!,0
"First, is your reward contingent on my donating?",1
"Ok, thank you for your time and donation, have a great day!",0
Thank you so much! What are you hoping your donation will help with?,0
I know I could give up spending on this and it would help the kids.,1
Your donation would be of great help and most would go directly to helping these kids.,1
I have to thank you again for your $1 donation.,0
It is a really great charity.,1
No thank you as there is no guarantee to this. I'd rather donate locally,0
Thank you!,0
Thanks for sharing.,0
"If I donated and some corrupt person took it, that's the worst karma and even worst scandal imaginable.",1
Good luck with your charity,1
How much do you like to donate to the charity now?,1
"Yeah, it is really heartbreaking.",1
"Thank you so much, same to you!",0
Great! Thank you for your donation!,0
Thanks.,0
Yes pleas do,1
We could donate our earnings from this hit and still make a nickel for kibble.,1
Thank you!!,0
"All donations are used to benefit the children, both directly and indirectly (such as advertisement to help garner more donations).",1
You know some charities spend 75 percent of donations back into gathering more money and administration etc.,1
That sounds fantastic!,1
I see it with my own eyes,1
How about $1.25?,1
Something simple and easy to fix.,1
Yes you can sponsor a child and receive specific information about what your money is doing and how they are progressing each month.,1
Thank you!,0
"I am well, thank you",0
Thank you for filling me in on information regarding the charity,0
Thank you!,0
thanks will do the same,0
I hope we can fix the bad in the world by the time they grow older.,1
not much maybe a couple dollars every few months,1
Save the children was one of the charities talked about on here.,1
I'll give 0.1 today,1
"Thanks for the donation, do you know how to submit this task?",0
"They are a very reputable international non-governmental organization dedicated to ensuring children's rights to health, education, safety, etc.",1
Are we supposed to mutually agree to both give a certain amount?,1
They are so little.,1
yes that would be great i will take a look at it and tell you if i have decided to donate at this time or not,1
Thank you For being able to be so kind hearted as well hope u have a great day and keep a smile on your face ;),0
Im fine thank you.,0
Thank you.,0
Thank you for participating!,0
good thanks.,0
thank you for donating,0
You should check out their website:  URL s/what-we-do/us-programs,1
Thank you for your time.,0
"Ok, thank you for your time and donation, have a great day!",0
Not without knowing the exact organization,1
"Thanks, warmest regards from Alabama",0
I like the sound of that!,1
Thank you very much for your generous increase in the donation amount.,0
Thanks again for chatting with me.,0
Thank you!,0
yes i have a child,1
Thank you so much! What are you hoping your donation will help with?,0
Super.,1
Thank you for all the information,0
"Sounds good, thank you!",0
Oh wow!,1
Nice!,1
How much will you be donating?,1
It looks like they do fantastic work right here at home as well as globally.,1
I would very much like to donate.,1
Thank you :),0
I like Save the Children because they rank towards the top of reputable charities on the ranking sites.,1
Interesting that you know so much.,1
That great and thanks for your generousity!,0
"It sounds like a good idea, but I often get peppered with requests to donate money to various charities -- when I donate I do it to causes that I know about.",1
No thank you,0
Thank you!!,0
"Thank you, it will help out children in need.",0
Thank you for asking.,0
"Thanks i will, i think thats 10 too",0
86% of expenditures for this organization go directly to program services.,1
You as well. Thank you for the chat :),0
"Okay, thank you.",0
"Sounds good, thank you!",0
"I hope you feel guilty for not helping the kids now, because this is just your time.",1
You can choose any amount from $0 to all your payment.,1
Yes I will donate,1
"You have a lot of knowledge, thanks for sharing.",0
"Thank you very much, have a nice day.",0
Thanks again!,0
"I am well, thank you!",0
give me some reasons i should donate,1
Everything helps!,1
"Thanks, have you ben to their site yet?  URL",0
Tlk to the people of that country.,1
they are credible and ensure the money they get goes to the children,1
You are awesome for giving your hard earned money to these kids :),1
Thank you for filling me in on information regarding the charity,0
thank you!,0
I think we took ten turns!,1
"Thank you for linking the website, I will check it out right now.",0
Thank you.,0
Thank you.,0
thank you and hope it helps,0
okay done.. thanks,0
This charity also support children in the United States as well as Rohingya.,1
sure thanks again,0
sounds good thanks,0
Howdy,1
"Important to make sure their basic needs are met too -- food, clothing and shelter",1
"awesome, thank you so much",0
"i know it's not much, but wanted to do something.",1
"Thank you, you too sir.",0
Thank you!,0
Thank you for your guidance.,0
Have a good day!,1
"Does this charity help children in the United States, or do they deal mostly with children in African nations?",1
How are you tonight?,1
It's great to help.,1
"Thanks, that is awesome",0
Excellent!,1
"Well thanks, Cassidy.",0
Thank you for all the information,0
"Seriously though,  just think about giving up 1 cup of coffee/drink a day or just donating though the link at the end of this task what you would be making off of it.",1
No problem thank you for telling me about this wonderful charity!,0
Thank you.,0
Thank you for your donation!,0
Very well thanks.,0
I have as well.,1
Thanks.,0
I'm pretty good.,1
Thank you.,0
Have they raised a lot so far?,1
16.00s was agreed.,1
It can be any amount from just $0.10 to the full payment!,1
Do you think you'd be willing to donate today?,1
"The main headquarters is in Fairfield, CT, and there is also office in Washington DC.",1
I dealt with that more when I was working.,1
i will donate 0.10 today,1
I wish everyone was equally ok and I know that everybit counts,1
It's so important that there is a organization looking out for children.,1
Thanks so much.,0
Thank you for your donation.,0
"That's wonderful, thank you!",0
I have helped at soup kitchens before but that's my own extent,1
"On behalf of Save The Children, THANK YOU!",0
I'd guess that's why we're both on mechanical turk early on a Sunday.,1
How do you feel about children's charities?,1
"Thanks for the donation, do you know how to submit this task?",0
o.k. agreed 1800 dollares done,1
Thank you for your time and effort.,0
"From what I've read, it's a nonprofit that helps children in difficult situations around the world.",1
I am good thank you.,0
I am in the same boat.,1
Thank you and I do not want to be rude but I am straight talking person,0
Others have no shoes.,1
"Thanks for the donation, do you know how to submit this task?",0
"Thank you ""PERSON_1""",0
Good morning.,1
The address is  URL,1
"Once again, thank you for your donation.",0
Thank you so much.,0
I will match your contribution.,1
That is so wonderful!,1
I am doing well thank you.,0
"Like most people who do mTurk, I do really need the money to pay my bills.",1
Not really but I've been to one of their games.,1
"No, thank you!",0
"Yeah, me too.",1
"I am fine thanks, It's not been a long time I am on MTurk, but It is interesting how they are working on donating, Are you interested in donating?",0
Thank you for your donation.,0
That's nice.,1
"Once again, thank you for your donation.",0
ok that sounds great,1
Fine.,1
"Oh thank you so much, you have no idea how much that .50 will mean to those children, thank you very much and have a wonderful night you blessed soul.",0
"Thank you ""PERSON_1""",0
"Awesome, thank you!",0
I will donate 10 cents.,1
Sounds like quite the worthy cause.,1
Do you like Children?,1
What are you not sure about?,1
Have you ever seen the rate of illiteracy ?,1
"I am well, thank you.",0
"Yeah, you're welcome.",1
Thanks.,0
ITS VERY HELPFUL TO THE ORGANIZATION.,1
thank you.,0
Some of them are basically naked and have nothing.,1
I will do the same since now.,1
"On behalf of Save The Children, THANK YOU!",0
"Personally, I'm giving them the full amount.",1
Awesome..,1
Thank you!!,0
I'm good.,1
Have you heard of it?,1
Thank you For being able to be so kind hearted as well hope u have a great day and keep a smile on your face ;),0
It is based entirely on need which is mostly in third world countries.,1
And the great thing for us is that even a very small donation goes a long way due to the number of people who can donate!,1
That is wonderful!,1
There are ways to make a difference for sure.,1
It made me both angry and sad.,1
Especially animal organizations.,1
"I am well, thank you",0
Thank you for asking.,0
I'm sorry to hear you are having a hard time.,1
Thank you very much forthat info you have been very helpful!,0
Hi!,1
Thank you for being so informative and helpful!,0
Thank you.,0
"One day at a time, people like you will help make the world a better place.",1
What charity are you involved in?,1
"Thanks, especially Syria children affect more so I really worried about his future.",0
"I'm doing swell, thanks for asking!",0
Thats horrible.. Is this recent?,1
I will donate within 3 months,1
If you donate 30% I will donate 50% if you donate higher I will increase mine accordingly.,1
"I work with Doctors Without Borders too, glad there are multiple players in the region to help!",1
How much goes to administrative costs?,1
"It is going alright, thanks",0
"Great, thank you!",0
Thank you!,0
"Thanks, especially Syria children affect more so I really worried about his future.",0
"So, how much would you like to donate to this organization?",1
Thank you.,0
I would like to give 100% of the task payment.,1
It is worldwide or one specific country?,1
"Yes, Thank you for time and attention, and thanks for helping.",0
You seem partial to save the children.,1
That great and thanks for your generousity!,0
Thanks!,0
Thank you for your contribution!,0
I'm glad you are fighting for a cause to help others.,1
Thanks for the information.,0
Thank you :),0
Thank you!,0
"However, I think a lot of people would question whether these charities are legitimate.",1
"Thanks i will, i think thats 10 too",0
"Thank you, but no.",0
And you?,1
Don't you want to be part of the solution by giving as much money as possible to Save the Children so they can help as many children as possible?,1
I hate hearing about children being subjected to violence.,1
Thank you!,0
sounds good thanks,0
Of course I care.,1
"Great, thank you!",0
I would like to donate $2 then.  Thank you!,0
"No, I didn't know but thank you for telling me!",0
Im fine thank you.,0
What's really fascinating is that you can actually directly contribute your reward for this task directly to that charity.,1
Thank you for your donation!,0
Thank you so much for telling me about this.,0
"I am fine, thank you, Have you ever heard about the organization ""Save the Children""?",0
Thank you!,0
"I have three children myself, and the welfare of children around the world is a very important cause to me.",1
This isn\'t money you\'ve even seen yet though.,1
OK thanks.,0
"Ok, thank you for your time!!!",0
That's why we don't have extra money.,1
Thanks you too,0
"I'm very well, thank you.",0
Thank you for telling me about this organization,0
Thanks and I think we can submit now,0
I understand.,1
Thank you again for the donation.,0
Is the charity international?,1
Thank you for participating!,0
If we can get a group of Investors this organization can reach a larger spectrum,1
How much do you want to donate on the chat today?,1
"I'm doing well, thank you!",0
Thank you.,0
How does that work?,1
Yep.,1
Thank you so much.,0
Hello how are  you doing today?,1
You will?,1
"can't complain, youreslf?",1
have you ever heard of the charity save the children?,1
Thanks to you too.,0
"Thank you for your time, and for the opportunity.",0
"Ok, thank you so much for your help.",0
Would you like to be able to assist some of these children by donating any amount of your choosing up to $2?,1
"Yes, what would this charity be doing to save the children?",1
myself and Save the Children thank you for your time,0
Many children in war zones are struggling,1
I am fine thank.,0
How are you today?,1
It's awful.,1
Thank you!,0
No problem thank you for telling me about this wonderful charity!,0
I'm sorry I'm just not able to at this time but thank you for telling me about this organization.,0
"All right, thank you for your time.",0
"Thank you, I would like to make a 50 dollar donation but first.",0
"ok thank you sounds good,",0
"Yes, I have heard that.",1
thank you very much,0
"Fine, thank you.",0
The only meal they get are the free meals from school.,1
Ok.,1
"That's wonderful, thank you!",0
It was lovely chatting with you.,1
"Your a great person and thanks again, have a nice day.",0
Thank for answering my questions.,0
I'm still not sure.,1
"Volunteering and helping others with your time and effort is great, but in the meantime how can you help?",1
Thank you so much.,0
That's great!,1
thanks again,0
"Awesome, I'll head over there right now and support it thank you.",0
"No, I have not.",1
"Whatever you choose to do or the amount you want to give, I feel like you've changed my mind about charity, not the other way around, so I want to thank you for that.",0
A little goes such a long way!,1
"Good, thanks!",0
Thank you for your time.,0
How much will you be planning on donating to the charity?,1
I see children everyday even in my community who do not have enough to eat and they are not able to afford to go to the doctor.,1
Thank you.,0
Thanks.,0
Thank you for your donation and for supporting children in need.,0
I happen to agree!,1
I guess so.,1
"I'm great, thank you.",0
Would you be willing to donate any of your task payment to this charity today?,1
No thank you,0
we helping a person to better their life this is what we humans do,1
"thanks, same to you.",0
thanks,0
Thanks for the oppertunity.,0
"In reality, all this would cost is the time you've spent hear.",1
"Well thanks, Cassidy.",0
Thanks for your help and have a good Turk day :D,0
"i help with everything they say to me, now im helping finding people donating, thank you for the donation today, god bless you.",0
"Well, in case you didn't know, Save the Children is a great charity that focuses on helping kids around the world.",1
Thank you!,0
"Thanks, I don't consider myself that great, but any little difference i can make makes me feel good about myself",0
I'd like to talk about children who weren't born with the same as opportunities.,1
okay done.. thanks,0
Well I hope that my $1.10 helps those poor children and when i dont need to rely on HITs for money i'd love to donate more.,1
Thank you again for donating $10 to Save the Children.,0
I would like to donate,1
do you ever heard something bad about this kind of charities ?,1
Thank you,0
I can understand that I donate regularly to St Judes Childrens hospital myself. I appreciate your commitment to your cause and it is an important one.,1
"It is going alright, thanks",0
Thanks for telling me about it.,0
i love that idea too!,1
"Thanks i will, i think thats 10 too",0
My friend had refer me.,1
Me too!,1
"Great thanks, Im here to talk about the childrens charity.",0
"We do whatever it takes to save children, transforming their lives and the future we share.",1
Thank you for telling me about this organization.,0
Thank you for participating!,0
You are right.,1
Thanks for your quick responses btw.,0
"I will look in to donating my time locally, thank you!",0
On behalf of Save the children i would like to say thank you for your donation and have a great day!,0
thank you very much,0
Ya if everyone is ready to donate something what i someone having is we can able to control the poor and we have some pride,1
I would like to donate,1
No need to be sorry.,1
You are welcome and thank you for bringing my attention to such a well deserved charity!,0
Thank you.,0
Thanks for helping me help children.,0
Thank you for the lovely chat and educational information.,0
They are good also but right now this is the organization that needs it most.,1
Thank you so much! What are you hoping your donation will help with?,0
You can choose any amount from $0 to all your payment.,1
And I just learned today that they have partnerships that match individual donation - so every amount a person givves is actually doubled.,1
How much would you like to donate to the organization?,1
Just because it is not happening somewhere that you see everyday does not mean that it does not exsist.,1
"They're asking for $50, I was thinking more like $20.",1
And I thank you,0
You should feel so good donating,1
How are you doin today?,1
Thank you for telling me about the charity.,0
Really?,1
goodnight!,1
"Thanks, that is awesome",0
"I do volunteer work that supports the organization, actually.",1
"ok, thankyou for your time.",0
It's definitely a motivator!,1
What was the monetary donation you were seeking?,1
Thank you!,0
"Yes they can, thanks again",0
They are a well established charity that has been working around the world for several years.,1
Thank you.,0
Your donation will be directly deducted from your task payment.,1
I'm doing very well thank you!,0
No I haven't.,1
"Yes it is, totally non-profit and these children need so much help, I ask you to contribute to a very worthy cause.",1
Same here!,1
Thank you and have a wonderful day,0
"I'm not sure if I want to, but I can give a little.",1
Every day I watch the news and hear about victims all over the world and feel kind of powerless.,1
It is not necessary to donate hundreds of dollars.,1
How can I donate and how much?,1
Do you want to kick in a little?,1
Would you like to help and donate to them?,1
That is something I could really get behind.,1
I have been to third world countries in South America and seeing the living conditions of some people is very tough.,1
I don't waant anyone to go hungry.,1
"Hello, are you familiar with the charity: Save the Children?",1
That's why it's so important to do research before donating.,1
thank you very much,0
Over the next few chats I'm going to tell you the story of Bruce a child that like alot of these chidren need help but threw Save The Chidren found it.,1
Good thanks!,0
Absolutely!,1
hello i am fine thank you,0
"Thank you so much, same to you!",0
Thank you.,0
Thanks and I think we can submit now,0
that needs your help right now!,1
hello i am fine thank you,0
Thank you,0
Thank you so much!,0
Thanks for your donation.,0
I already have you down for $0.05.,1
"Learn about the places we work, the challenges children face and the results we achieve, thanks to supporters like me and you.",0
"Oh, that's wonderful!",1
"I have a special, special request for a special person like you.",1
"The research team will collect all the donations, you just have to say how much you want to donate",1
Please look at our website  URL You can find out a lot about Save the children. It shows you all our sucess stories.,1
Thank you!,0
You don't have to give much.,1
Thank you.,0
do you heart for the organization save the children,1
"Thank you I am not trying to get you to donate any more than that, I just want you to realize what a great impact you will be making on the world..",0
They are really serious about helping children.,1
What kind of camera do you have?,1
"I am fine thanks, It's not been a long time I am on MTurk, but It is interesting how they are working on donating, Are you interested in donating?",0
It's heartbreaking!,1
"We all do, but for now, there are children in need and this organization does amazing work",1
"They give children a healthy start in life, the opportunity to learn and protection from harm.",1
Thank you so much.,0
So i'd really like to thank you for your interest and time.,0
Am so glad to hear that,1
Thank you for your donation and for supporting children in need.,0
There is a lot of info about the organization there.,1
"Ok, you too.",1
You can choose any amount from $0 to all your payment ($2).,1
Unfortunately they all live far away.,1
"Okay thank you, the charity really appreciates your donation today and thanks you, how much would you like to do?",0
You?,1
"Bummer, even 5 cents of your pay out helps!!!",1
"If you could donate a small amount from your task payment, it would be big help to these unfortunate little people.",1
"This percentage is adjusted each year end ??Â¸??Â¸ as of 2017, it is 86%.",1
"I'm doing swell, thanks for asking!",0
Does the charity send updates on how the child is doing if I sponsor?,1
Thank you for your time,0
Thank you!,0
thank you for donating,0
Thank you for telling me about this organization.,0
"So it will go to pay for the flights to get the team over there, medicine, food, everything needed to help these children",1
"I'm doing well, thank you!",0
"I have worked with some charities in the past, Our Daily Bread for one, and I like the fact that Save the Children's focus is solely on the welfare of children.",1
thanks!,0
I like to donate money and time to charities that help children so I also want to thank you for educating me on this charity!,0
"I'm doing well, thanks!",0
Thank you very much.,0
Thanks for talking me thru this today!,0
Thank you,0
"Sure, tell me more about how it's used",1
I will donate $100 to them today.,1
Thank you for filling me in on information regarding the charity,0
Thank you too.,0
I always donate if it is for children causes.,1
Thanks again for donating.,0
"Thank you ""PERSON_1""",0
Thank you very much.,0
"Also, please include the $ sign with your pledge.",1
Thank you so Mich for your donation!,0
"I would, I usually donate some portion of my winnings when it's a children's charity.",1
I can't manage much as I am short on cash,1
How are you doing today?,1
"Thank you for donation, there will never be enough people like you in the world!",0
You can choose any amount from $0 to all your payment.,1
"That is fantastic, thank you!",0
Thank you,0
"86% goes to help children, 9% goes to fundraising and 5% goes to management and other things.",1
Thanks for your attention and help.,0
that is great. i am always amazed at how generous people are willing to be.,1
How noble of you!,1
do you know Save the children?,1
"You are right, but you can donate a portion of your payment to this organization and continue to donate to your charities.",1
sounds good thanks,0
Nice talking to you as well.,1
Great!,1
I am doing well thank you and same here,0
thank you so much for offering your help for childrens' donation,0
No.,1
would you consider making a donation?,1
I am doing well thank you and same here,0
Do you have a smartphone that takes good pictures?,1
thank you very much,0
"Thank you, I would like to make a 50 dollar donation but first.",0
Mostly into hiking these days - how about you?,1
It was a pleasure talking to you as well!,1
Thank you for your recognition.,0
Is there any other way to get involved besides donating?,1
"Thank you for linking the website, I will check it out right now.",0
"Well, most people suck.",1
Choose all of it!,1
Could you make a small donation of 25 cents?,1
Yes.,1
"That's wonderful, thank you!",0
"I personally haven't ever dealt with them, I have just seen a lot of commercials and heard about the organization for many years.",1
I see - how many years have you been with them,1
I am somewhat familiar with them,1
Sounds wonderful!,1
"Thanks to our growing community of child sponsors, we increased our impact and reach ??Â¸??Â¸ helping 29% more children than we did in 2014",0
I love this group because they help millions of children worldwide and do a great job of making sure my donations are actually used to help children.,1
"Thank you, it will help out children in need.",0
What do you think about that?,1
May I confirm our donation agreement is in fact $10 ?,1
Thank you.,0
And thanks for helping!,0
OK thanks.,0
"Just to give some more info, they are a charity you can trust to actually do the work they promise to do.",1
Do you know anyone that has worked for them?,1
"Again, you're only giving me an opinion.",1
And thanks for helping!,0
donating money to them,1
"That's right, thanks for showing me the page, I will help many children, today I want to sponsor 3",0
Thanks for agreeing to donate!,0
And thanks for helping!,0
"Well, I just usually give $20 or $30 to a handful of charities that I love.",1
I may do that.,1
"Ok, sounds good.",1
Just $1.00 could help tramendously.,1
Thank you for your recognition.,0
I've heard good things about Save the Children.,1
I will donate $10 to Make a Wish.,1
Thank you so much.,0
"I'm great, thanks.",0
"Yes I am, thank you for asking.",0
"Again, no thank you",0
Thank you also.,0
sorry but not now.,1
But I also would like to help others.,1
Thank you.,0
What would you say is the amount of a the common donation that  someone like myself would donate.,1
Yeah I'm going to donate a couple dollars after this.,1
Thanks for being aware of that particular nuance.,0
Thanks for the oppertunity.,0
"It looks like this chat is supposed to be to learn more about ""Save the Children"".",1
No thank you,0
Greetings!,0
we have to walk early and late.,1
Thank you very much.,0
I will have to take a look at the website.,1
No problem thank you,0
Do you know how many children have been helped due to this organization?,1
Thank you again.,0
thank you.,0
thanks again,0
Thank you.,0
Thank you for your donation.,0
"I'm sorry to hear that, but I assure you that your humble donation will not go unrecognized.",1
"Yeah, it does sound good.",1
You as well. Thank you for the chat :),0
I don't have much. How about .25?,1
Thanks for your donation.,0
Oh I'm so sorry to hear that.,1
No thank you,0
"Curious, how willing would you be to donate to the cause?",1
Things like that?,1
Have you ever been on their website?,1
I will donate 25 cents of the 75 cents of this task.,1
Thank you again for your willingness to help with this wonderful organization!,0
They ar doing the work of god .,1
Thank you.,0
I'll keep them in mind and do some research into them.,1
Thank you.,0
Thank you for the donation,0
Thank you.,0
I'm doing very well thank you!,0
"In the first two months of 2018 alone, 1,000 children were reportedly killed or injured in intensifying violence.",1
Before I can donate I will need to know how this organization has help.,1
"Thank you for your time, and for the opportunity.",0
okay done.. thanks,0
Does this cause have a very personal meaning to you?,1
Thanks for making me aware of this charity!,0
Thank you so much.,0
My family would just get through somehow.,1
I am not sure I am just very biased,1
"Your a great person and thanks again, have a nice day.",0
"Hi, how are you today?",1
Thank you!,0
We have SO many places to go to for help,1
"Sounds good, thank you!",0
"Yeah I've seen a lot of the news on Syria, it's horrible.",1
Thank you very much!,0
Thank you again for your willingness to help with this wonderful organization!,0
"Yes, donations to the charity are 100% tax deductible",1
would you like to donate something from your task payment for this cause,1
I'm proud too.nice working with you.,1
Your donation will help make these children's lives better in some way.,1
I would like to start making a difference today.,1
That great and thanks for your generousity!,0
Hi there,1
Thank you for your generosity!,0
"Again, no thank you",0
0% of the donations are used to profit the organization or anyone working for the organization.,1
thanks,0
"Thank you, but no.",0
Some of them are in school too.,1
Do you like to donate to charities?,1
"The more I read about them, the more I am thinking that they are a very worthy charity organization.",1
thanks again,0
"hi, how are you?",1
You can choose any amount!,1
It should be specialized,1
Thanks again!,0
Like I said even a small donation of 5 cents is tremendous to them.,1
"If the research team in charge of this agreed to send a portion of your payment for this task to Save the Children, would you agree to that?",1
Thank  you,0
So glad to help,1
"Okay, thank you.",0
Thank you for being so giving.,0
"I will look in to donating my time locally, thank you!",0
"I am fine, thanks!",0
"I'm great, how are you?",1
they even have something on their site that allows you to sponsor a child.,1
"Yes, I am interested in donating.",1
"Thanks, warmest regards from Alabama",0
How much would you like to donate to the charity now?,1
Thank you.,0
We're asking people today to give a small part of the payment for this HIT to the charity.,1
Thank for answering my questions.,0
I definitely agree with all those points.,1
"I am well, thank you!",0
Yes I do.,1
I would like to to donate $1.00 as a mturk worker,1
I have a little girl and it only makes me want to do more and more for her.,1
They are always looking for donations.,1
"Thank you for your time, have a great day.",0
Thank you,0
Thank you!,0
Thanks.,0
The organization will make good use of your money,1
"Good point, I think I may consider it",1
"Thank you for your time, have a great day.",0
Thanks for your donation.,0
I believe it will go to good use.,1
Will you consider a donation?,1
Today you can donate up to .30 cents.,1
These surveys are a good way for us to get involved and help those in need........Dont you agree ?,1
"Also, thank you.",0
Well thats fantastic of you.,1
I happy to help them.,1
Thank you.,0
Thank you for your generosity!,0
I don't like to donate to for profit businesses.,1
Are you interested?,1
thanks,0
"Yes, Well I thank you again for your donation and I wish you a very happy rest of your day!",0
Thank you for telling me about the charity.,0
Thank you very much for your generous increase in the donation amount.,0
Thank you.,0
Thank you!,0
There was a child who died of hunger and I think my donation will help other children.,1
He came to meet Bruce .,1
Thank you for your kindness.,0
Thank you for being so giving.,0
Do you think charities should be more transparent about how they will be using the funds?,1
Remember to pass along our info to friends and family. Thank You and good night!,0
Thank you for asking.,0
"In the U.S. and around the world, Save the Children does whatever it takes ??Â¸??Â¸ every day and in times of crisis ??Â¸??Â¸ to ensure children grow up healthy, learning and safe.",1
So we'll need to chat a little bit more about donations; is there any particular issue going on with children in the world today that you've been following in the news or that you care more about?,1
I think that is is awful and sad.,1
do you volunteer too?,1
Thank you.,0
"Right, but I would like to know specifically what organization.",1
That's so important.,1
I'll start with $1 and maybe give more later :),1
"I know I always feel so selfish when I'm eating lunch and I see a commercial for people who are starving, it just really gets to me and I'm so glad you care about making a difference as well!",1
Right?,1
if there isn't coverage then people tend put it out of their minds.,1
"Thank you, I would like to make a 50 dollar donation but first.",0
Great.,1
Certainly.,1
"Well, we at Save the Children would like to thank you for your donation and let you know that thanks to donors like you, children around the world are thankful",0
Thank you for your donation.,0
I can do 0.30 cents at the moment.,1
Thank you so much for your time and the effort you are putting towards this very reputable charity!!,0
What kind of children's charities do you know about?,1
"I am fine, thanks!",0
Thank you for chatting with me.,0
Thank you for your help!,0
I've been a donor and advocate for years.,1
How do I make the donation?,1
I was on their website today and saw that they do a lot of great work to help kids out that are in need.,1
I'll make a $20 donation today and keep researching this charity.,1
And I thank you,0
ok thank alot,0
Are you involved with charities?,1
Thank you For being able to be so kind hearted as well hope u have a great day and keep a smile on your face ;),0
"I'm doing swell, thanks for asking!",0
"Sounds good, please feel free to share!",1
Thank you so much.,0
Thank you!,0
"Again, it was a pleasure meeting you and many many thanks for your kind generosity in the form of a donation.",0
yes i am.,1
thank you.,0
I believe it!,1
"I am doing good, thanks for asking.",0
"Thanks to our growing community of child sponsors, we increased our impact and reach ??Â¸??Â¸ helping 29% more children than we did in 2014",0
Thank you again,0
Thank you!,0
"Great, thank you!",0
Thank you for your time and information!,0
I have a sister who is under eighteen.,1
That is so kind of you :),1
i'm doing great!,1
Thank you for the information.,0
yes thats ok,1
You can check us out at  URL,1
This lump sum will be used to buy mass quantities of supplies at inexpensive prices.,1
Wow that is amazing!,1
"Thank you, I'm sure the children will appreciate it.",0
i am alway happy to help,1
Thanks I would appreciate your help.,0
"Thanks, I don't consider myself that great, but any little difference i can make makes me feel good about myself",0
Thank you so much.,0
hi how are you,1
We work for everything that we have.,1
Thank you so much for that,0
The researchers behind this HIT are gathering up donations so that they can give the money to the charity all at once.,1
A little goes a long way :),1
Good how are you?,1
"Yes, thank you.",0
i cant do that either.,1
I'm fine with staying at $0.50 as long as you are,1
Thanks.,0
Thank you very much.,0
"Your donation will help to ensure children's rights to healthcare, education, safety, etc",1
Thank you again for donating $10 to Save the Children.,0
Thank you so much.,0
Thank you for the compliment and your generous donation !,0
Glad your week is starting off well.,1
It definitely seems like a fun way to make some extra money.,1
"They identify the parents who were deported back to their countries of origin, while their children remain separated and detained in the U.S. As these parents are identified, they work to help them locate and safely reunite with their children, and from there, support them in getting access to essential services they need to re-establish themselves.",1
Thanks again for donating.,0
Thanks for making me aware of this charity!,0
"I see on the local level how much of donations stay local and what gets spent on things I would call ""stupid"".",1
In the first 2 months of 2018 alone 1000 children were reportedly killed or injured.,1
Thank you.,0
Thank you so much!,0
Is America helping?,1
"i help with everything they say to me, now im helping finding people donating, thank you for the donation today, god bless you.",0
Thanks for the oppertunity.,0
"Save the Children is an international non-governmental organization that promotes children's rights, provides relief and helps support children in developing countries.",1
"Once again, thank you for your donation.",0
"I am fine, thank you, Have you ever heard about the organization ""Save the Children""?",0
Thank for helping to the cause.,0
I am fine thanks.,0
I would if I could.,1
Thank you for helping...save the children.,0
I'm in a tough financial situation right now so i really need money but i would like to donate.,1
Yeah lol,1
Thank you,0
Thanks for sharing.,0
Everybody deserves the option to be happy.,1
yes we are 0.15 is it right?,1
Thank you for your recognition.,0
The research team will collect all the donations and send it to the charity.,1
Thanks.,0
How about the fact that they have been around for over 100 years scams do not stay around that long,1
all over the world.,1
Thank you for your kind donation.,0
"Well, we at Save the Children would like to thank you for your donation and let you know that thanks to donors like you, children around the world are thankful",0
You can choose any amount from $0.50 to all your payment.,1
How much would you like to help with?,1
"I will look in to donating my time locally, thank you!",0
good morning!,1
Wow!,1
It's not easy for me to give anything and no charity has ever helped me.,1
You too and Thanks again!!,0
Thank you for being so giving.,0
"I'm doing swell, thanks for asking!",0
The donation would be 100% tax deductible too,1
It appears to be comething called Save the Children.,1
Thank you again for donating $10 to Save the Children.,0
"Sounds good, thank you!",0
That'd be fantastic!,1
Sure I like their mission and believe it can help a long way to help others,1
myself and Save the Children thank you for your time,0
I am fine thanks.,0
Thank you Glad I was able to help  this organization with my donation,0
Go ahead,1
Thanks for the 5 cents.,0
It would be great if we could work together to assure that everyone have at least those basic necessities met.,1
"Thank you, it will help out children in need.",0
I wasn't aware that they did all of that.,1
I'm good!,1
Yes I have Heard,1
"Sure, what is it?",1
How much do you donate?,1
They do so much good for under privileged kids.,1
"I believe in this charity, but still wonder how much of the money I donate actually helps.",1
I was thinking to donate around 10 cents for save the children.,1
"Right, nice chatting with you.",1
I'm earning extra money on Amazon Turk to help support them.,1
You are very welcome.,1
Thank you and have a wonderful day,0
"Thanks, I don't consider myself that great, but any little difference i can make makes me feel good about myself",0
"I understand that, and you guys raise money here on this site?",1
They are credentialed internationally and have a great reputation for using their money wisely.,1
"On behalf of Save The Children, THANK YOU!",0
"I really like how groups of people come together to make up these organizations, it so nice to see them helping people, in this case children.",1
hello,1
"Thats great, Thank You",0
"Thank you so much for your donation, every bit helps :)",0
thank you.,0
"yes I like to give to doctors without borders, they risk their lives to go where they are most needed",1
How do you feel about people who just born unlucky?,1
"Also, thank you.",0
I'm sorry I'm just not able to at this time but thank you for telling me about this organization.,0
Thank you!,0
Have you heard of our charity Save the Children?,1
"I never know who is in charge, who is taking what, and where the money truly goes.",1
"Thank you, you too!",0
That's fine with me.,1
So then you would be willing to donate 0.50 of the money you earn from completing this taks?,1
Is that the organization that is helping single parents obtain support from absent parents?,1
"Thank you, that is wonderful and you will help a tremendous amount!",0
"I am fine, thanks!",0
"I'm great, thank you.",0
"Thank you I am not trying to get you to donate any more than that, I just want you to realize what a great impact you will be making on the world..",0
that is so nice of you.,1
Your time is valuable.,1
How are you doing today?,1
definitely I like to help in anyway that I can to help children and animals.,1
"Okay, that sounds great!  Thanks!",0
"thanks, same to you.",0
Always with ISIS.,1
No thank you.,0
"Thank you so much for your donation, every bit helps :)",0
"Great, thank you very much",0
Thank you!,0
Have you heard of Save the Children?,1
I know when I donate to them that my money is being used wisely!,1
"It is going alright, thanks",0
thank you so much for offering your help for childrens' donation,0
Okay I'll put it in my quarter if you put in yours and have an awesome day!!,1
"Tell me a little about it, because I heard of it but don't know where the money goes?",1
thank you for this conversation,0
what about you?,1
It looks like they will be celebrating their 100 year anniversary soon.,1
"I'm well, thanks",0
my parents were always in a good situation to be able to raise me well.,1
Thanks for the oppertunity.,0
I would think it is very valuable,1
I see I got a really kind person to talk to.,1
Would you like to help an important cause?,1
Thank you so much.,0
Oh yeah.,1
URL Perhaps a visit to this website would increase your generous donation a few dollars?,1
"Thank you so much for your donation, every bit helps :)",0
Isn't it?,1
I just want to thank you for helping out this great charity.,0
Any amount would help.,1
Thank you so much!,0
Thanks so much.,0
Thank you for your donation.,0
Would you be willing to donate a bit more.,1
"Hello, I would like to ask you to consider making a donation to Save the Children, an international NGO committed to promoting children's rights, and providing support for children in developing countries.",1
How much are you donating?,1
Well the charity collects money to help protect children's rights all across the globe.,1
Imagine not have clean water to drink.,1
Thank you!,0
What kind of work do they do?,1
Just last year they helped a total of 155 million children!,1
Thanks How much do you typically give to charity in a year?,0
Children should be with their parents!!,1
Thank you for introducing me to another great charity that is trying to do good work.,0
If only all kids were so lucky.,1
That sounds like a very worthy cause.,1
It will be automatically processed for you by the requestor. :),1
Thank you for taking the time to help assist the charity and I hope that you have a wonderful day!,0
Education is must for everyone in the world.,1
good how about you?,1
But it's been mostly local church related activities.,1
Before I lived in New Mexico I also lived in Wisconsin and Minnesota.,1
"Their assistance is directed toward children in developing countries, where, unlike most of the US, children are totally deprived of opportunity and basic services.",1
"Save the Children assists these children with their education, protection and emergency programs.",1
"If you're doing this task then you might be able to afford it, but if you can I'd probably say you should really donate it all just this one time.",1
where are you from??,1
"I'm ready to donate, tell me how!",1
Thank you for agreeing to make a donation.,0
i would donate,1
Well we are up early.,1
You as well!,1
Yes I will give my earnings to the Save the Children charity.,1
"Thanks, warmest regards from Alabama",0
"They are an international non-governmental organization that promotes children's rights, provides relief and helps support children in developing countries.",1
"Okay, thank you.",0
"Yes I have, but I don't know a lot about it.",1
"I am doing good, thanks for asking.",0
"Yes, thank you.",0
Thank you so much for your generosity.,0
It breaks my heart.,1
"And thank you, I'm sure this week will be relaxing for me as well.",0
There are a few for sure.,1
We really appreciate it.,1
I hope they allow for pen pals as well.,1
Thank you so much for telling me about this.,0
have you?,1
So we have the opportunity today to donate some of our payment to them.,1
Do you have a moment to chat about social issues?,1
"Yes, I try to help time to time",1
Thank you.,0
Good thanks!,0
That's amazing.,1
How are you?,1
They seem to be.,1
I see that an organization called Save the Children is already mobilizing to help.,1
yes I can donate.,1
I remmember a case of a children that lost his oparents at war in Syria.,1
Thank you again!,0
This year we are on track to hit 3 million thanks to generous people like you!,0
Thanks for the oppertunity.,0
"Thank you, I will do it for sure, have a nice day",0
I hope you are well today.,1
There just isn't the population to warrant it.,1
I can participate directly through volunteer hours and I can also actually visit the children that I help through my family's donations.,1
Thank you so much.,0
"It is an international organization that promotes children's rights, provides relief and helps support children in developing countries.",1
Wow thank you!,0
wow! thanks on behalf of the organization! that is generous!,0
Please be specific about how it will help these children that save the children claims to be saving?,1
"Whatever you choose to do or the amount you want to give, I feel like you've changed my mind about charity, not the other way around, so I want to thank you for that.",0
I like that they are transparent. It adds to their credibility.,1
There is so much poverty and sickness here.,1
thanks,0
"Although I do appreciate all of your info, I am not interested in making a donation at this time.",1
How would I know that the money is actually being used to help children and not just pocketed by the people that run the c harity,1
The research team will collect all donations and send it to Save the Children,1
You can donate anywhere from $0 to all of your task payment today.,1
I think we should give all that we can,1
"Of course, its a great organization to support",1
have you ever thought about volunteering for something like this?,1
I am fine.,1
thank you for your approach.,0
"Okay, that sounds reasonable",1
Thank you!!,0
Okay.,1
I'm doing well. Thanks.,0
"I'm great, thank you for asking!",0
Thank you for all the information,0
And You?,1
Thank you. You too,0
thank you very much,0
Thanks for being aware of that particular nuance.,0
Thank you!,0
"I'm well, thanks",0
Thanks!,0
"Well thanks, Cassidy.",0
"To be clear, how much are you willing to donate?",1
WIth some charity you never know just how much really goes to help the kids.,1
I hope that each of us can make a conscious decision to start donating some of our paychecks each week to help children and families around the world.,1
I have been supporting this charity for 15 years.,1
Thank you for your time today.,0
Their motto is to help children's future...that every child deserves a future,1
there are some really good ideas that would be fun and for a good cause,1
"I am doing fine, thanks for asking.",0
I'm doing well. Thanks.,0
"hi, have you done this before?",1
yes I do,1
It was great chatting with you.,1
I agree.,1
"No, but then I don't watch much TV, certainly never commercials.",1
How many children do they help annually?,1
It takes so little money to help feed a starving child.,1
Great!,1
Excellent!,1
Thank you for the lovely chat and educational information.,0
"I'm great, thanks.",0
Your donation will be directly deducted from your task payment.,1
"Ok, thank you.",0
No thank you.,0
"Well thanks, Cassidy.",0
How can i help?,1
I have heard of Save the Children but I'd rather keep my donations US-based,1
"Yes, very often",1
Save the children do amazing work with kind kids,1
Thank you very much.,0
oh i would donate money too even it 5 dollars,1
"I think save our children is incredibly important, becuase children are the ones who need it most.",1
"thanks, same to you.",0
Thank you!,0
They are also big on sending girls to schools in other countries.,1
Thank you so much!,0
"Have a good night, take care :)",1
That sounds good.,1
Just found out there are tons of sick kids right now over seas that need help,1
And I thank you,0
"Well, it was nice to meet you and thank you for agreeing to donate today!",0
"Thank you, I would like to make a 50 dollar donation but first.",0
Wow thank you!,0
They are in touch with officials in Hawaii.,1
It was nice talking to you.,1
"I'm glad that Bruce was taken in, though.",1
"Fine, thank you.",0
You can choose any amount from $0 to all your payment.,1
That is amazing.,1
Thank you!,0
Thank you again.,0
Thank you :),0
"I have hard circumstances too, but I know there are millions of children that are worse off.",1
I cannot thank you enough for that.,0
"If you could donate some money today, how much would you donate?",1
I will donate half of my earnings.,1
The research team will collect all donations and send it to Save the Children.,1
It is an international non-governmental organisation.,1
Thank you.,0
"Thanks very much, nice speaking to you.",0
They do greeat work at least I think what about you?,1
Do you usually donate?,1
It is for the charity Save the Children.,1
The money goes directly to the organization in order to help.,1
I reviewed the site quickly.,1
thank you!,0
"Great, how much would you like to donate today?",1
I'm fine how are you.,1
"Great thanks, Im here to talk about the childrens charity.",0
"Those who are really trying to do ""good"" for others will be more than happy to show proof of where donations are going or at least letting one know how those donations will be put to use.",1
It good to stand by your word and giving to the children.,1
I know when I make donations I always be sure to get the facts first now.,1
That would be real low on my list of priorities.,1
For today I would like to donate $.30,1
I understand that.,1
Thank you very much for your $10 donation to Save the Children.,0
right.,1
"Hi, how are you?",1
Save the Children donations go straight to the needy.,1
"However, I am of the opinion that we should provide relief to causes in our country first.",1
Would you?,1
I hope you're able to raise a lot of donations.,1
Thanks.,0
"Thanks to our growing community of child sponsors, we increased our impact and reach ??Â¸??Â¸ helping 29% more children than we did in 2014",0
A dollar can buy a lot!,1
Thank you so much for donating!,0
Thank you so much as every little counts and I appreciate your donation,0
Did you know 5.6 million children die every year do to preventable and treatable causes?,1
Very welcome.,1
"That is super important work, obviously.",1
Thank you again for donating $10 to Save the Children.,0
Thanks.,0
Thank you for telling me about this charity,0
I would appreciate it if some of the funds could be donated.,1
"Thanks very much, nice speaking to you.",0
Thank you very much.,0
We are so pleased by your donation today!,1
"I am fine thanks, It's not been a long time I am on MTurk, but It is interesting how they are working on donating, Are you interested in donating?",0
"Thats great, Thank You",0
How do I know my money will go where it supposed to?,1
so will you donate to keep the children nourished and kept safe,1
I like to donate money and time to charities that help children so I also want to thank you for educating me on this charity!,0
Thank you for your time,0
Ok thank you.,0
You are such a blessed partner in our cause!,1
Thanks.,0
"Anyways, even 50 cents goes a long way you know?",1
"Possibly, I'm not sure.",1
thank you for your approach.,0
I don't like children but perhaps you do.,1
$1.50 sounds good then.,1
"That is wonderful, thank you for all the information.",0
Thank you for being so informative and helpful!,0
there are the future of the word,1
You are welcome and thank you for bringing my attention to such a well deserved charity!,0
Save the Children is a wonderful charity to donate to.,1
"Thanks for the info, guess I am skeptical.",0
"Sure, absolutely. In 2017, 86% went to Program services - or services that directly help aid these children. 9% went towards fundraising efforts, and 5% went towards our Management & other general costs. In 2018 we anticipate similar numbers.",1
I do have a soft spot for children.,1
thanks!,0
I am doing well thank you and same here,0
"Great, thank you!",0
Not as much as the starving children in Syria who don't even have a phone/desktop to do this hit.,1
You can tell me how much you would like to donate from the money you are getting for this task. Any amount at all will help and it's automatic.,1
"I'm great, thanks.",0
oh thats good,1
"Once again, thank you for your donation.",0
okay i will check it.. by the way how much did you donate?,1
"Hi, i'm doing great! how are you?",1
Save the children are you aware of what thwy do,1
Thanks for making me aware of this charity!,0
"I can imagine, that is horrible.....",1
Thanks for your quick responses btw.,0
Thats so kind. The research team will collect all donations and send it to Save the Children.,1
"It was Syrian children in a classroom, they were coloring pictures.",1
Thanks.,0
and you can!,1
And the money raised helps feed and clothe them.,1
Thank you.,0
I would like to donate $2 then.  Thank you!,0
"Save the Children is a very well known, credible organization with transparency.",1
This task pays $2.,1
"Very well, thank you.",0
That is appealing.,1
Thank you so Mich for your donation!,0
Yes they are!,1
Your donation will be directly deducted from your task payment and the researchers will pay via Save the Children.,1
"thank you,I just want to help this world and especially the children within it and save the children is doing that job",0
Do you donate to this charity?,1
Thank you.,0
"Once again, thank you for your donation.",0
Thank you so much.,0
Hello!,1
"Okay thank you, the charity really appreciates your donation today and thanks you, how much would you like to do?",0
Thank you so much for telling me about this.,0
Thank you for telling me about this charity,0
Thank you very much for your $10 donation to Save the Children.,0
Thanks again.,0
They also don't disclose their funds,1
I agree that children in both settings need help and commend you for your efforts.,1
thank you sir.,0
Thank you for being so informative and helpful!,0
"thank you,I just want to help this world and especially the children within it and save the children is doing that job",0
"That's wonderful, thank you so much!",0
Thank you for your donation and for supporting children in need.,0
Thank you so much!,0
The Red Cross and Greenpeace were my main charity donations this year,1
Thanks again for supporting such a great cause! :),0
Thank you so much.,0
Thank  you!,0
"There are FAQs on the website that can address all of those concerns, which I certainly can understand.",1
That's great! Thank you very much for your donation!,0
Thank you.,0
Which is why i trust them.,1
"I will look in to donating my time locally, thank you!",0
you can read more on this link:  URL s/about-us/leadership-and-trustees,1
OK thanks.,0
"very fair, it is good that all contribute little to the help of children all over the world",1
Thanks again.,0
"Thank you too, have a good night!",0
"i notice they didnt send money to my child though, he is sick and overseas?",1
Thank you for your time and effort.,0
I have been donating money to save the children for 5 years.,1
Ok thank you.,0
"Therefore, we could help the children for their livelihood as well as for their education.",1
I have to take care of my disable family member and I really can't afford it.,1
"Yes they can, thanks again",0
thank you!,0
How much of your earnings would you be willing to donate?,1
Thank you!,0
It is a worthwhile cause and every penny has a significant impact on these children's lives.,1
Currently they are looking for individuals to help their cause.,1
We must do something about it,1
Thank you so much!,0
Thank you so much for your time and donation.,0
hello.,1
"Ok, I thank you very much for your consideration!",0
Okay. Thanks.,0
"That's always good, it's not good to donate somewhere that they don't give to what they're supposed to be donating to",1
Yes it is  URL,1
Thanks How much do you typically give to charity in a year?,0
Thank you,0
"Great, thank you very much",0
Thank you so much!,0
Haha.,1
I have to get going.,1
if you give 1 dollar i will also give 1 dollar,1
thank you!,0
What are your plans for the day?,1
Hopefully our government will do something rather than relying on those of us who are moral to donate.,1
That sounds great!,1
"they promote childrens rights, help with medical treatment if necessary",1
no,1
"I'm doing great, thanks.",0
Thank you for your kind words.,0
Thank you!,0
"That's right, thanks for showing me the page, I will help many children, today I want to sponsor 3",0
How are you?,1
Thanks!,0
Thank you.,0
"yes, sure sir",1
"Your a great person and thanks again, have a nice day.",0
Thank you so much for your contribution.,0
How much would you like to donate and be part of the solution to help our little brothers and sisters in Christ?,1
"Awesome, I'll head over there right now and support it thank you.",0
"Thats great, Thank You",0
Thank you,0
Thank you also.,0
That really wouldn't bother me at all.,1
He was hungry with no food.,1
It's only fair.,1
I already checked their website.,1
They are an organization that sales to african countries and does hundreds of thousands of surgeries on children in need.,1
"Have you ever heard of ""Save the Children""?",1
What I give away takes food from my mouth.,1
Thanks so much!,0
So i'd really like to thank you for your interest and time.,0
I have heard about it but I do not know wgat they do,1
Thanks!,0
Thanks.,0
How did you come to find out about this charity?,1
Those are very good questions.,1
"Sounds good, thank you!",0
I would like to donate $0,1
It was good.,1
Very well thanks.,0
Charity is a good way to get a collective group of people to make a change in the world.,1
"On behalf of children worldwide, thank you for your kindness.",0
Thanks again for chatting with me.,0
PA!,1
"No, I don't believe I have.",1
Think about how much money you spend on non essentials in your life.,1
Thank you!,0
"In the scheme of things, a life is a life, but I am American and feel it important to help my fellow Americans",1
Thank you.,0
That would be so sweet of them.,1
Thanks for talking me thru this today!,0
Thank you.,0
Thanks for your quick responses btw.,0
I am headed out to do some community work today.,1
Thank you for agreeing to make a donation.,0
Did you know that there is an option to do that for this HIT?,1
Thank you.,0
Wow thank you!,0
Let's do that then.,1
Thanks so much.,0
"I am fine thanks, It's not been a long time I am on MTurk, but It is interesting how they are working on donating, Are you interested in donating?",0
Hi!,1
Thank you so much for your time and donation.,0
Maybe I will have to do some research first.,1
I am careful when I want to donate too,1
yes i do,1
"They promote children's rights, provides relief, and helps support children in developing countries.",1
I have.,1
I am well today thank you.,0
hello i am fine thank you,0
"ok, I will get it out to as soon as possible!",1
Thank you for your generosity!,0
You will be helping children from 120 countries.,1
i hope you will also donate to make a wish.,1
"Ok, that sounds good.",1
Every child deserves to have nutritious food.,1
What's Save the Children all about?,1
It really breaks the heart.,1
That is such a great organization isn't it?,1
"Welcome, thanks for talking",0
Great job!,1
Thank you for taking the time to introduce me to this charity!,0
I like that information out there.,1
Thank you very much for your generous donation!,0
Thanks for telling me about it.,0
Exactly.,1
We will donate .10 and hopefully that will make a difference.,1
$0.10-Can you see this?,1
Thank you. You too,0
"between preventing the spread of aids, reducing the infant mortality rate with proper education and vaccinations, and ensuring access and aid to proper nutrition so many children could be saved.",1
I tend to find it easy to be sympathetic towards several different types of charities.,1
Thank you!,0
"Great thanks, Im here to talk about the childrens charity.",0
Thank you on behalf of these kids.,0
"No, thank you!",0
Ok thank you.,0
Actions as well as donations help keep the Charity afloat and able to help children around the world,1
The charity I'm helping is called Save the Children.,1
Would you be interested in a donation?,1
So i'd really like to thank you for your interest and time.,0
Wow that's awesome.,1
But it will make a huge difference for those in need.,1
I live in the US and volunteer all of the time for childrens charities.,1
Do you know when the charity began?,1
"I am supposed to ask you if you care about people being killed in Syria and things like that, I don't want to cause you any emotional discomfort by talking about suffering people.",1
"Thanks for your dollar, the research team will collect all donations and send it to Save the Children.",0
How often are you able to do that?,1
"oh ok I'm sorry I have read wrong, if I would be willing to donate with pleasure is a good cause",1
"In Africia, Asia, etc.",1
It wouldn't matter how big or how small the donation is.,1
Thank you so much for your generosity.,0
Would like to receive a thank you from Save the Children?,0
What percentage of your total donations come from these large corporations.,1
How much would you be willing to donate today?,1
Oh really!,1
How are you today?,1
That is incredibly generous!,1
thank you.,0
SHe picked out a child with the same birth month as one of her kids.,1
Thats sad so many children were killes,1
Thank you.,0
I work hard to help children as well.,1
thanks again,0
"Absolutely, they are the future generation and it's imperative that they are nurtured and looked after.",1
I make donations to charity regularly but not from jobs that I do.,1
Thank you,0
"Nope, it will all be handled on my end.",1
That is very kind!,1
"no this one time is good, thanks",0
YES I ALSO DONATE 50 DOLLAR TO THEM AND I AM VERY TO DONATE THEM AND THANK YOU  FOR  DONATE.,0
Thank you.,0
So I just looked it up and they do a lot of work for children around the world.,1
yes it does,1
Have a good night!,1
Thank you for your donation!,0
sound good.,1
Do they find family's for the children or are they running a orphanage?,1
"Hello, How you doing",1
I'll have the research team collect the donate and send it to Save the Children.,1
Thank you!,0
thank you so much!,0
"I think you sell people short, especially since we are talking about numbers in a table.",1
Thank you for your contribution!,0
I hope more people think like you and me,1
Thanks for your quick responses btw.,0
I am thinking about it.,1
thank you for this conversation,0
yeah i did.,1
With all the organizations out there it is hard to tell a good one and a bad one.,1
Im fine thank you.,0
Thank you.,0
What do I need to know about them?,1
ohh how much donation would yoy expect?,1
Thank you very much!,0
great you too,1
"Thank you, it will help out children in need.",0
"I really need the money that i'm earning for this task, so I feel like giving 10 cents to this charity is fair.",1
Sure thing.,1
"Thank you very much, have a nice day.",0
"Every day, 16,000 children die before their 5th birthday, mostly from preventable causes.",1
"Ok, well thank you for your time and telling me about this wonderful organization.",0
Would you be interested?,1
I hope you have a great day!,1
Thanks!,0
Ok thank you,0
Just think.,1
"Yea, hello.",1
Good thanks.,0
Thank you!,0
Thank you very much.,0
"Thanks i will, i think thats 10 too",0
Thank you for being so informative and helpful!,0
I know.,1
Thank you!,0
Thank you.,0
"It was nice talking, thanks for all you do.",0
Thank you.,0
URL,1
Thank you for your time and effort.,0
Thank you.,0
"Thanks, warmest regards from Alabama",0
What about you?,1
I cannot thank you enough for that.,0
How much do you like to donate to the charity now?,1
"Save the Children is an international non-governmental organization that promotes children's rights, provides relief and helps support children in developing countries.",1
Thank you.,0
Is this organization a 501(c)(3)?,1
They use  9 out of every 10 dollars spent  towards programs and services for children and families in need.,1
"Whatever you choose to do or the amount you want to give, I feel like you've changed my mind about charity, not the other way around, so I want to thank you for that.",0
"Thank you for your time, have a great day.",0
Thank you for telling me about the charity.,0
Today is beautiful!!,1
This has been a great HIT!,1
Yes.,1
"awesome, thank you so much",0
"Oh, the same.",1
"no this one time is good, thanks",0
"Well, thank you for wishing me well.",0
Sometimes I question the actual impact of money donated to charities.,1
This goes into a different fund.,1
"not a nonprofit organization that helps kids around the world, I've gotten to save $ 100",1
Yes - someone needs to be looking out for those children!,1
thank you so much for offering your help for childrens' donation,0
That is a good charity it makes me happy to donate,1
Yes I'm going to donate and thought you might want to also.,1
"yes, I can do that.....",1
I want to help out as much as I can.,1
Wow thank you!,0
Indeed.,1
What do you think?,1
ok thank alot,0
there is no other children charity ?,1
"well if your making that much off one hit on mechanical turk, I need to switch professions",1
"I'm doing fine, thank you.",0
Can you tell me more about it?,1
Well Save the Children is a very reputable organization and your donation would be used for a good purpose.,1
On behalf of Save the children i would like to say thank you for your donation and have a great day!,0
"Yes, Well I thank you again for your donation and I wish you a very happy rest of your day!",0
30 or more,1
Have you ever heard of Save the Children?,1
Donations made from people like you can directly improve the lives of thousands of children all over the world.,1
I have not made a donation recently.,1
"every other month or so, but not to them",1
How much would you be willing to donate?,1
"You can choose any amount from $0 to all your payment.""",1
I do the same but also get involved regularly.,1
"yes, I think I have told about my donation and now waiting for the conversation to end.  Thanks.",0
I will be sure to donate.,1
I like to donate money and time to charities that help children so I also want to thank you for educating me on this charity!,0
Great! Thanks so much and I'm just so happy to be able to donate,0
I will do $10 to both.,1
I agree.,1
I'd like to chat with you about a children's charity today.,1
Thank you.,0
Have a great day and thanks for the chat!,0
How does it help children?,1
Hello chat partner!,1
Thanks.,0
"Thank you, you too",0
"I thank you very much, with what you know about save the children",0
It was fun.,1
Hello!,1
Is there a way to donate other items such as clothes or my time?,1
I am glad the Researchers are helping too!,1
thank you so much for this.,0
"Whatever you choose to do or the amount you want to give, I feel like you've changed my mind about charity, not the other way around, so I want to thank you for that.",0
"That's wonderful, thank you!",0
Thank you.,0
Are you going to start donating to Save the Children?,1
It saved on clutter and felt great to give to charities.,1
Have you heard of that charity before?,1
Thank you.,0
I pay money to the Royal National Institute for the Blind.,1
The children will greatly appreciate it.,1
Thanks so much.,0
What do they do?,1
"you can help them by donating, do you want to donate?",1
You've been great.,1
"Hi, it all depends on who you really are, if it's for a person very close to me if I'm willing",1
I am doing well thank you and same here,0
"That is wonderful, thank you for all the information.",0
A donation for a child is very neccesary,1
You can decide how much you want to donate.,1
"Thank you, I will do it for sure, have a nice day",0
thank you very much,0
Thank you.,0
"I'm doing well, thanks!",0
Have you heard of them?,1
But I don't have money to donate.,1
Well it is not much but if everyone would give a little it would make a huge difference in this world we live in.,1
"I have two sponsored kids myself, one from Ghana and one from Mexico and they send me letters every month.",1
thank you for your support,0
Thank you for all that you are doing.,0
Great! Thank you for your donation!,0
Thank you.,0
"Thank you so much, same to you!",0
Your donation will be directly deducted from your task payment.,1
Thank you for helping...save the children.,0
That is not my intention.,1
Thank you and have a wonderful day,0
You can make your choice now or after I've told you more about the charity.,1
How much money do you spend daily on extras like a coffee or treat?,1
thanks again,0
I guess I could throw them .10,1
I don't have any experiences like that but I'm sure it must have been very difficult and scary to go through that as a child.,1
"Same here, they have many option to help, We can donate or We can participate in their events",1
Thank you very much!,0
I want to thank you again for bringing awareness to this important charity.,0
Thank you.,0
Thank you for telling me about this organization,0
"I don't currently, I have donated to an animal shelter a few months ago however.",1
We spend money on so many little things each day and we have the moral responsibility to help.,1
"Well, thank you for wishing me well.",0
"Personally, I always round it up to the nearest dollar for any charity I feel connected to.",1
"Well, it was nice to meet you and thank you for agreeing to donate today!",0
Thanks to you too.,0
YOu donation is going to help address these problems.,1
I'd like to donate $0.50,1
I just want to thank you for helping out this great charity.,0
Hope you have lots of fun at the carnival!,1
What's their website address?,1
"a little, what do they do?",1
Thanks again for chatting with me.,0
"Yes, $1 - thank you",0
The kids there are struggling.,1
How are you?,1
"We spend so much money on other things, but the moment someone asks for a little charity, we make up many excuses.",1
That's nice.,1
Thank you for your time.,0
Thank you.,0
I will.,1
"Yes, it is good.",1
Thank you so much.,0
thank you!,0
what other organizations?,1
I appreciate you telling me about this but I am not interested,1
Just recovering from the long weekend.,1
i usually do donate to charities,1
Thanks again.,0
Thank you for the lovely chat and educational information.,0
"Oh, thanks for the website, I am sure that it has a lot of information that I could use to learn more about it.",0
I would choose 0 in this instance,1
"I am well, thank you",0
"Thank you, you too.",0
"I'm great, thank you.",0
Thank you also.,0
Children need your help,1
Thank you and I do not want to be rude but I am straight talking person,0
I am not willing to donate from my study payment as this money is vital to me.,1
I loved that they set up shelters that were child friendly because t's so hard for kids to be away from home like that,1
Visiting the organization's website allows you to understand how even a small donation can have an impact.,1
No I don't have any other questions.,1
This will impact my decision on how much to give.,1
Thank you so much for your time and donation.,0
Thank you for your kind words.,0
"As a parent of one, I woudn't want to see my child go through many of the hardships that children of very young age would go through.",1
"Definitely, Are you interested in such things?",1
But the good news is that STC is already  ready to help out!,1
"thank you for the information, I think I am ready to donate",0
Thank you!,0
"Thank you, I would like to make a 50 dollar donation but first.",0
Thank you for your donation.,0
Thanks for the oppertunity.,0
"Where, on their website?",1
"I'm doing well, thank you!",0
Everything really helps out.,1
Cool thank you.,0
I am so grateful there is a way for me to help financially!!!,1
i think one dollar will help,1
Thank you for your kind donation.,0
Have you heard of it?,1
thank you so much for offering your help for childrens' donation,0
sure can you send it to me,1
Thank you,0
Thank you very much.,0
So i'd really like to thank you for your interest and time.,0
Thats amazing.,1
"Agreed, they post their yearly audit reports so that individuals can track where the funds are allocated.",1
Yes it goes straighr to the save the children,1
Thank you for participating!,0
"Thank you, I would like to make a 50 dollar donation but first.",0
"I've donated $ 100 to this organization, sorry",1
I would have to see it to know.,1
Thanks!,0
Thank you.,0
"YES, I KNOW THAT.",1
No I didn't know that.,1
"Yes I am, thank you for asking.",0
And thanks for helping!,0
Would you be willing to donate your earnings from this task to Save the Children?,1
"Thank you so much,  you have no idea how much this will help the children in need!",0
Thank you for your time,0
"There areas that you can volunteer too, if you have the skillset.",1
I am fine thanks.,0
So $1 is your donation?,1
How do I know I can trust the charity will do the promised thing with my donation?,1
I'll match your donation.,1
Do you think you would be willing to make a small donation to Save the Children today?,1
ok so i will donate $25 to Breed the children right?,1
How much would you like to donate to the charity?,1
Thank for answering my questions.,0
"When making the donation, what are the steps?",1
"Sponsorship of a child might be interesting....I'd like to know what my donation is being used for, and that it's actually helping someone.",1
Glad you took your time.,1
"true, we live a life and it would be more fun to live beautifully and happily but not only for ourselves but to be happy for all the people who surround us somewhat",1
Where are you from?,1
Thank you.,0
and surprisingly my reward did not even change,1
"I am doing fine, thanks for asking.",0
So many children die every day due to starvation and acts of violence in these developing countries.,1
"Thanks very much, nice speaking to you.",0
"Also, thank you.",0
I am well thank you and you?,0
Thank you for telling me about this organization.,0
Would like to receive a thank you from Save the Children?,0
Cool thank you.,0
I guess I could do that.,1
Thank you very much.,0
Would I find additional information about this charity in GuideStar?,1
Thank you.,0
"Learn about the places we work, the challenges children face and the results we achieve, thanks to supporters like me and you.",0
Thanks.,0
Thank you for your donation.,0
Well it was lovely chatting!,1
That $0.01 donation will go a long way to helping children.,1
Great! Thanks so much and I'm just so happy to be able to donate,0
"Save the Children is a worldwide charity that give children access to healthcare, safety, and advocacy thanks to donations like yours.",0
I'm doing very well.,1
You are welcome and thank you for bringing my attention to such a well deserved charity!,0
Thank you and I do not want to be rude but I am straight talking person,0
"Thank you so much,  you have no idea how much this will help the children in need!",0
I'm doing very well thank you!,0
This donation directly goes to children's charity called Save the Children and thanks you so much for this help.,0
awesome  well the charity I am hoping you will consider is Save the Children  I know I would like to donate to this charity that will help children,1
You can choose between $ to all of your payment you will be making by completing this task.,1
thank you for donating,0
I like to donate money and time to charities that help children so I also want to thank you for educating me on this charity!,0
Have you ever personally worked with them?,1
Your individual donation will help individual children and their families.,1
I think this is the last chat exchange.,1
Thank you Glad I was able to help  this organization with my donation,0
I think they are a trustworthy organization.,1
Thank you for your donation!,0
Have you heard of the charity called Save the Children?,1
Sure.I would be glad to. How much money do you think I should give?,1
Hi Tommy I'm Cassidy.,1
Tell me more,1
Thank you for your kindness.,0
"Thank you, you too",0
yes it is a very good idea,1
Any donation we give will make an impact around the world.,1
They are preparing child-specific and focused supplies in case they are needed.,1
Thanks again.,0
Thank you and have a wonderful day,0
Thank you so much.,0
That's perfect!,1
"nice to meet you, do you know any good children's charities",1
This year we are on track to hit 3 million thanks to generous people like you!,0
I am!,1
Thanks.,0
I did not.,1
Thank you for participating!,0
No thank you.,0
You know you can donate a portion of your payment from this directly to Save The Children.,1
"Thanks very much, nice speaking to you.",0
I'm in the process of racking up as much money as I can and donating part of that to Save the children.,1
yes is the most beautiful life,1
Thank you and God Bless!,0
Whatever amount you donate will go directly to the kids.,1
You can choose any amount from $0 to all your payment.,1
I was as well!,1
Thank you very much!,0
Thank you For being able to be so kind hearted as well hope u have a great day and keep a smile on your face ;),0
"I'm doing well, thank you!",0
Thank you for your time,0
Thank you.,0
"Thank you, you too.",0
"Yes you can write them letters and they can write you back, thanks!",0
Thank you so much for your time and donation.,0
"Thats great, Thank You",0
"Thank you again, and have a great day.",0
How about .20?,1
thanks will do the same,0
"Yes they can, thanks again",0
"Learn about the places we work, the challenges children face and the results we achieve, thanks to supporters like me and you.",0
"I am well, thank you.",0
"On behalf of children worldwide, thank you for your kindness.",0
What if i told you that you have the opportunity of a lifetime to make a change in the world?,1
What does 5 dollars get these children?,1
"I know they are a well established charity so should have all the resources, administration wise, to get the money where it is needed most.",1
Thank you for your donation as i guarantee you donation goes towards to the children,0
"Great, thank you!",0
"That is fantastic, thank you!",0
Thanks again.,0
Thank you.,0
Yes i believe we have a couple more turns left so I'll educate you more on where your donation is going.,1
"Thank you, I would like to make a 50 dollar donation but first.",0
thanks,0
"Very well, thank you.",0
Save the Children has a proven track record of using donations efficiently and effectively.,1
"Also, thank you.",0
Thank you so much!,0
I'm glad we good agree on a charity to donate to.,1
This particular organization is helping the future of our world by ensuring that children's rights are protected all over,1
Yes they will,1
Thank you.,0
Thank you!,0
Is this an American charity?,1
Does it come from our reward/bonuses?,1
Thank you for telling me about this charity,0
I already help an organization but would be glad to help another one too.,1
Our children and grandchildren are so blessed.,1
No but this doesn't end till you do.,1
Thank you.,0
Thank you!,0
I think I'm going to donate the money I earn today to Save the Children.,1
You as well. Thank you for the chat :),0
"Awesome, you are making a world of difference for children around the world.",1
Thank you.,0
No problem!,1
"I'm lucky to feed myself and my children, but I believe I could probably manage to send $5",1
"I wouldn't suggest all of your payment, but just a small amount would help",1
Can you imagine living in extreme violence?,1
Child Friendly Spaces also serve as a protective mechanism from abuse and psychosocial distress helping children both during and following crises.,1
Thank for helping to the cause.,0
Thank you for chatting with me.,0
Thank you!,0
Thank you very much!,0
Don't you?,1
Thank you very much.,0
That sounds perfect.,1
And thanks for helping!,0
.60 firm.,1
I am good thank you.,0
"Welcome, thanks for talking",0
Thank you Glad I was able to help  this organization with my donation,0
"Fantastic, you are a very generous person and this money will help the cause greatly",1
Thanks!,0
"Thank you, I would like to make a 50 dollar donation but first.",0
Thank you!,0
Thanks!,0
Thank you for your donation.,0
And thanks for helping!,0
thank you!,0
What types of programs do they offer?,1
You as well. Thank you for the chat :),0
"That's right, thanks for showing me the page, I will help many children, today I want to sponsor 3",0
It is only paying you $0.20 complete the HIT?,1
Thanks very much for your time.,0
"Also, they have been given high ratings from different charity watchodgs.",1
"Very well, thank you.",0
you personalty are willing to donate today?,1
Thanks I would appreciate your help.,0
Children are being hit with bombs they are looking for help in war zones,1
"Ok, thank you for your time and donation, have a great day!",0
Thank you for your donation.,0
Very well.,1
Would like to receive a thank you from Save the Children?,0
"Thank you, I will do it for sure, have a nice day",0
"Right now, Save The Children is matching every donation from $10 and up.",1
usually thats how you persuade ppl to donate.,1
"I plan on doing some more surveys, then taking a drive up on the parkway and have a picnic.",1
I don't really have anything planned this week yet.,1
"Same here, Specially when i see how they are clear with their financial and how they try to help all children all around the world",1
Very well thanks.,0
"They work hand in hand with the red cross and UNICEF to bring help to those in need, often aiding personally with their voluntaries besides cooperating with the money",1
"Ok, I thank you very much for your consideration!",0
Thanks again.,0
Thank you for asking.,0
"It is really sad that Save a Child exists, the world should be a safe place for children and there should be no need.",1
"I am well, thank you.",0
"From the task you are doing, you can donate as much or as little as you like.",1
Ok thank you.,0
Thank you!,0
"Thank you, you too!",0
Thank  you!,0
I recently have become acquainted with a charity that is actually doing everything we have discussed and is seeing some real results!,1
Thank you again for the donation.,0
"Meanwhile, you could feel great about helping those kids who really need your support!",1
"you would help me , thank you for your conversation",0
What is the name of the organization?,1
Thank you for taking the time to help assist the charity and I hope that you have a wonderful day!,0
Thank you on behalf of these kids.,0
"I don't know how much time we have left to chat, but it's been great to (electronically) meet you!",1
"Well, have you ever heard about Save the Children charity?",1
"Yes, you can donate from $0 to all of your payment from this task to the Save the Children today.",1
Thank  you!,0
"I am fine thanks, It's not been a long time I am on MTurk, but It is interesting how they are working on donating, Are you interested in donating?",0
But they're down on donations.,1
Thanks for the oppertunity.,0
I am curious what we can do to help.,1
I am fine thank.,0
And a few other local charities specifically for children.,1
Thank you for the donation,0
Thank you for participating!,0
Thank you.,0
Thank you for agreeing to make a donation.,0
Thank for answering my questions.,0
I would like to donate $2 then.  Thank you!,0
thank you and hope it helps,0
"This charity is called Save the Children and is an international non-governmental organization that promotes children's rights, provides relief and helps support children in developing countries.",1
hello i am fine thank you,0
"Well, thank you for wishing me well.",0
So i'd really like to thank you for your interest and time.,0
Thank you.,0
"Thanks, warmest regards from Alabama",0
Thank you so much.,0
"Well, it was nice to meet you and thank you for agreeing to donate today!",0
Have a nice day!,1
"Thank you, it will help out children in need.",0
That's great!,1
This is really going to make a difference in these children's lives.,1
Thank you and have a wonderful day,0
Thank you very much.,0
I am fine thanks.,0
So I would definitely be willing to help.,1
No thank you,0
"Great thanks, Im here to talk about the childrens charity.",0
"For instance, millions of Syrian children have grown up facing the daily threat of violence.",1
"Yes, I have.",1
Thank you.,0
Do you have any more information about the organization that you could tell me?,1
"Wonderful, is there any way you like to help out by donating any part of your payment for their needs?",1
"Yes you can write them letters and they can write you back, thanks!",0
"Thank you I am not trying to get you to donate any more than that, I just want you to realize what a great impact you will be making on the world..",0
well I have to go to work in a little while here how about you?,1
sure I can donate but what is the game?,1
"(one last high five before I go) I'd love to chat with you more, but I have to run off --- my coffee is brewing and waiting for me to indulge.",1
Thanks again.,0
"I'm great, thank you.",0
And thanks for asking me too.,0
"I assume you\'ve heard about the organization called ""Save the Children"" then?",1
Thanks.,0
Thank you so much.,0
What kind of stuff do they do to help the children?,1
"Thank you for linking the website, I will check it out right now.",0
It's really hot here too.,1
WOW!,1
Thanks for having an open mind and doing what's right.,0
Thanks.,0
No thanks.,0
Have you ever heard of evangelism?,1
Thank you.,0
I think I have,1
"Oh thank you so much, you have no idea how much that .50 will mean to those children, thank you very much and have a wonderful night you blessed soul.",0
"Yea, ive came across it a few times on different internet ads.",1
Okay. I can donate $20.,1
Thank you for the donation,0
They are asking people to donate to their emergency fund.,1
"Thank you again, and have a great day.",0
Have you?,1
same thanks for the advice have a good one keep spreading love,0
Im fine thank you.,0
Thank you so much for your time and donation.,0
Thank you again!,0
Ok-thanks-I will be waiting to hear from them,0
I understand.,1
I was hoping you would think about it too.,1
"Thank you, that is wonderful and you will help a tremendous amount!",0
I'm doing very well thank you!,0
"I would like to, but I really can afford to donate anything right now.",1
Thanks How much do you typically give to charity in a year?,0
Do I get updates on a specific child if I donate monthly?,1
thank you!,0
Cool thank you.,0
thank you.,0
Thanks for agreeing to donate!,0
"ok thank you sounds good,",0
Thank you for all that you are doing.,0
Great! Thank you for your donation!,0
"Because of circumstances beyond their control, millions of kids never reach their full potential.",1
Have an awesome day and thank you again!,0
Thank you also.,0
I'd like to talk to you about something that's very dear to me.,1
I understand that.,1
Thanks again!,0
Thank you so much for your generosity.,0
I'm sorry to hear that.,1
Can I please talk to you about donating to a charity named Save The Children?,1
thank you again for agreeing to donate a portion to save the children.,0
As in my weekly paycheck?,1
I was just getting ready to ask you if you would be willing to donate some of today's payment to Save the Children.,1
"Thank you, I will do it for sure, have a nice day",0
Thank you very much forthat info you have been very helpful!,0
That's great! Thank you very much for your donation!,0
i have heard about it.,1
Thanks How much do you typically give to charity in a year?,0
"5 dollars buys a latte, and I think it should be easy for me to give up a coffee a month.",1
Before you say no would you like to hear of some more reason as to why you should donate?,1
I am well today thank you.,0
"There is a lack of support for children in developing countries, especially in war zones.",1
"no this one time is good, thanks",0
Can you just commit to 10 cents?,1
Thank you for taking the time to help assist the charity and I hope that you have a wonderful day!,0
thank you.,0
"If you'd like to get a better idea of what Save The Children does, and how to possibly donate, you can visit their website at  URL",1
I've donated to a few in the past,1
"Thank you for linking the website, I will check it out right now.",0
"Thank you for donation, there will never be enough people like you in the world!",0
Same here.,1
Im fine thank you.,0
thank you so much!,0
"No, I didn't know but thank you for telling me!",0
Helping children and pets is one of the donations I enjoy making and helping at the same time.,1
Every little bit help.,1
Thank you for telling me about this organization,0
I'd like to think that even a few cents from a lot of people would be helpful.,1
o.k. task done,1
It's weighing heavy on my heart.,1
Do you know on average how much money the charity makes per year?,1
"I'd rather donate to Ronald McDonald - how much are you donating, though?",1
"Oh, thanks for the website, I am sure that it has a lot of information that I could use to learn more about it.",0
"The children will thank you, do you think you can do a little more?",0
how much do you want to donate today?,1
Thank you for telling me about this organization.,0
"Ok, thank you for your time and donation, have a great day!",0
Thank you.,0
"I am well, thank you!",0
thank you.,0
thank you for your approach.,0
"Learn about the places we work, the challenges children face and the results we achieve, thanks to supporters like me and you.",0
It's really appreciated.,1
How much will you be donating?,1
"Very well, thank you.",0
I definitely understand.,1
Greetings!,0
i might donate,1
"Oh yes, I have heard that they do very important work!",1
No thank you,0
"Okay, thank you.",0
This is true.,1
"I've done hits kind of like this, where the end goal seemed to be to gauge peoples charitable giving with their task payments.",1
They are very noble.,1
save the children sounds like an amazing organization.,1
You choose the location.,1
Thank you very much.,0
I am born and raised in Florida,1
Thanks for sharing.,0
That is wonderful.,1
thank you.,0
Yes.,1
How much to you plan on donating today considering that we may get a bonus?,1
"Thanks for your dollar, the research team will collect all donations and send it to Save the Children.",0
I believe that most people would make a choice to help with what they could without any sense of guilt or obligation.,1
"I'm great, thank you for asking!",0
Thank you.,0
thank you for donating,0
Thanks for making me aware of this charity!,0
thank you.,0
This organization has been around for a long time.,1
thank you again for the 5 cents donation.,0
I wonder what the member recommendation is for St Jude,1
"On behalf of children worldwide, thank you for your kindness.",0
Okay great.,1
Greetings!,0
Thank you,0
It just sucks that millions of Syrian children have grown up facing the daily threat of violence.,1
I'm glad you had a relaxing week!,1
Thank you.,0
Have you personally donated?,1
Thank you for taking the time to help assist the charity and I hope that you have a wonderful day!,0
"Ok, thank you for your time!!!",0
Thank you for your donation as i guarantee you donation goes towards to the children,0
"Awesome, good chat!",1
"On behalf of Save The Children, THANK YOU!",0
sure thanks again,0
"if you care for this cause, then me donating my time should be sufficient",1
Thank you so much.,0
Thank you for telling me about this organization,0
"Save the Children is and how your donation is essential to help ensuring children's rights to health, education, safety, etc.",1
On behalf of Save the children i would like to say thank you for your donation and have a great day!,0
Thank you so much.,0
Do you consider yourself someone that wants to make a change in the world?,1
Thank you for agreeing to make a donation.,0
Please say yes to their most basic needs.,1
me too..i see many commercials for charity on TV and it breaks my heart..,1
Thank you for your guidance.,0
No thank you as there is no guarantee to this. I'd rather donate locally,0
Thank you so much.,0
thanks,0
Definitely more in need of monetary donations.,1
"That's wonderful, thank you!",0
I am not sure how much time we have left and I don't know what to next ha ha.,1
"Well, we at Save the Children would like to thank you for your donation and let you know that thanks to donors like you, children around the world are thankful",0
Thank you!,0
"Great, how soon are you planning to?",1
Thank you. You too,0
Hi would you like to donate to the Save the Children Foundation?,1
Absolutely.,1
I just want to thank you for helping out this great charity.,0
"They are an international charity that provideds food, basic supplies and reief to children in developing countries",1
I like to donate money and time to charities that help children so I also want to thank you for educating me on this charity!,0
For sure.,1
This wonderful charity helps suport children in developing countries!,1
I've heard of them.,1
"me too, DONT BETRAY MY TRUST",1
It sounds like fun.,1
Thank you.,0
"Fine, thank you.",0
"Perfect, we will be sending over an email to setup your account info so you can track it and make any future donations if you desire.",1
"I agree that rich people have more to give, but can't those of us with very little also help in a way?",1
Good Deal and hope this will help others.,1
Thank you again,0
"Your a great person and thanks again, have a nice day.",0
The usual cost is about $36 per child.,1
I donated a couple bucks last week.,1
"That is wonderful, thank you for all the information.",0
"Hey, how's it going tonight?",1
Thank you.,0
I would like to personally thank you for your donation today!,0
why is that?,1
"I'll donate half my payment, so $.15.",1
Your donation is very much appreciated.,1
Do they help adults?,1
"Yes they can, thanks again",0
"Oh, thanks for the website, I am sure that it has a lot of information that I could use to learn more about it.",0
Good Morning!,1
Thank you!,0
Thank you for your time and information!,0
"I have heard about a great charity, and I was going to ask if you are interested.",1
thank you very much,0
"me also, do you know how much a candy bar costs",1
You're welcome!,1
Would you be will to donate $1.00 of your task money to help Save the Children?,1
"yes, I would to a good childrens cause",1
The organization sounds like a good one.,1
Thank you so much for donating!,0
"Thanks, you too.",0
Would like to receive a thank you from Save the Children?,0
"I'm great, thank you for asking!",0
Do you have any questions about the charity?,1
Hi,1
Thank you!,0
Remember to pass along our info to friends and family. Thank You and good night!,0
If only more people were more giving like you!,1
"That's wonderful, thank you so much!",0
I just want to thank you for helping out this great charity.,0
It is great to be a helpful person.,1
ok. than how is you family,1
Thank you!,0
The separation should never have happened.,1
That is what I like to hear!,1
Thank you!,0
Thanks for telling me about it.,0
Your donation will be directly deducted from your task payment.,1
Thank you for taking the time to introduce me to this charity!,0
I'm doing very well thank you!,0
Thanks for your help and have a good Turk day :D,0
Thanks for being aware of that particular nuance.,0
thank you and hope it helps,0
"Great, thank you!",0
Thank you very much!,0
Are you aware of any childrens charities?,1
"Save the Children is a great charity that provides education, healthcare, and advocacy to children in need in the U.S. and all over the world.",1
"work here is the other thing, my donation comes from my other payment",1
I'm doing very well thank you!,0
"Education, poverty issues, healthcare, emergency response.",1
"Thanks very much, nice speaking to you.",0
Thank you for your donation.,0
yes like 5 dollars,1
"Thanks for the donation, do you know how to submit this task?",0
But they also assist in other ways.,1
thank you and hope it helps,0
You can choose any amount from $0 to all,1
That sounds awesome.,1
"Awesome, thank you!",0
I'm not trying to get money from you in the streets for my own cauase this is for something bigger than you or I,1
I just want to thank you for helping out this great charity.,0
I can give you their website.,1
I like children,1
I want to thank you again for bringing awareness to this important charity.,0
Thank you so much!,0
I just want to thank you for helping out this great charity.,0
"I will look in to donating my time locally, thank you!",0
Thank you very much!,0
Is it a non profit?,1
"Yes I am, thank you for asking.",0
Thank you!,0
I have heard the cameras on the new smartphones are good.,1
Im good with that as well.,1
Thank you very much.,0
thank you very much,0
"Yes, It is a world wide charity, that does not discriminate",1
very very good,1
Did you know that they recently went to Hawaii to help kids after the hurricane landed?,1
Thank you so much.,0
Thank you.,0
That sounds great.,1
"I started back in college, when an extra few dollars a month was a lot to give, and now that I've moved on in my career and life I'm thankful I'm able to give more.",0
that's very generous and it will help tremendously!,1
your welcome...,1
Your donation is making an impact on the children and their families,1
Thank you so much.,0
Hello how are you?,1
"I am well, how are you?",1
Those less fortunate deserve better.,1
Thank you again,0
Thank you so much for your time and donation.,0
Yeah?,1
I appreciate that and so does Save the Children.,1
Thank you for your generosity!,0
Thank you so much :),0
I should do more to help.,1
Thanks for your help and have a good Turk day :D,0
Thank you for letting me know.,0
"I donate to them, yes, and I encourage you to consider it as well.",1
Wonderful!,1
Save the Children,1
"I'm doing well, thanks!",0
Thank you!,0
Greetings!,0
Yes it does and thank you for the donation,0
No thanks.,0
A million drops  of water make an ocean of aid.,1
i can walk but that is all can do.,1
Thank you for your donation!,0
Well great.,1
I see  thank you for your information.,0
"Don't i sound human, what kind of AI talks like this.",1
I was so impress I decided to make a donation.,1
Thank you!,0
Thank you so Mich for your donation!,0
thank you for this conversation,0
I cannot thank you enough for that.,0
i like to give out toys and if i have some type of change i give it out,1
"I will look in to donating my time locally, thank you!",0
"How would you feel about donating your payment for this survey to a charity that saves children, aptly named ""save the children""?",1
"I will look in to donating my time locally, thank you!",0
thanks!,0
Perfect thank you for the information.Is there a website where I can check it out and donate?,0
How much would you like to donate?,1
Thank you and have a wonderful day,0
Thank you :),0
I would like to donate about 0.50 to the charity,1
Do you have any personal connection with that charity?,1
thanks again,0
"Thanks, I don't consider myself that great, but any little difference i can make makes me feel good about myself",0
Thank you!,0
Thank you!,0
"Hello, I support the Save the Children Federation and I am looking to obtain contributions for this worthy cause",1
I wish they were way more specific in the instructions on both ends.,1
"ok thank you sounds good,",0
"OF course, it will be great for all around, my daughter to see that she should do things like this out of kindness and for the children , thank you",0
Its so nice to see more poeple who care about them,1
"Save the Children is a worldwide charity that give children access to healthcare, safety, and advocacy thanks to donations like yours.",0
How much would you like to donate?,1
"That's right, thanks for showing me the page, I will help many children, today I want to sponsor 3",0
"I am well, thank you",0
Clementine and Eddybear.,1
"Welcome, thanks for talking",0
Thank you.,0
Do you regularly try to help the organization yourself?,1
Thanks I would appreciate your help.,0
"Ok, I thank you very much for your consideration!",0
Thank you.,0
some of these donations can address the problem of the daily threat of violence,1
I would like to donate $2 then.  Thank you!,0
Could you provide a breakdown of where that 14% goes?,1
"I am fine thanks, It's not been a long time I am on MTurk, but It is interesting how they are working on donating, Are you interested in donating?",0
"Thank you, I would like to make a 50 dollar donation but first.",0
Thank you for your time and effort.,0
"I'm fine, you've heard about the child support organization",1
Thank you!,0
One thing that people would look upon is proof of legitimacy.,1
"Save the Children is an international non-governmental organization that promotes children's rights, provides relief and helps support children in developing countries.",1
Have a great day!,1
Have you ever donated to a charity before this?,1
"well, I can't imagine anyone would much less a child....",1
"Thank you, have a great day!",0
Thank you!,0
"Thanks, that is awesome",0
"Oh, thanks for the website, I am sure that it has a lot of information that I could use to learn more about it.",0
Thank you!,0
I am well today thank you.,0
I think that you convinced me.,1
Can you tell me more about it?,1
"awesome, thank you so much",0
"OF course, it will be great for all around, my daughter to see that she should do things like this out of kindness and for the children , thank you",0
Thank you very much.,0
Thank you!,0
wow! thanks on behalf of the organization! that is generous!,0
Thanks again for donating.,0
A great example would be Save the Children's commitment to helping children suffering from disease.,1
Thanks for talking me thru this today!,0
Just let me know how much you would be interested in donating.,1
Thank you!,0
"Yes, I agree.",1
Thanks for the oppertunity.,0
Your donation will be directly deducted from your task payment.,1
Thank you for your donation.,0
"Hello, have you have thought of donating to the Save the Children?",1
Wonderful!,1
Thank you for your time,0
I think its just the perspective of the person but we all inheriently want to help as much as we can.,1
Thank you for doing this.,0
good,1
I am fine thank.,0
I am good thank you.,0
The research team is collecting donations.,1
Have you heard of those,1
"Yes they can, thanks again",0
What do they do?,1
"It is a small amount, but I think that every penny can make a lot of difference.",1
thank you again for the 5 cents donation.,0
Your donation would be a small part in keeping the children safe from the violence.,1
I'm pretty sure we can and i'm pretty sure that you buy frivolous things that you don't need when the money can be going towards a good cause.,1
Thanks for the oppertunity.,0
How are you?,1
Save the Children is a nonprofit.,1
Thats fantastic.,1
Thank you for the information.,0
Okay. Thanks.,0
"I understand, but I already have charities that I support on my own.",1
Me too.,1
This year we are on track to hit 3 million thanks to generous people like you!,0
The easiest would be is to donated some or all of your incoming payment from this task today.,1
It's going to a really good cause!,1
I would like to personally thank you for that.,0
Thanks for making me aware of this charity!,0
Thank you again!,0
You are free to look up any information you like at  URL,1
I could do that.,1
"Yes, Well I thank you again for your donation and I wish you a very happy rest of your day!",0
Thanks for that.,0
Donations make a huge difference in the lives of these kids.,1
"Thank you, I will do it for sure, have a nice day",0
"Thank you, I'm sure the children will appreciate it.",0
sure thanks again,0
Thank you again for donating $10 to Save the Children.,0
"Yes, I think that would be accurate.",1
Hi!,1
There are some good ones and some that have turned out to be scams.,1
Yes i didnt think that it would be this easy thats amazing,1
I've never heard of that one.,1
It makes my heart happy how people care about children.,1
thank you for this conversation,0
Hello!,1
"Thats great, Thank You",0
"That is fantastic, thank you!",0
Thank you for your time,0
I have two also but mine are grown and gone now,1
"Thank you, you too",0
all developing countries in the world,1
Please ask any questions you may have.,1
"They are in Fairfield, CT.",1
We also have where you can set up a monthly donation or make a one time donation.,1
And thank you.,0
"Welcome, thanks for talking",0
Thank you so much! What are you hoping your donation will help with?,0
Really?,1
"It is going alright, thanks",0
Thank you so much for your donation!,0
Thank you for your donation!,0
"Well, it was nice to meet you and thank you for agreeing to donate today!",0
Ok thank you,0
Thank you so much for your donation!,0
That is why I donate what I can to organizations like Save the Children.,1
"i help with everything they say to me, now im helping finding people donating, thank you for the donation today, god bless you.",0
Have you ever heard of Save the Children?,1
Nice Talking you.,1
I guess now I am going to sound like the tv commercial but have you ever thought about donating to the organization?,1
"Also, thank you.",0
and those local charities they give you their financial info?,1
I would like to personally thank you for your donation today!,0
Very well thanks.,0
My small change won't do a thing for those kids.,1
"And thank you, I'm sure this week will be relaxing for me as well.",0
thank you so much!,0
Thank you also.,0
What do they do to help children?,1
I just want to thank you for helping out this great charity.,0
Your small donation can address such problems.,1
I have just done some quick research and am inclined to donate when I have the opportunity.,1
Thanks for having an open mind and doing what's right.,0
No thank you for the work that you do,0
Good thanks!,0
Thank  you,0
Thank you so much!,0
Thanks.,0
I think this charity also helps with kids over seas in haiti too.,1
thanks,0
ok thank alot,0
"Great thanks, Im here to talk about the childrens charity.",0
I've checked on this link:  URL s/about-us/financial-information,1
thank you.,0
What's it spent on?,1
What is the range of options?,1
Thank you so Mich for your donation!,0
okay done.. thanks,0
"Thank you, but no.",0
"You know a lot of children in this world go through hardships, and your destiny is determined on where you are born?",1
Thank you for your kindness.,0
Yes UNO and UNICEF is included this things more.,1
"Donations to this charity are essential to ensure at-risk children receive health care, education, safety and much more.",1
We are so lucky to live in a country where almost everyone has at least the minimum needed for survival.,1
"Okay thank you, the charity really appreciates your donation today and thanks you, how much would you like to do?",0
I think the work they do is great.,1
"it's hard work, but they need help",1
I'm sorry I'm just not able to at this time but thank you for telling me about this organization.,0
Thank you and I do not want to be rude but I am straight talking person,0
Thank you.,0
Thank you and I do not want to be rude but I am straight talking person,0
please ur nice name?,1
Thank you so much for that,0
Thank you for the information you provided.,0
ok will check it out,1
thank you for donating,0
And thanks for asking me too.,0
Thank you so much.,0
The research team will collect all donations and send it to Save the Children.,1
"Yeah, it really is humbling to watch society ban together and help each other!",1
"You believe, as we do, that every child deserves a future.",1
"I agree, this is a good cause.",1
You are welcome!,1
You too and Thanks again!!,0
"No, I don't think I have ever heard of that organization.",1
"yes that is so true, so often it is just left to governments to do",1
That is why I chose Save the Children as my favorite charity.,1
Do you know by any chance if this is a registered charity?,1
It promotes children's rights and provides relief in developing countries,1
I don't have a lot to work with either.,1
i'll donate 20 cents,1
"Yes they can, thanks again",0
"Well, it was nice to meet you and thank you for agreeing to donate today!",0
"ok, thankyou for your time.",0
Thank you for your donation as i guarantee you donation goes towards to the children,0
hi how are you,1
Very Good!,1
Thank you so Mich for your donation!,0
"And thank you, I'm sure this week will be relaxing for me as well.",0
"I always forget that kids turn into adults, i mean not that part, but the whole part where they are all apart of the community! :)",1
How do you raise donations?,1
Thank you for your donation!,0
I assume then you've heard of Save the Children and the great work they do with young people?,1
I would love to do that but can't possibly get that much time off.,1
"Its quite pleasant today, would you like to donate to the Save the Children's charity?",1
But I would like to give more than a measly $2.,1
"My brother, sister, and I replaced birthday gifts with charity donations a few years ago.",1
"Wow, that's amazing.",1
If I donate to this charity your talking about I need to know the name and information to agree to a donation,1
That is great.,1
You have no facts to back that up.,1
Thank you for the lovely chat and educational information.,0
How would this donation be made?,1
Yes it does.,1
since you are so into helping out kids,1
I can understand that.,1
That's pretty impressive.,1
"ok, thankyou for your time.",0
"Oh thank you so much, you have no idea how much that .50 will mean to those children, thank you very much and have a wonderful night you blessed soul.",0
"It is an International Charity to help children's lives become more stable through education, food, and good health.",1
"Thanks, warmest regards from Alabama",0
Thank you!,0
Thank you :),0
What do you know about this charity?,1
"Okay, I will think about it.",1
"That's wonderful, thank you so much!",0
You can choose any amount from your payment.,1
I might be able to manage a little today.,1
Thank you very much!,0
Thanks for the info I will check it out,0
Thank you so much for your contribution.,0
from the begining you ae talking about this chaarity only not others are you a member of this charity?,1
"thank you for the information, I think I am ready to donate",0
That's amazing!,1
no i havent,1
"Yes, Well I thank you again for your donation and I wish you a very happy rest of your day!",0
They help in whatever it takes for children to transforming their lives and the future,1
Have you ever donated time?,1
That is awesome that your friend does that!,1
Any time I can help improve a situation for a child in need I hope to be able to do so.,1
It is one of the best organizations I know of that actually effective in using donations in a positive way to help children throughout the world.,1
"Great, thank you!",0
Im fine thank you.,0
"Great, thank you!",0
HAve you heard of it?,1
Thank you Glad I was able to help  this organization with my donation,0
Thanks for being aware of that particular nuance.,0
Thank you!,0
"I started back in college, when an extra few dollars a month was a lot to give, and now that I've moved on in my career and life I'm thankful I'm able to give more.",0
thank you sir.,0
Thank you so much.,0
Good thanks.,0
You will instantly feel better about your decision once you do.,1
Have a great day and thanks for the chat!,0
Being able to support a child is a moral thing to do.,1
Thank you for taking the time to help assist the charity and I hope that you have a wonderful day!,0
ok fine.,1
I want to thank you again for bringing awareness to this important charity.,0
On behalf of Save the children i would like to say thank you for your donation and have a great day!,0
half would work for me.,1
thanks,0
Thats actual help.,1
"every amount is desirable, you heart would know.",1
It means alot to this rganization.,1
Thank you :),0
Thanks again!,0
"Thank you for your time, have a great day.",0
I am doing well thank you.,0
Oh that is great!,1
"Thank you so much,  you have no idea how much this will help the children in need!",0
I would like to donate $2 then.  Thank you!,0
do you donate to charities?,1
Thank you so much for taking the time to speak with me and also for your donation.,0
thanks so much!,0
All of the information on how this charity operates and what they are doing for children will be on the website  URL,1
Thank you :),0
Do you do any volunteering?,1
They have helped 155million children in 120 countries.,1
Thank you buddy.,0
"Ok, I disagree with you but see your point",1
Many Americans don't want to donate because they think that organizations like these only help other countries that are poor.,1
Ah..,1
Awesome.,1
wow! thanks on behalf of the organization! that is generous!,0
Thank you again for donating $10 to Save the Children.,0
Absolutely!,1
"OF course, it will be great for all around, my daughter to see that she should do things like this out of kindness and for the children , thank you",0
"I am fine thanks, It's not been a long time I am on MTurk, but It is interesting how they are working on donating, Are you interested in donating?",0
42% of their funding is from US.,1
I have to thank you again for your $1 donation.,0
good thanks.What about you?,0
Thank you.,0
"Thank you I am not trying to get you to donate any more than that, I just want you to realize what a great impact you will be making on the world..",0
Thank you for your recognition.,0
Thank you for your help!,0
"Thank you, you too.",0
"Thank you again, and I hope you have a wonderful day!!!",0
I propose we stick with our half plan.,1
Well one hobby is volunteering.,1
Thanks for the 5 cents.,0
"While that is possible in a local community, it fails to take into account the suffering of kids in developing countries around the world, a specialty of Save the Children.",1
I will agree to donate $0.15 then.,1
I know money is tight.,1
"Yeah, I have used Gospel for Asia in the past",1
Thank you for your time and information!,0
Is that something that you personally do?,1
"However, if we can move the scale one iota and can consider that what that represents is one child having a week of meals or a healthy 3 months than wouldn't you agree that that would be worth any aid that we could provide?",1
Do you live in the United States?,1
I'm doing well.,1
You can choose any amount from 0$ to all of your payment.,1
Thank you very much.,0
"I will look in to donating my time locally, thank you!",0
Thank you so much for that,0
"I read that the people sponsoring this research study are collecting money, and at the end we have the option of just telling them to keep our payment and give it to Save the Children instead of paying out to us.",1
If we all donate a little to Save the children we will have less hunger in the world.,1
You can choose an amount that would be taken out automatically from your reward from this task.,1
Thank you!,0
Of course im hear to listen .,1
Thank you :),0
Thank you!,0
I'm sorry I am to interested in donating to this.,1
Thank you so much.,0
Save the Children sounds like a good charity to me as well.,1
Donations are their main source of income.,1
Thanks How much do you typically give to charity in a year?,0
What does the money go towards if I donate?,1
Thank you so much for your time and the effort you are putting towards this very reputable charity!!,0
Save the Children is an international non-governmental organization that promotes children's rights.,1
"I'm doing fine, thank you.",0
They don't say who the money is going to.,1
Thanks.,0
"I don't personally I have a niece, and lots of cousins",1
"Also, im skeptical to see if youre actually human.",1
Thank you!,0
They help a lot of city kids.,1
thank you.,0
"I'm not asking you to donate years of your life, just a couple of cents if possible, is that something you could possibly do tonight?",1
"Thank you too, have a good night!",0
I think this is a fair percentage to have.,1
That's great! Thank you very much for your donation!,0
"I am well, thank you!",0
"Also, thank you.",0
Thanks again!,0
Thank you for your help!,0
"Awesome, you know all about it then!",1
Thank you for telling me about the charity.,0
I have donated before to the charity.,1
Thank you very much.,0
I always wonder how much of donations actually go where ear marked.,1
Thank you!,0
Thanks.,0
Thanks for your quick responses btw.,0
Will the penny be taken from my mturk account?,1
education?,1
"Thanks i will, i think thats 10 too",0
Have you ever donated before?,1
Thanks!,0
thank you so much for offering your help for childrens' donation,0
Perfect thank you for the information.Is there a website where I can check it out and donate?,0
Why are you talking about this charity instead of the others?,1
"Hello, I'm alright.",1
Good thanks!,0
Oh so they do more than just help with education.,1
"Thank you, that is wonderful and you will help a tremendous amount!",0
Thanks again for chatting with me.,0
Thanks for your donation.,0
How do you think people like us could help?,1
"Whatever you choose to do or the amount you want to give, I feel like you've changed my mind about charity, not the other way around, so I want to thank you for that.",0
If you donate from your task payment today the research team will collect all donations and send it to Save the Children.,1
Not many kids get a real shot and they all deserve one If I had a chance to change a childs life foe the better and didn't I would not be able to live with myself.,1
"OF course, it will be great for all around, my daughter to see that she should do things like this out of kindness and for the children , thank you",0
These children have no hope except for people like you and I.,1
Thank you so much! What are you hoping your donation will help with?,0
They are a great organization.,1
"I thank you very much, with what you know about save the children",0
Thank you.,0
oh i love kids i know they need help,1
what are your children's age ?,1
Thank you.,0
Thank  you,0
It's worth it you know?,1
Thank you again for the donation.,0
And thanks for asking me too.,0
"Yes, I definitely understand you.",1
I recommend Save the Children children's charity.,1
Thank you!,0
Thank you and God Bless!,0
So you can confirm you'd like to donate $5?,1
I feel like together we made a small difference in the world today.,1
okay done.. thanks,0
And I thank you,0
"Hey, how are you doing, have you ever heard of a charity called Save the Children?",1
How are they rated as a charity?,1
"Yes everything counts, that's how it starts.",1
They sound like an interesting charity.,1
"I have made donations in the past, yes.",1
thank you very much,0
I hope you have a WONDERFUL rest of your day!!,1
Thank you for being so giving.,0
Thank you again!,0
URL s/about-us/financial-information,1
Thank you so much.,0
I'll donate $0.05,1
It donates all over the world including America.,1
"In the first two months of 2018 alone, 1,000 children were reportedly killed or injured in intensifying violence.",1
No thank you for the work that you do,0
thank you for putting time on effort on this.,0
thank you.,0
what exactly does the charity do for children?,1
anything else i should know,1
It's amazing to me that this organization reaches 120 countries around the world.,1
YES I ALSO DONATE 50 DOLLAR TO THEM AND I AM VERY TO DONATE THEM AND THANK YOU  FOR  DONATE.,0
can i direct my money?,1
"Hey there, are you one to donate to charities?",1
They do great things for children with cancer/diseases.,1
I chose to donate $0.,1
There are poor children all over the world who don't have enough food to eat and Save the Children goes out to help them.,1
No thank you for the work that you do,0
There's quite a few! It's international.,1
"Yeah, it was founded in 1919, so it's coming up on 100 years.",1
Children are the most vulnerable people in our society.,1
"we can help them out their physical needs like good cloths, probably orphanage (home to stay)",1
Thanks How much do you typically give to charity in a year?,0
"Thank you so much,  you have no idea how much this will help the children in need!",0
Thank you.,0
That's good.,1
How do you know that nothing in your neighborhood is funded by them?,1
The research team will collect all donations and send it to Save the Children,1
I am good thank you.,0
thank you for your approach.,0
That would work best for me.,1
thank you so much!,0
"Yes you can write them letters and they can write you back, thanks!",0
I can give $0.60 cents.,1
Please explain to me in detail,1
I'll donate $0.50.,1
Just to let you know the research team will collect your donation and send it to Save The Children.,1
I am well today thank you.,0
awareness is less than the more countries so they need some help,1
ok thank alot,0
"It is going alright, thanks",0
"Especially now with so many children separated from their families because of the immigration disputes, I hope they can help children here even in America as well!",1
I would love to help.,1
I am so glad.,1
Wow that is so good to hear it reallly shows that most people are willing to help those who are less fortunate than ourselves.,1
Thank you!,0
Thank you for your time today.,0
"No, thank you!",0
"I did actually, but i can't remember the.",1
That's fantastic.,1
Thank you Glad I was able to help  this organization with my donation,0
Thank you.,0
"I'm great, thank you for asking!",0
thank you so much!,0
how many employees are there?,1
Thank you and have a nice day,0
Thanks I would appreciate your help.,0
Thank you!,0
Is ther any other charities you're fond of?,1
"Well, we at Save the Children would like to thank you for your donation and let you know that thanks to donors like you, children around the world are thankful",0
They work with children all around the world.,1
"I would like to find out, so I can tailor the information to you.",1
Thank you for helping...save the children.,0
That's great! Thank you very much for your donation!,0
Point taken.,1
These children are not given the same opportunity at education as you and I.,1
"Usually I donate more to charities in my community, but international donations are important too.",1
"awesome, thank you so much",0
They are?,1
Thank you once again for your donation and feel free to spread the word about the charity to others!,0
"I'm doing swell, thanks for asking!",0
"Thank you I am not trying to get you to donate any more than that, I just want you to realize what a great impact you will be making on the world..",0
Thank you so much.,0
"The research team will collect all donations and send it to Save the Children.""",1
So i'd really like to thank you for your interest and time.,0
So how exactly does the organization ensure that children's rights are protected?,1
OK thanks.,0
hello i am fine thank you,0
That is great!,1
It is a great site and you can also make donations on their website.,1
Thank you for telling me about this charity,0
These poor suffering children!,1
They are a good group.,1
Cool thank you.,0
Thank you so much.,0
"Yes, I have.",1
thanks,0
Sounds like they do a lot of different things for people.,1
Your donation will be directly deducted from your task payment.,1
I cannot thank you enough for that.,0
"Thank you, you too",0
That sounds like they have a pretty strong foundation.,1
"Thanks for the info, guess I am skeptical.",0
Thank you.,0
Thank you also.,0
I'm so glad I got partnered with you.,1
I realize that,1
"Thanks i will, i think thats 10 too",0
Yes I see that most children are helped in Africa.,1
I think everyone kind of forgot that those affected still need help,1
THanks to Save the children.,0
Most of these nations are war zones and children face this daily threat of violence against them.,1
And there are some who are born so destitute that they can go for several weeks in hunger and/or not have a safe place to live or sleep.,1
Thats good to hear.,1
Yes that is a great idea.,1
You can choose any amount from $0 to all your payment.,1
"I do believe in donations, but my only worry is that the money doesn't go to where I think it is going.",1
The children from around the world will surely be thankful as well.,0
yes how do we end it?,1
The charity we're taking donations for is save the children!,1
Sure.,1
Thank you so much.,0
Thank you so much.,0
Thank you,0
Say... if it were deducted from your task payment?,1
Thank you Glad I was able to help  this organization with my donation,0
Thank you for chatting with me.,0
Thank you!,0
"Thank you, I would like to make a 50 dollar donation but first.",0
May all children live in health and happiness.,1
"Thank you for donation, there will never be enough people like you in the world!",0
Thank you so much for your kindness and have a great day.,0
Is there any other questions you may have?,1
I do not want to donate any of my reward for this hit.,1
How about you?,1
however there are lots of kids in my ocuntry that need help first,1
Yes they will.,1
How much do you like to donate to the charity now?,1
In this exchange I would like to ask you how much you would be willing to donate to Save the Children.,1
Provide health assistant for kids in need,1
I would like to personally thank you for your donation today!,0
"Thank you, I would like to make a 50 dollar donation but first.",0
Thank you so much!,0
I have not heard of that charity.,1
Thank you for your donation!,0
No thank you,0
Thank you again!,0
Yes I will match your 10 cent donation,1
What about helping children who are living in poverty in America.,1
That's fantastic - the children will definitely appreciate it!,1
Thank you.,0
Thank you!,0
thanks!,0
That sounds like a good organization.,1
Children should not have to do through so much tragedy and devastation at such young ages. It is great that others are looking out for them.,1
"hi, how are you?",1
I am fine thank.,0
"So, just to confirm, I can count on you for a donation of $0.05, right?",1
"Thank you, that is wonderful and you will help a tremendous amount!",0
I hope everyone does.,1
"I do like but have not volunteered them, but if i get a chance i try to do",1
I agree.,1
Hello,1
I donate evry chance that I have.Every change money I get from the groceries I put it on a bucket and donate it at the end of the month.Many children needs your help!!,1
"Thanks very much, nice speaking to you.",0
What do you do in the organization?,1
Every child must have health care and food to put in their bellies,1
"Yeah, i think an American charity should focus on America too",1
Perfect thank you for the information.Is there a website where I can check it out and donate?,0
thank you so much!,0
Well that certainly makes sense!,1
"I am well, thank you!",0
I am very glad to hear that.,1
Thanks for your time and effort.,0
Do you have any kids?,1
"Sure , everyone are welcome",1
30 cents for the children is okay with me!,1
We still have chat a bit more.,1
Thanks again.,0
Thank you so much for taking the time to speak with me and also for your donation.,0
I will donate again if you match the amount of a snack!,1
Thanks so much!,0
But do not fully know.,1
Remember to pass along our info to friends and family. Thank You and good night!,0
what is the good amout you think,1
Thanks for your time too.,0
you should be prompted on a following screen to donate and you can enter your donation there :) Have a great day!,1
Thank for answering my questions.,0
"awesome, thank you so much",0
I'm sorry I'm just not able to at this time but thank you for telling me about this organization.,0
"So seeing as how you mentioned you would like to donate today, what is a specific amount you would be willing to donate?",1
Thank you Glad I was able to help  this organization with my donation,0
All of it,1
"Also, I have another question for you if you have a minute.",1
Thank you for your donation.,0
Thank you so much for your generosity.,0
"Great thanks, Im here to talk about the childrens charity.",0
"Hi, How are you doing this morning?",1
thanks!,0
"Thank you for your time, and for the opportunity.",0
Thank you,0
"Now, how do we submit this hit ?",1
Good for you!,1
just not sure i'm willing to donate 0.50 cents,1
that's great.,1
Thank you and have a great day,0
It's for children,1
Thank you again for the donation.,0
they help children that is in need of support and a healthy life change.,1
Are you still comfortable giving all the money from this task to Save the Children?,1
Save the Children uses a total of 86% of proceeds for their services and programs!,1
thank you sir.,0
im ok and you,1
"I'm great, thank you.",0
Thank you so much for that,0
What do you need me to do?,1
"Thats great, Thank You",0
What does the organization provide?,1
You never know though.,1
Do you donate to any other charities?,1
Thank you for taking the time to help assist the charity and I hope that you have a wonderful day!,0
One last question - are all members who help volunteer based?,1
"Well I hope you have a wonderful day and on behalf of the charity and the children it is going to, thanks for your help.",0
thank you very much,0
thank you very much,0
Thanks again for chatting with me.,0
Ok i'll check it out.,1
Where are you from?,1
"Yes, I might have to wait until my check arrives.",1
thank you.,0
Helping others is necessary and makes you feel good too.,1
What are your thoughts on donating to children's charities?,1
I feel very good donating to this charity.,1
"I would rather get all of the payment too, but helping kids is better than spending that $1 on a candy bar or other snack instead.",1
Ok.,1
It's really all in the name.,1
good morning.,1
"ok thank you sounds good,",0
That's so sad.,1
No thank you,0
Would you donate today if I donated some as well?,1
"I do not purchase candy too often; however, I could definitely sacrifice a Starbucks Coffee to help children in need.",1
"Well, lets get specific.",1
Would like to receive a thank you from Save the Children?,0
thank you and hope it helps,0
"Thank you, I would like to make a 50 dollar donation but first.",0
Yes I do.,1
Thank you for the compliment and your generous donation !,0
"Thanks, warmest regards from Alabama",0
Thank you for asking.,0
How nice of you.,1
I have recently donated some money to it.,1
I would like to go to some of the countries and help in person too.,1
Thank you for your generosity!,0
"That is wonderful, thank you for all the information.",0
"Oh, thanks for the website, I am sure that it has a lot of information that I could use to learn more about it.",0
yes i do,1
How much of your payment would you be willing to donate?,1
Thank you again for the donation.,0
Ive had a few of the charity HITs.,1
It's really terrible.,1
Thank you so much for your time and the effort you are putting towards this very reputable charity!!,0
"Again, no thank you",0
"Fine, thank you.",0
Hello.,1
I am doing well thank you and same here,0
"Very well, thank you.",0
thank u sir,0
You too and Thanks again!!,0
Thank you again for donating $10 to Save the Children.,0
Thanks again for supporting such a great cause! :),0
You donation will stop this from happening and possible save a child's life,1
"That sounds good, thank you for being charitable.",0
"Yes, I agree.",1
Thank you for the information.,0
My money is more wasted on drive thru getting coffee.,1
Thank you For being able to be so kind hearted as well hope u have a great day and keep a smile on your face ;),0
"Thank you very much, you have no idea how much this helps.",0
Everyone at Save the Children really appreciates your donation!,1
Wow.,1
"no of course, what you need to know?",1
I dont know much about this charity....what else can you tell me about it,1
You are welcome.,1
Thanks for the info I will check it out,0
"That's wonderful, thank you so much!",0
Thank you!,0
Would you like to know more about what they do?,1
this is so good.,1
Thank you!,0
Thank you!,0
No thank you,0
"I donated 50 cents each time to ""Save the Children""",1
"I'm great, thank you for asking!",0
Oh that's great!,1
It helps kids in this country,1
I do.You should that too.I am sure you are spending money in things you do not really need,1
If you wanna donate more you can donate through the website!,1
This will be ten for each of us.,1
okay i have a check is it any discloser of our identity in donating low or high amount,1
You can choose any amount from 0 to all of your payment.,1
I would like to donate,1
Thank you For being able to be so kind hearted as well hope u have a great day and keep a smile on your face ;),0
Good morning!,1
Save the Children has a proven track record of using donations efficiently and effectively.,1
"There are so many issues today with children, all over the world!",1
Thank you so much as every little counts and I appreciate your donation,0
Great!,1
Thank you.,0
No thank you.,0
That would defintely interest me.,1
Thanks!,0
we have to chat so ask a question,1
Thanks for your time too.,0
I need the money as well,1
hello i am fine thank you,0
Thank you!,0
"Well, it was nice to meet you and thank you for agreeing to donate today!",0
"Thank you so much, same to you!",0
Does 100% go to the effort directly or does any of the monies go to employees like the director of the charity ect?,1
That's very commendable,1
"Well I hope you have a wonderful day and on behalf of the charity and the children it is going to, thanks for your help.",0
How much do they recommend you donate?,1
Your donation will be directly deducted from your task payment.,1
"I think that is pretty cool, don't you?",1
I've been using mTurk on and off for about half a year but the past month I've really commmited to doing tasks everyday.,1
Good thanks!,0
No thank you for the work that you do,0
You can choose any amount from a few cents up to the full amount you'd get for the task today.,1
the money is going to the children,1
"Welcome, thanks for talking",0
so i donate that charity,1
That's great.,1
"Welcome, thanks for talking",0
Alright thank you for contributing to Save the Children.,0
Have a great day and thanks for the chat!,0
Am I able to communicate with the child?,1
Thank you so much! What are you hoping your donation will help with?,0
Wonderful!,1
"Good, thanks!",0
Thank you and I do not want to be rude but I am straight talking person,0
This can go to sponsor a child in your town.,1
Save the Children is a very reputable charity and your donation will mean so much!,1
How many lives we can help.,1
That's great! Thank you very much for your donation!,0
"OK, so that will be one dollar each, right?",1
It is up to you.,1
Thank you!,0
How much do you like to donate to the charity now?,1
"That is fantastic, thank you!",0
They're really everywhere.,1
"Oh, thanks for the website, I am sure that it has a lot of information that I could use to learn more about it.",0
Thank you so much! What are you hoping your donation will help with?,0
Thank you for the donation,0
They accept donations of any size.,1
I've seen videos that were so heartbreaking,1
Have an awesome day and thank you again!,0
"I think a lot of people who do not have an extra $100 would still be willing to donate a small amount to a charity like save the children, if they had an easy way to do it.",1
Thank you so much.,0
Thank you.,0
Thank you.,0
It's important to give every child an opportunity to succeed.,1
"yes, I will do it",1
"Is it okay to go ahead and charge your credit card today, or would you prefer to mail a check?",1
I have a passion for children.,1
I will.,1
I have no money.,1
I will be donating from my payment today.,1
"Thank you so much,  you have no idea how much this will help the children in need!",0
Thank you again!,0
Right now there are many children who are suffering in the world and they need our help.,1
Thank you again for donating $10 to Save the Children.,0
Yes I would be interested in doing so,1
Thank you For being able to be so kind hearted as well hope u have a great day and keep a smile on your face ;),0
Thank you.,0
89% MEMBER RECOMMEND THE CHARITIES.,1
"I know how hard it can be to give, but it's amazing how a small amount can make such a big difference",1
Would you donate againn in future?,1
"That is fantastic, thank you!",0
"Thats great, Thank You",0
"no this one time is good, thanks",0
Thank you!,0
You are welcome.,1
"Ok, thank you so much for your help.",0
Do you have any specific country in mind?,1
Nice to meet you fellow Turker.,1
Thank you!,0
I still have the blanket I was made to this day!,1
Thank you for participating!,0
"Thank you, you too sir.",0
I just worry money I donate doesn't get to the children.,1
"That is fantastic, thank you!",0
Thank you again for donating $10 to Save the Children.,0
Thanks for telling me about it.,0
Particularly children who go hungry everyday and have no place to live.,1
"I'm very well, thank you.",0
Did you have any other questions about STC?,1
i would give it all if i weren't,1
okay did you choose to donate?,1
Would $1 help at all?,1
I am sure but I just am not able at this time,1
No thank you as there is no guarantee to this. I'd rather donate locally,0
I am doing well thank you and same here,0
No I haven't heard of it,1
Thank you for your guidance.,0
You would be doing a great service and the charity will be so thankful.,0
"Learn about the places we work, the challenges children face and the results we achieve, thanks to supporters like me and you.",0
"Also, thank you.",0
I think my brother sponsors a kid with them.,1
Thanks!,0
I think it's the astronomical costs of healthcare.,1
I would like to know more about the charity before making a decision.,1
Do you currently volunteer with this charity?,1
Thanks!,0
Thanks for making me aware of this charity!,0
That's great! Thank you very much for your donation!,0
"Great, I'm glad we're helping a little.",1
That's crazy!,1
Thank you for letting me know.,0
I'm always about children.,1
"Thank you so much,  you have no idea how much this will help the children in need!",0
Thanks so much.,0
I imagine a lot of people end up doing these hits.,1
"But in the other countries they provide emergency response, global advocacy,  literacy, and health education.",1
"they feed them , buy clothes, cure them, and take them to schools.",1
What are the way to donate money and what is the minimum amount,1
"Oh, in answer to your first question I have not done a task like this before.",1
myself and Save the Children thank you for your time,0
first we will have to wait a couple a minutes,1
"Hey, how are you?",1
"Great, thank you!",0
Your donation would be directly deducted from your task payment.,1
You can go to the website  URL,1
I was wondering if I could talk to you about donating to Save the Children today?,1
Thank you so much!,0
And it is also tax deductible,1
I am well today thank you.,0
"Ok, sounds good.",1
Absolutely.,1
This charity is credible and people who work for it are professionals and have big hearts.,1
Thank you very much.,0
OK thanks.,0
"I'm doing great, thanks.",0
i would like to donate but i dont have a lot of money myself.,1
Thank you so much.,0
"Well I hope you have a wonderful day and on behalf of the charity and the children it is going to, thanks for your help.",0
"Whatever you choose to do or the amount you want to give, I feel like you've changed my mind about charity, not the other way around, so I want to thank you for that.",0
And thank you.,0
Thank you for your time today.,0
Ill donate $1,1
Thank you very much for your generous increase in the donation amount.,0
Thank  you!,0
very intresting,1
"I'm great, thanks.",0
Thank you very much for your $10 donation to Save the Children.,0
"I am fine thanks, It's not been a long time I am on MTurk, but It is interesting how they are working on donating, Are you interested in donating?",0
Great to hear that you like our mission statement!,1
"Some are born extremely well off, some are born with some opportunities and some are born completely destitute.",1
Thank you for asking.,0
"Without the funding, it would not be able to continue and without volunteers, no one can do the actual work.",1
"That is fantastic, thank you!",0
thank you very much,0
You can choose as little as $0 all the way up to all of your payment.,1
Same here!!,1
How can i donate?,1
Thank you again.,0
"It is going alright, thanks",0
"Maybe, but financial statements are always ""summaries"" and not everyone is fluent in legalese",1
I feel like you are smart enough and definitely moral enough to be the boss.,1
Glad to hear your day is great.,1
"I'm all for improving conditions for children in developing countries, but I don't really want money paying for evangelizing.",1
I say we do it together!,1
thank you for putting time on effort on this.,0
have a great day too,1
hey,1
They feed so Many starving kids and are quick to respond to any crisis.,1
thank you.,0
"I know what you mean, I need to make money too.",1
how many has it been?,1
"Your a great person and thanks again, have a nice day.",0
THanks to Save the children.,0
Thank you so much for your generosity.,0
"Thank you ""PERSON_1""",0
"ok, I'll do $1 but I want to know your mturk worker ID to prove it's a person",1
Save the Children has received top ratings for achieving incredible results for children.,1
Thank you for your time.,0
I wish I could more but I am trying to pay my bills with what I make here.,1
I choose 0.30 dollar for donation,1
thank you for your approach.,0
"Believe it or not, 10 cents makes a difference in a child's life!",1
"Ok, well thank you for your time and telling me about this wonderful organization.",0
"We do it for them, not for ourselves.",1
"Oh, thanks for the website, I am sure that it has a lot of information that I could use to learn more about it.",0
"I'm doing great, thanks.",0
"National, State & Local Govs, 20% from UN & Other Multi-Lateral Funding Institutions, 19% from Individuals like you and me, 11% from corporations, 7% from Foundations and 1% from other sources.",1
I make money as a musician so basically I don't make money.,1
Thank you.,0
"Thank you for donation, there will never be enough people like you in the world!",0
Have you heard of that charity before?,1
Thank you so much.,0
"I've been thinking of donating to charity, but I could never find the right one.",1
"On behalf of children worldwide, thank you for your kindness.",0
Thank you so much!,0
Ok thank you,0
Thank you so much for telling me about this.,0
Alright thank you for contributing to Save the Children.,0
This program has saves a great deal of lives.,1
Thank you again.,0
Thank you for your donation as i guarantee you donation goes towards to the children,0
Oh?,1
That sounds like a decent organization.,1
"Whatever you choose to do or the amount you want to give, I feel like you've changed my mind about charity, not the other way around, so I want to thank you for that.",0
Thank you very much forthat info you have been very helpful!,0
Cool thank you.,0
"I am fine thanks, It's not been a long time I am on MTurk, but It is interesting how they are working on donating, Are you interested in donating?",0
"Alliance members co-ordinate emergency-relief efforts, helping to protect children from the effects of war and violence.",1
How much of the $2 payment for this task would you like to donate?,1
good thanks.,0
Thank you!,0
I would definitely donate because I often donate to charities,1
Thank you!,0
"Thanks for your dollar, the research team will collect all donations and send it to Save the Children.",0
"I don't personally work for save the children, but I myself have donated several times to the charity.",1
Thanks.,0
You are welcome.,1
Would like to receive a thank you from Save the Children?,0
Thank you for filling me in on information regarding the charity,0
Thank you so much as every little counts and I appreciate your donation,0
yes 0.15 is correcr,1
"I donate sometimes well, to other charities",1
Its an organization that creates oportunities for children in need and hunger,1
That's great! Thank you very much for your donation!,0
"Thanks for your dollar, the research team will collect all donations and send it to Save the Children.",0
"I took a little time to look up information on the organization, but didn't see that.",1
That's nothing more than whats said in their infomercials.,1
How can you assure me?,1
Hi there!,1
"Perhaps people could go and help in person, rather than donating money?",1
Thank you for your generosity!,0
you can check their website  URL,1
Thank you for your guidance.,0
They are known to help in disasters too.,1
Do you ever donate to charity?,1
Have an awesome day and thank you again!,0
Have you ever heard of Save the Children?,1
Thank you.,0
Thanks How much do you typically give to charity in a year?,0
How are you today?,1
Thank you so much as every little counts and I appreciate your donation,0
"Save the Children is an international non-governmental organization that promotes children's rights, provides relief and helps support children in developing countries.",1
I'm doing well. Thanks.,0
I sponsor through World Vision.,1
So do I.,1
"Oh, I didn't think of it like that either.",1
Thanks for doing your part!,0
On behalf of Save the children i would like to say thank you for your donation and have a great day!,0
okay done.. thanks,0
Yes.,1
Thank you so much for your time and donation.,0
Mention the organization's credentials and international impact,1
I have an affinity for children.,1
thanks,0
Thank you so much as every little counts and I appreciate your donation,0
"Yes, $1 - thank you",0
"Ok, thank you so much for your help.",0
Thanks for being aware of that particular nuance.,0
No thank you for the work that you do,0
I am well today thank you.,0
Thank you for your time.,0
How can I help?,1
"Thanks, that is awesome",0
"We do Offer programs where you You can choose to sponsor a child in the US, or sponsor a child from around the world!",1
"The children will thank you, do you think you can do a little more?",0
I have to thank you again for your $1 donation.,0
Thank you.,0
"Thank you for your time, and for the opportunity.",0
thank you so much for offering your help for childrens' donation,0
That is how much our help is needed.,1
Our team will collect that and you will be helping children in need.,1
"Ok, thank you for your time!!!",0
Great! Thank you for your donation!,0
Anything you can add to the donation will go directly to helping them.,1
No thank you,0
I have an idea.,1
I have not,1
That is great!,1
"Thanks i will, i think thats 10 too",0
It's great to know that there are others who feel the same way.,1
Thank you for all that you are doing.,0
I hope you continue your donations.,1
Thank you.,0
thank you for putting time on effort on this.,0
Thank you!,0
How long have you been supporting this charity?,1
I am.,1
Can you specify the amount of donation,1
"Okay, that sounds great!  Thanks!",0
Thank you.,0
Thank you for telling me about this organization,0
Really?,1
You will receive a photo with the child you sponsor and can correspond with them if you choose.,1
But i think more rich people should come forward to establish such children's charity,1
Thanks for talking me thru this today!,0
I just want to thank you for helping out this great charity.,0
"Yes, $1 - thank you",0
Yup!,1
hello how are you,1
Thank you very much.,0
"Thank you again, and have a great day.",0
do they help kids in africa too,1
thank you for your approach.,0
Thank you for all the information,0
Thank you for your help!,0
some people donate whole their life and time.,1
Thank you so much for your time and donation.,0
Donating part of a purchase is such an easy way for a large amount of people to donate money.,1
Thank you very much.,0
Thanks again for donating.,0
Is there anything else I should know about the charity?,1
"Okay, thank you.",0
You too and Thanks again!!,0
Thank you for your kindness.,0
And can help these poor children in such a big way.,1
"I am well, thank you.",0
"Make a Wish Foundation is a good one, have you heard of them?",1
I am doing well thank you and same here,0
"Again, I really appreciate it and hope you have a great evening!",1
Hi there.,1
I have to thank you again for your $1 donation.,0
wow! thanks on behalf of the organization! that is generous!,0
Thank you for your generous donation.,0
"Hello, how are you?",1
"Well, thank you for wishing me well.",0
Thank you,0
"Your donation will be directly deducted from your task payment, would you like to give more?",1
Thank you for supporting the children of the world.,0
Thanks!,0
Thank you so much! What are you hoping your donation will help with?,0
Thank you very much.,0
I am still not 100% confident this isn't a scam as it is all done via the computer and not face to face.,1
"thanks, same to you.",0
"Oh man, I can't believe it!",1
"Oh, I know children did not ask to grow up in these coditions adults have let them down in so many ways",1
Thank you :),0
No thank you,0
I don't trust the bigger charities.,1
"I know that any small donation counts, because the more individuals donate the more impact they can make.",1
"Good luck to you in your job search, things will be bettter for you in the future.",1
Thanks for your help and have a good Turk day :D,0
"That's very impressive, I am glad that I am donating this charity now that I know more about them.",1
"that is a good approach, i have been doing some research on charities",1
I would like to personally thank you for that.,0
so sad.,1
"Absolutely, and I'm sure you do too.",1
Why not give what you were going to give to St Jude to Save the Children?,1
This year we are on track to hit 3 million thanks to generous people like you!,0
"I wish to and I like the idea of charity donantions, but personal donations is not within my current budget.",1
Thank you very much for your generous donation!,0
Very well thanks.,0
I do a fair amount,1
Thank you for taking the time to introduce me to this charity!,0
I want to thank you again for bringing awareness to this important charity.,0
Okay.,1
"I feel bad about only giving $5, do you think we should give more?",1
Thank you.,0
"Thank you for your time, have a great day.",0
Hello!,1
Thank you!,0
That sounds good.,1
Do you know where I can go to donate?,1
"Yes, thank you.",0
Thanks again for chatting with me.,0
Thank you for your guidance.,0
"Thanks for your dollar, the research team will collect all donations and send it to Save the Children.",0
thank you sir.,0
"THEY GIVE THE EDUCATION, FOOD, CLOTHS ,ETC.,",1
Thanks again.,0
"To church, I return tithes and I also do the offerings",1
Thank you for being so giving.,0
I am good thank you.,0
"This is,  URL  ??",1
Helping people makes people feel good,1
"Ok, thank you for your time and donation, have a great day!",0
It's basically what it sounds like,1
Thank you again for the donation.,0
Yes.,1
"Yes, they are also connected to big companies like IKEA and Walt Disney.",1
I am doing well thank you and same here,0
What children organization?,1
Sounds good.,1
"I donated before, since they have very clear financial reports on their website and they are connected to other big organizations I trust them.",1
sure thanks again,0
"As you can see, they've been around for a quite a while.",1
"Thank you, I'm sure the children will appreciate it.",0
Will you be doing so as well?,1
"Like when I was in my twenties, but these days I have only made donations to animal rescue groups within the past two years.",1
Hello?,1
thank you.,0
It's a non-governmental organization that helps with children's rights.,1
Do small I think,1
"A year ago, I saw kid begging on the street who look really hungry.",1
Ok thank you,0
good thanks.,0
Thank you for your donation!,0
It is great.,1
ok thank alot,0
Thank you for supporting the children of the world.,0
"Fine, thank you.",0
I do think it is a good cause.,1
would you donate to that charity?,1
Thank you!,0
Thank you for telling me about the charity.,0
"I started back in college, when an extra few dollars a month was a lot to give, and now that I've moved on in my career and life I'm thankful I'm able to give more.",0
I have donated $100,1
Or do you donate to other ones also?,1
"They concentrate on developing countries, but, personally, I think that there is just as great a need abroad as there is at home",1
"Great, thank you very much",0
I accept that!,1
yes i do,1
Do you ever donate to charity?,1
"On behalf of Save The Children, THANK YOU!",0
But the thing is not everyone has the time to do so cause of work and stuff.. so here is where you can still make an impact with your donations..,1
Thanks for the information.,0
Thank you for asking.,0
I am fine thank.,0
Thank you for your guidance.,0
"If so, how much do you give?",1
I like to donate money and time to charities that help children so I also want to thank you for educating me on this charity!,0
Thank you so much!,0
"Cassidy, you'd be surprised how emotionally attached I am to them and I have never even met them.",1
Unfortunately Save the Children does not discriminate against any suffering child.,1
I would like to donate $2 then.  Thank you!,0
Tha k you so much for the infkrmation,1
That's good of you to donate.,1
Ya.. It will definitely work and save the children's future..,1
Something I found pretty cool is Save The Children actually helped children fully recover in Texas after Hurricane Harvey.,1
"Thank you, you too sir.",0
What about you?,1
I would like to donate money to a charity to help this cause,1
"Actually, I'm really troubled by the answer.",1
Thank you so much.,0
I hope it is helpful to the children,1
"Thats great, Thank You",0
I always wanted children of my own and could never conceive a child.,1
My dqaughter and I are Homeless at the moment and have to sleep in parking lots..,1
Thank you.,0
That's great!,1
Thank you for your contribution!,0
thank you.,0
I'm guessing you would input your donation amount at the end of the task.,1
"Yes, thank you.",0
May I ask why?,1
"But its ok, I work every Sunday.",1
what do i need to do now to help?,1
"Sure, I'd love to hear what charity you participate in",1
Thank you.,0
"sometimes , it depends on what types",1
I would consider donating $0.50.,1
Thank you.,0
Thank you so much for taking the time to speak with me and also for your donation.,0
Thank you very much forthat info you have been very helpful!,0
They're very transparent in their work and do great things to help children in underprivileged countries.,1
It broke my heart to see that famous photograph of a child with a vulture sitting next to it.,1
thank you for donating,0
"However, before you do, I'd like to tell you a bit more",1
How do you end this study.,1
It's all about giving.,1
Thank you very much!,0
Its one of our largest fundraisers of the year.,1
Thank you for your recognition.,0
No thank you for the work that you do,0
Thank you!,0
Wonderful.,1
"Okay, that sounds great!  Thanks!",0
It's really easy to get cynical about life and if people really benefit from any of this.,1
Thank you.,0
"I'll probably just donate the whole 0.30, if you are sure it is real & will help kids.",1
"You can choose any amount from $0 to all your payment.""",1
I am here to talk to you about the childrens charity called Save the Children,1
thank you sir.,0
Have you ever made a donation to them?,1
It is.,1
Education?,1
Thank you for your time.,0
Thanks for helping me help children.,0
You too!,1
Thank you so much for taking the time to speak with me and also for your donation.,0
Thank you.,0
I just want to thank you for helping out this great charity.,0
"Good morning, how are you?",1
Thank you for your donation.,0
Very well thanks.,0
"thank you,I just want to help this world and especially the children within it and save the children is doing that job",0
Thank you buddy.,0
Thank you so much for your time and the effort you are putting towards this very reputable charity!!,0
"I like how ""Save the Children"" works on health and educational issues in 120 countries.",1
I understand but these children have even less than us.,1
thank you for your support,0
Yes it does and thank you for the donation,0
Thanks again.,0
"Just think of it this way, instead of getting your morning coffee, or that bag of chips at lunch, you could donate $2 today and help ensure that 3 children get the care they need and food in their stomachs.",1
I think I have seen commercials on tv advertising the charity.,1
Thank you. You too,0
Thank you for your time today.,0
thank you.,0
Thank you!,0
Thanks for your time and effort.,0
"I think I'm getting eager to see what happens next with the research and the charity, so I'm about to move on.",1
Thank you for supporting the children of the world.,0
Thank you!,0
thank u sir,0
"Thank you for donation, there will never be enough people like you in the world!",0
"Yes, I absolutely would.",1
Thanks.,0
if you think about it 5 cents will buy pretty much nothing anymore but to this charity it means so much more.,1
Thank you very much!,0
Thank you for telling me about the charity.,0
"Thank you very much, you have no idea how much this helps.",0
"Save the Children helps to promote childrens rights to health, education, and safety.",1
"yes, I was going to as soon as I saw the charity it was going to such a great cause",1
Would $2.00 be too much to ask?,1
And I thank you,0
Thank you for your help!,0
absolutely thank you so much!!,0
Yes they are doing real good work,1
"However, it is completely up to you!",1
"Well it is a bit rainy, and it has been cold, but we are going to get a heat wave in the high 80's this week!",1
Thank you for being so giving.,0
Oh i bet. I would love to hear stories about the children that have been saved,1
Thanks for your attention and help.,0
Me too.,1
He went through a TON of testing and that's how they caught it.,1
"Yes, I do as well.",1
It's so sad to me that anyone should go without food in our modern world.,1
"Great, thank you!",0
Do they provide food for these people?,1
It is a trustworthy organizaition that will use your donation to the fullest,1
thank you very much,0
Thanks for your help and have a good Turk day :D,0
I have to thank you again for your $1 donation.,0
how do i know money will go to children and it's not a scam?,1
How much do you like to donate to the charity now?,1
"Adults often can't fend for themselves when there's a crisis, but children are especially vulnerable.",1
How involved are you in the organization?,1
Ok great.,1
I donate to charities often and can lose track of what I donate to.,1
"Haha nice, I'll take your word for it for now :)",1
Thank you so much!,0
it is great things to do,1
A recent successful result came from 2017 from a program in Malawi to help save newborn lives.,1
Thanks so much.,0
Thank you for introducing me to another great charity that is trying to do good work.,0
I am not an expert but I believe they help children in war torn areas to get to safety and make food and medical supplies available,1
Good thanks.,0
"they help make sure children have the right to health care, education and safety.",1
"It would be more, but not without more research.",1
"Yes, Thank you for time and attention, and thanks for helping.",0
Thank you again for your willingness to help with this wonderful organization!,0
They're helping kids worldwise but also very close to home.,1
sounds good thanks,0
Thank you!,0
"Ok, I saw the website and I am willing to donate $10",1
"No, thank you!",0
"I would suggest $20 a month if you can! If not, whatever you can spare.",1
These kids really deserve it :),1
Would you like to know about a potential child this money would be helping?,1
"I'm doing well, thank you!",0
i am from oakham,1
"Thank you so much, same to you!",0
thank you again for the 5 cents donation.,0
Thank you for introducing me to another great charity that is trying to do good work.,0
Do you donate at all?,1
Thank you.,0
I would like to donate $2 then.  Thank you!,0
I am good.,1
Thank you.,0
Thank you for your kind words.,0
I'm not doing half I'm doing a third.,1
I feel that using money to but food directly in their cities is best.,1
Thank you for the donation,0
No thanks.,0
I would like to donate 5 dollars.,1
This donation will aid in giving at-risk children a chance for hope.,1
They are highly rated by Charity Watch.,1
"Now that our chat is over, I need to ask, ""How much do you like to donate to the charity now? Your donation will be directly deducted from your task payment.",1
"OF course, it will be great for all around, my daughter to see that she should do things like this out of kindness and for the children , thank you",0
I cannot thank you enough for that.,0
YES I ALSO DONATE 50 DOLLAR TO THEM AND I AM VERY TO DONATE THEM AND THANK YOU  FOR  DONATE.,0
Thank you so much!,0
One could be the next president or something!,1
Thank you very much forthat info you have been very helpful!,0
"Children need as much protection as they can get, and every cent donating actually makes a huge difference in their lives.",1
Thank you so much for donating!,0
will you donate some of your payment to save the children?,1
Thank you for your generous donation.,0
Thanks and I think we can submit now,0
Thank you.,0
I don't have any personally therefore I spend my free time helping other kids by taking donations and such.,1
You Know small donations can help a lot of children and their families,1
They do an awesome labor,1
Whenever we have the opportunity to donate from our task rewards I always try to give a little bit.,1
Even just a small amount makes a difference?,1
well we all know there is warlords everywhere even in the USA but we try our very best for our food items to reach the children,1
Thank you.,0
"I have, I have donated christmas gifts to local Toys for Tots every year.",1
Thanks for agreeing to donate!,0
Thanks!,0
Thanks so much.,0
"They even help deal with hurricane relief efforts here in the United States, as they did with Hurricane Harvey last year.",1
Have you ever made a donation that you have been proud to be a part of?,1
Can you help me with that.,1
I go aroudn telling people about the charity to see if they would like to help out.,1
You are very welcome and thank you for being so generous!,0
Alright thank you for contributing to Save the Children.,0
We use to support the mission ??Â¸??Â¸ running our programs and raising funds to help more children.,1
That would be a charity I would donate too for sure.,1
I feel like I do some good by even just being willing to give a penny when I can.,1
thank you.,0
OK.,1
Thank  you,0
Thank you so much for your donation!,0
30 dollars a month can change a child's life,1
Even a small amount!,1
How do you know that they are effective?,1
i feel like i need to do something like that,1
No problem thank you,0
Have you heard of the international organization Save the Children?,1
"These days there are tons of people asking for donations for fake charities, it's sad.",1
I hope that is adequate and helps them for food and shelter.,1
Have a wonderful day!,1
Your donation will be directly deducted from your task payment.,1
"Kind of sad how bad it got down there, but also amazing how everyone came together to help out.",1
no this is my first time.,1
thank you again for the 5 cents donation.,0
"Wow, that's amazing.",1
"Welcome, thanks for talking",0
Thank you so much.,0
Thanks so much.,0
Thank you so much :),0
is $20 okay?,1
"I generally do my charitable donations around Christmas, when I had an influx of extra cash.",1
Thanks I would appreciate your help.,0
Thank you.,0
"There were periods in my childhood when money was very short and we had our telephone or power cut off, but I always had a safe place to live and food to eat.",1
Go right ahead.,1
Thank you for your donation!,0
I thought maybe 10 or 15 cents of my pay.,1
What other charities do you support or is your charity of choice?,1
i know.,1
And thank you.,0
yes i am,1
Have a great day!,1
i have my own low times.,1
Thank you and have a nice day,0
No thank you,0
I did not know that.,1
"Sounds good, thank you!",0
Was it a one time donation or continuous?,1
"Thank you for donation, there will never be enough people like you in the world!",0
I am willing to donate $ 10,1
My charity of choice is Save the Children.,1
"Today, you have a unique opportunity to donate part or all of the earnings for completing this task directly to the organization!!",1
I do like the satisfaction of doing good work for and towards others.,1
"I'm learning about this myself now, too.",1
Thank you.,0
Have you seen the kids in Syria?,1
Imagine how helpful even a small fraction of that money would be to these kids,1
I love children.,1
Awesome.,1
Good choice,1
It wouldn't hurt to give more.,1
Thank you.,0
Thank you again!,0
I have no money right now which is why I'm on Mturk tonight.,1
That innocent children are being harmed over something they have no control over!,1
Hello how are you doing,1
I do not.,1
Thank you so much for donating!,0
We're about to get hit by a tropical storm.,1
"Again, no thank you",0
Sure!,1
By helping Save the Children you will directly be allowing a child to grow up and work for things him or herself rather than living in poverty and possibly not even making it out of childhood.,1
hi,1
Hello.,1
i want to commend you for being generous today.,1
okay done.. thanks,0
Thank you.,0
"Thank you, you too.",0
Thank you for introducing me to another great charity that is trying to do good work.,0
"Thank you very much, have a nice day.",0
I am a big fan of organizations who take care of the needs of hurt children.,1
Thank you for taking the time to help assist the charity and I hope that you have a wonderful day!,0
how much would you be willing to donate your payment?,1
"Thank you too, have a good night!",0
No thanks.,0
Do you have a moment to talk about causes for children?,1
I am well.,1
Im fine thank you.,0
Thank you also.,0
Are you familiar with a charity called Save the Children?,1
"Great, thank you very much",0
Thank you for your time and effort.,0
"Thank you again, and have a great day.",0
"It is a international, non governmental organization that promotes children's rights, provides releif and support children in developing countries.",1
I'm doing well. Thanks.,0
Do you have any kids?,1
"Once again, thank you for your donation.",0
"I am well, thank you!",0
It has been a pleasure talking with you!,1
"I actually really need the money that I am making from this hit, so I would only like to donate 20 cents",1
Thank you and I do not want to be rude but I am straight talking person,0
Would like to receive a thank you from Save the Children?,0
They help out many third world countries from all over the world.,1
great!,1
there are many children who suffer today in the world for bread,1
Thank you!,0
Very true!,1
about thousand dollars at least,1
"I'm great, thanks.",0
"These children will receive relief, education and help protect their individual rights",1
That's a whole lot of rice and flour.,1
We really appreciate all of your help and generosity.,1
You must be so releived.,1
"Sounds good, thank you!",0
Thank you again!,0
"If everyone would just give something, everyone could have food and a warm place to sleep.",1
"okay, I might donate",1
Thank you again.,0
Great me too.,1
I would like to donate $2 then.  Thank you!,0
I am so livid I just can't stand it right now.,1
thank you for your approach.,0
Are you willing to give even $0.10 of today's pay to help?,1
Thanks again for donating.,0
Thanks I would appreciate your help.,0
That is very true.,1
Do you think that amount of money would make a difference in a needy child's life?,1
"No, today is just the Save the Children.",1
What are your plans for today?,1
"Okay, thank you.",0
"i didnt know till now , you verified what i heard , they are making something beautiful for the people of Hawaii .",1
Did you know they are actively providing shelter and food to these children in active war zones?,1
"Yeah, I'm just so glad that I know they really help.",1
"I am fine, thank you, Have you ever heard about the organization ""Save the Children""?",0
"Thank you for linking the website, I will check it out right now.",0
"Thats great, Thank You",0
Think about how you were probably going to just waste the measly reward amount you were being offered for this HIT on junk food or coffee and think about what amazing things Save the Children would be able to do with that money.,1
Thank you for helping...save the children.,0
Thank you again.,0
THanks to Save the children.,0
"If I did have extra money, I would probably donate to St Jude's.",1
same thanks for the advice have a good one keep spreading love,0
Thanks again for chatting with me.,0
thank you for donating,0
"i need a little more information, if thats not too much to ask?",1
No thank you.,0
Thank you.,0
Yes it does and thank you for the donation,0
How old are they?,1
Thank you.,0
Thank you so much for your generosity.,0
"Thank you again, and I hope you have a wonderful day!!!",0
Yea...I was donate the charity of save the children.....,1
Thank you!!,0
Thanks for your time and effort.,0
I thought you said you would donate a part of your earnings ?,1
Yes I do think that they do.,1
I'm always so skeptical of charities to be honest.,1
Thank you so much! What are you hoping your donation will help with?,0
"Nice, would like to travel and visit other states sometime when Im free.",1
"Thanks i will, i think thats 10 too",0
Hello how do you feel about the Save the Children charity?,1
"Just a small donation can make a large impact on the entire life of a child and allow them to receive proper medical care and education, food and safety.",1
I thought it will,1
"Oh, one little thing.",1
Thank you so much!,0
It's a very noble cause.,1
sure thanks again,0
Ok thank you,0
Thank you for letting me know.,0
I hear ya.,1
"Save the Children is and how their donation is essential to help ensuring children's rights to health, education, safety, etc.",1
Thank you.,0
Thank you.,0
Thanks again for donating.,0
"Thank you for linking the website, I will check it out right now.",0
"We could all do better, I suppose.",1
It sounds familiar.,1
They promote children's rights and help support kids in developing countries.,1
yes i like to give out things,1
It is a big thing to do.,1
Thank you :),0
"Save the Children helps provide essential basic needs providing for their health, safety, and education internationally.",1
Thank you so much.,0
"Thank you, I would like to make a 50 dollar donation but first.",0
"thanks, same to you.",0
hi,1
Thanks for your time too.,0
Thank you for letting me know.,0
Its because I dont trust non profits,1
"AND, in relation to the US, they are currently working on the Hurricane Lane situation in Hawaii.",1
Thank you!,0
interesting.,1
Thank you for being so giving.,0
Thank you,0
How are you,1
And I thank you,0
do they help kids in africa,1
"this is a charity in america too, are you willing to donate some of your money in the end of the survey?",1
"Well, it's something.",1
Thank you.,0
"I started back in college, when an extra few dollars a month was a lot to give, and now that I've moved on in my career and life I'm thankful I'm able to give more.",0
Hello!,1
I don't have a lot of income to donate to charity :(,1
Thank you.,0
"Thank you, I will do it for sure, have a nice day",0
A charity with that kind of history shows that it has made an amazing impact.,1
Doing alright..,1
I know this may seem a bit forward and I do apologize as I do not mean to offend.,1
Your donation will help those kids so much.,1
Thanks you too,0
Thank you. You too,0
I am good thank you.,0
"interesting, what do the ratings represent",1
Thank you again.,0
Do you have a moment to chat about children causes?,1
thanks again,0
Why can't people just help each other out?,1
wow! thanks on behalf of the organization! that is generous!,0
"Unfortunately, I cant do that.",1
Think of the poor kids in Syria who could get so much for the price of a coffee in Chicago.,1
Thanks for your time too.,0
I do not only help the children but everybody who needs some help if this financial or moral help,1
Thanks so much!,0
Thank you again for donating $10 to Save the Children.,0
"Yes you can write them letters and they can write you back, thanks!",0
"Yes, they all are.",1
Can you pledge with the $ sign in your next reply.,1
Thanks I would appreciate your help.,0
"That's wonderful, thank you!",0
But that's pretty cool what they do.,1
Every little bit helps!,1
Hi,1
Thank you on behalf of these kids.,0
Thank you very much for your generous increase in the donation amount.,0
"YES, SO HOW MUCH DO YOU LIKE TO DONATE TO THE CHARITY NOW?",1
"Yes, I would like to donate at least one dollar to help Save the Children.",1
Thanks for agreeing to donate!,0
"Did you know in the first two months of 2018 alone, over 1,000 children were killed or injured seriously by violence in Syria?",1
"Thanks to our growing community of child sponsors, we increased our impact and reach ??Â¸??Â¸ helping 29% more children than we did in 2014",0
"If so, how much does it take to take care of a sweet child on average?",1
"Thank you for linking the website, I will check it out right now.",0
Yes it does and thank you for the donation,0
It will (supposedly) be directly taken from your payment and donated to the charity.,1
How much do you like to donate to the charity now?,1
"Your $1 a day will help their essential needs like health, education safety and clothing.",1
Thanks for agreeing to donate!,0
Thanks you too,0
What do you think of the kids who weren't born as lucky?,1
Yes it does and thank you for the donation,0
"Thank you so much,  you have no idea how much this will help the children in need!",0
"Yes I am, thank you for asking.",0
"Bangladesh has been one of the largest parts of that Rohingya refugee exodus from Myanmar that I mentioned before and have been struggling themselves taking on more than 655,000 extra people.",1
Thank you again!,0
So you will give $25 today right?,1
Thank you very much for your generous donation!,0
thank u sir,0
How are you?,1
Thank you!,0
"Yes, Well I thank you again for your donation and I wish you a very happy rest of your day!",0
Thank you.,0
what are your thoughts about child abuse?,1
"thanks, same to you.",0
"Well, then I am sure you would be glad to know that the charity is all ready to reach out and help the children there.",1
You would be doing a great service and the charity will be so thankful.,0
"Well, we at Save the Children would like to thank you for your donation and let you know that thanks to donors like you, children around the world are thankful",0
At the same time as a parent I would want the best possible future for my children and I know fiercly that I would do everything in my power to make sure they were in a safe place.,1
I haven't heard too much about it though.,1
My friend is a nurse and she takes a month off every year to go to Africa to help out.,1
Have an awesome day and thank you again!,0
Thank you and have a wonderful day,0
Thank you.,0
yes i am are you?,1
I cant even imagine what these poor families go through.,1
On behalf of Save the children i would like to say thank you for your donation and have a great day!,0
Thank you.,0
Do you work for them?,1
Thank you,0
"Thanks, warmest regards from Alabama",0
Thank you again.,0
Do you know of any other childrens charities?,1
The web address is  URL,1
I would like to donate $0 but its not because I dont believe in the cause.,1
I'm doing well. Thanks.,0
This donation directly goes to children's charity called Save the Children and thanks you so much for this help.,0
"That may be true, but I do like Riley Children's hospital as it is local to my area.",1
thanks will do the same,0
Thank you for being so giving.,0
"Thats great, Thank You",0
Thank you for your kindness.,0
"That's wonderful, thank you!",0
Thank you,0
Thank you and God Bless!,0
"i help with everything they say to me, now im helping finding people donating, thank you for the donation today, god bless you.",0
Thanks.,0
Thank you for your kind words.,0
Thank you for taking the time to introduce me to this charity!,0
"Here, they work on advocacy, education, and help children after emergency situations occur.",1
Do you accept monthly donations of smaller amounts?,1
"Ok, thank you.",0
How much would you like to donate to them today?,1
I may be interested.,1
Thank you.,0
Thank you.,0
What did you get him?,1
"Cool, Thanks for your donation of $0.15 The research team will collect all donations and send it to Save the Children.",0
Fine and you?,1
"Whatever you choose to do or the amount you want to give, I feel like you've changed my mind about charity, not the other way around, so I want to thank you for that.",0
"Yes, that was going to be my next question.",1
We save children.,1
ESpecially since children are being specifically targeted for rape and torture.,1
Indeed.,1
"I am well, thank you",0
Thanks again.,0
I am doing well thank you.,0
Thanks for telling me about it.,0
Thank you.,0
"Yes, that's great.",1
I think I could spare .25.,1
"It was very kind of you, today, to donate your earnings from this chat for the kids.",1
I would like to personally thank you for that.,0
Thank you for all the information,0
Would you like to hear about ways you can help Save the Children today!,1
We have some over head...,1
Thank you for your generous donation.,0
You can choose any amount to all your payment.,1
"Learn about the places we work, the challenges children face and the results we achieve, thanks to supporters like me and you.",0
"no, but i would like to know more about it",1
"If you agree to donate $10, then I can as well.",1
Save the Children is a great organization.,1
"Thank you, I will do it for sure, have a nice day",0
Okay cool I'll donate 1/4 and you donate 1/4 and then we've done our good deed for the day!!!!,1
Thank you so much for that,0
Thank you.,0
Food?,1
Thank you so much.,0
"I will look in to donating my time locally, thank you!",0
Thank you for telling me about the charity.,0
"It's international and nongovernmental, plus it helps many children and their families.",1
Thank you for your donation!,0
I am going to donate as well.,1
thank you so much for offering your help for childrens' donation,0
Thank you for your donation as i guarantee you donation goes towards to the children,0
Do you donate to children's charities often?,1
I have kids here that need help first,1
yes i am sure.,1
Yes it does and thank you for the donation,0
Where are you at?,1
I have two.,1
Did you know you can donate the money you were getting from this HIT to save the children?,1
"awesome, thank you so much",0
"Great, thank you!",0
No problem thank you for telling me about this wonderful charity!,0
"I could not imagine having to watch any child suffer, much less my own.",1
It seems like they're involved in a lot of areas.,1
"a little help can make a big difference, sometimes a family can live with just $30.00 per month",1
Also it will give them food and healthcare they need to survive,1
Just in my country (United States)?,1
I want you to know that whatever you decide to donate will be taken from the amount you make from completing this task.,1
Fine.,1
Thank you so much for telling me about this.,0
"okay, it looks great.",1
"I'm doing great, thanks.",0
I have to thank you again for your $1 donation.,0
I'll donate a $1.,1
yes please!,1
Thank you,0
Alright thank you for contributing to Save the Children.,0
Thank you so much for your time and donation.,0
It is fully listed on the site with an easy to read graphic.,1
"If everyone puts in there fair share then save the children would be even bigger, could you imagine how much children could be saved or help,or both",1
Thank you for participating!,0
"Yes! Alot of the proceeds go towards garments, shoes, and other things for the children.",1
"wish that we could, but like all working on MTurk we are poor ourselves",1
Thank you once again for your donation and feel free to spread the word about the charity to others!,0
Oh yeah defiantly.,1
"Very well, thank you.",0
And thanks for helping!,0
Thank  you!,0
Hi.,1
okay done.. thanks,0
Would you like to donate to the charity as well?,1
Hey there how is it going?,1
No thank you,0
Thank you so much! What are you hoping your donation will help with?,0
Ya I heard something about it,1
I am I am thinking of people here I dont care about the rest,1
Thank you for agreeing to make a donation.,0
Thank you!,0
Thank you.,0
Thank you for participating!,0
I think it is a genuine organization who uses it's fundraising donations in the right way.,1
"Does your organization provide receipts, for tax purposes?",1
Thank you so much.,0
Hi how are you today?,1
"Yes so what it is is that it's a charity that has international impact, for example where there is lack of support like Syria.",1
Would you like to offer some help?,1
Your donation means a lot to that child in India,1
No problem thank you,0
Yea...It was feel good...what's about you...?,1
Your donation will be directly deducted from your task payment.,1
Thank you for your donation!,0
thank you again for the 5 cents donation.,0
"Thank you I am not trying to get you to donate any more than that, I just want you to realize what a great impact you will be making on the world..",0
"I'm great, thank you for asking!",0
Thank you.,0
Telling me where it goes really does nothing for me.,1
"You can donate stock or mutual funds, you can mail it in to a designated address, you can make a payment online with a debit or credit card, PayPal is also an option, there are a ton of ways to get it done!",1
How are you toad?,1
"Thanks i will, i think thats 10 too",0
Who runs the organization now?,1
"I am fine, thank you, Have you ever heard about the organization ""Save the Children""?",0
You realize how infinitely important you are and yet at the same time how infinitely important another person is.,1
I went to the movies to see crazy rich asians.,1
Thank you for your time and information!,0
The children from around the world will surely be thankful as well.,0
A local one that helps children with trauma and hx of sexual abuse,1
"Ok, I thank you very much for your consideration!",0
You want to match all our payment to Save the Children?,1
"Thank you, you too",0
I think children deserve all the help they can get.,1
thank you for this conversation,0
How are you?,1
That's amazing!,1
"Thanks for your dollar, the research team will collect all donations and send it to Save the Children.",0
Thanks for helping me help children.,0
thank you and hope it helps,0
And I thank you,0
"Well, thank you for wishing me well.",0
No problem.,1
How much are you giving?,1
Thank you so much for your donation!,0
"Thank you so much,  you have no idea how much this will help the children in need!",0
Have you been using MTurk long?,1
"Sponsoring a child gives the chance to grow up healthy, educated and safe ??Â¸??Â¸ forever changing the course of their life and future.",1
Great!,1
Thank you so much!,0
"Well, if you make a donation to Save the Children i can gaurantee that you will know where it goes.",1
its my pleasure,1
$5 could make a huge different in a lot of kids lives.,1
"I think HIT donation is a good thin since websites usually have minimum payment option, but on HITs we can donate 1 cent or more, makes it so much easier.",1
we have a moral responsibility to help,1
Thanks again!,0
Hello there!,1
No thanks.,0
No thank you as there is no guarantee to this. I'd rather donate locally,0
"I've given to a few charities before, but never this one.",1
Again not my issue,1
"Thanks, that is awesome",0
Thank you for telling me about this organization.,0
"Oh, yep.",1
Well most of their work is in poor countries but I am sure that you can do both,1
"It is an organization that promotes children rights, provides help and support in developing countries.",1
I am curious if I can state if money goes to children in this country though?,1
Absolutely.,1
"Thank you, you too!",0
Thanks for your attention and help.,0
thank you so much!,0
Thank you again for the donation.,0
Thanks to you too.,0
"No, thank you!",0
Since I already donate to a charity like this I am not making a donation.,1
but there are a lot of kids in the world who arent so fortunate',1
"It would be best to donate to a specialized organization to allocate the funds in a proper, efficient way so all children can get the maximum benefit from the money.",1
thank you.,0
Would you also like to donate a very small amount?,1
I am well today thank you.,0
Thank you for your kind words.,0
Thank you.,0
Actually it breaks my heart to see children in pain.,1
Small donations will indeed help a lot of children and their families.,1
"If you donated less than a dollar you might not notice that in your own household budget, but combined with all the other donations from this task it could make a huge difference in the life of children who have no parents to take care of them, or children who are fleeing violence or starvation",1
Save the Children maximizes the efficiency of donations so that every dollar makes a difference.,1
Thank you.,0
Did you take some medicine?,1
Thank you.,0
"I was not aware of that fact, no.",1
thank you and hope it helps,0
thank you so much!,0
"Ok, thank you for your time and donation, have a great day!",0
Thank you so much! What are you hoping your donation will help with?,0
I just can't see any good being done.,1
Thank you for asking.,0
I agree all the way that they are the best creations of all.,1
Right now they're concentrating at an international level.,1
That sounds great!,1
"No, they do help children all over the world.",1
Thank you so much for your generosity.,0
Say $500?,1
I agree with you...,1
okay great.,1
"Yes, and I am sure they will appreciate and need it.",1
Thank you for telling me about the charity.,0
"I see, can you go into a little bit more details about some of the childhood related causes ?",1
How does me saying I will donate fake money make a good impression for future hits.,1
We help out poor children.,1
No problem thank you for telling me about this wonderful charity!,0
I work with children who have terminal illnesses.,1
"Thanks, I don't consider myself that great, but any little difference i can make makes me feel good about myself",0
"Yes, but I don't know a lot about them.",1
Thank you for introducing me to another great charity that is trying to do good work.,0
"Yes, I have!",1
ok thank alot,0
You can refer to Save the Children's website to gather more information if you like to: http:// URL,1
Good evening how are you doing today?,1
"As they say, don't light yourself on fire to keep others warm.",1
"It's a charity, right?",1
"Well, it was nice to meet you and thank you for agreeing to donate today!",0
Thanks for making me aware of this charity!,0
I'm doing well. Thanks.,0
Thanks for your time and effort.,0
No problem thank you for telling me about this wonderful charity!,0
What are the available way to offer those children's future like clothing money scholarship...,1
"Wouldn't it be easier for the research team to have their survey, and ask for donations at the end of the survey?",1
Thank you!,0
Alright thank you for contributing to Save the Children.,0
"Ok, thank you.",0
"Thank you, you too!",0
Thank you!,0
Very well thanks.,0
Oh awesome.,1
Thank you For being able to be so kind hearted as well hope u have a great day and keep a smile on your face ;),0
Thanks.,0
"Thats great, Thank You",0
Thanks for your time and effort.,0
"Good, so what's up?",1
Thank you!,0
Thank you!,0
"awesome, thank you so much",0
Thanks I would appreciate your help.,0
"The organization which collects money from people, and spend it on people and issues which are needed",1
Thank you very much for your $10 donation to Save the Children.,0
Are you going to donate?,1
Thank you!,0
I've never even heard of it before today which is pretty sad.,1
Have you heard of Save th Children and the work they do?,1
"Cool, Thanks for your donation of $0.15 The research team will collect all donations and send it to Save the Children.",0
Thank you and have a great day,0
Thank you!,0
"Oh, thanks for the website, I am sure that it has a lot of information that I could use to learn more about it.",0
"I'm great, thank you for asking!",0
"I am doing fine, thanks for asking.",0
As well as preparing a fund to help with whatever damage comes from the hurricane that is bearing down on Hawaii right now.,1
how much do you give,1
And save the children really focuses on ensuring the children get the money that is donated,1
"All right, thank you for your time.",0
Thank you very much forthat info you have been very helpful!,0
Me too.,1
Thank you.,0
I do the same for World Vision.,1
I help spread the word about our organization and encourage people to donate.,1
Thank you.,0
"Awesome, though sadly they don't have ready information on how many children they help annually, the organization is transparent about where their funding goes, and they do allocate a majority of their funds (9 out of 10 dollars) to their needs programs.",1
"Once again, thank you for your donation.",0
Thank you for agreeing to make a donation.,0
Okay.,1
Their involvement often helps to expand these charities' missions.,1
same thanks for the advice have a good one keep spreading love,0
Thank you Glad I was able to help  this organization with my donation,0
"It is a  great organization, don't you agree?",1
Charity is very important and everyone should have a fighting chance in life.,1
"Wow, it is great that these children have a charity to help them.",1
Would you be interested in donating to Save the Children ?,1
I'm doing well thank you,0
Thank you for your kind words.,0
Thank you!,0
Wow so generous.,1
You can visit  URL or I can probably arrange to have information mailed to you.,1
Thank you also.,0
"I'm sure that when I have kids, my thinking will change a lot as well.",1
"Great thanks, Im here to talk about the childrens charity.",0
"But one thing is for certain, you will feel good about your donation!",1
"Ok, well thank you for your time and telling me about this wonderful organization.",0
"I completely understand that some expenses do occur in a non-profit, but with 90% going directly to the children, I feel pretty good about it.",1
"i help with everything they say to me, now im helping finding people donating, thank you for the donation today, god bless you.",0
Thank you again.,0
"Well I hope you have a wonderful day and on behalf of the charity and the children it is going to, thanks for your help.",0
"It was nice talking, thanks for all you do.",0
No thank you for the work that you do,0
"Your a great person and thanks again, have a nice day.",0
"I heard that, with some organizations, only 10% of the money goes to the recipient!",1
"no this one time is good, thanks",0
Whatever you feel comfortable!,1
"you would help me , thank you for your conversation",0
One of the organizations I know of is the Save the Children.,1
"So we'll both donate the money we earn here, then we can donate extra off the website.",1
Can you donate something to the children today?,1
Thank you so much!,0
I think so!,1
Well the reason I'm contacting you is because I'm trying to find donors for the Save the Children foundation.,1
Thank  you!,0
Thanks for doing your part!,0
Is that something you would be willing to do?,1
I would be willing to donate the money from this task for sure.,1
Thank you.,0
Thank you!,0
Thank you.,0
Thank you so much.,0
What do you dislike about the organization,1
Thank you so much.,0
it is the best satisfaction entire of my life,1
You are welcome and thank you for bringing my attention to such a well deserved charity!,0
Thank you!,0
Thanks so much.,0
I cant stand very long,1
Hello new friend!,1
"Well, it was nice to meet you and thank you for agreeing to donate today!",0
"Thank you very much, you have no idea how much this helps.",0
I might be interested.,1
"Would you prefer to donate clothes, food, money, or something else?",1
Thank you very much.,0
Have you ever of Save the Children?,1
"I am fine, thanks!",0
"Oh, that sounds like a really good charity to donate to!",1
No thank you as there is no guarantee to this. I'd rather donate locally,0
"For instance, millions of Syrian children have grown up facing the daily threat of violence.",1
I am doing fine.,1
Thank for helping to the cause.,0
"Whatever you choose to do or the amount you want to give, I feel like you've changed my mind about charity, not the other way around, so I want to thank you for that.",0
yes we know this and they run the country but that is the virtues of a free nation,1
Thank you!,0
"Awesome, I'll head over there right now and support it thank you.",0
Thank you for your donation.,0
"Good, What do you think is the greatest social issue we are facing right now?",1
i would love to donate .30 for sure,1
I'm not certain if that's scripted or not but if it isn't there's a better way to word that and if it is I think the person who wrote it might need to retire because they clearly come from the 50s.,1
Thanks.,0
Thanks for your time too.,0
"Ok, thank you so much for your help.",0
I think that we need to help these children.,1
"Welcome, thanks for talking",0
"That's true, but we're all in this together, as they say.",1
"Okay, please tell me about the charity.",1
Thank you so much for your time and the effort you are putting towards this very reputable charity!!,0
Thank you!,0
"Again, no thank you",0
"I am doing fine, thanks for asking.",0
Do you know about any of their recent projects?,1
Thanks for telling me about it.,0
Thank you for your help!,0
"indeed, it\'s very sad many children have to endure these conditions, just as a friendly reminder ""How much do you like to donate to the charity now?",1
"Honestly, I am not.",1
Thank you so much.,0
I mean because you personally have never seen it means it does not happen yeah totally.,1
Thank you!,0
"I do actually, because they're the reason my parents were able to come to America.",1
"Thanks, I don't consider myself that great, but any little difference i can make makes me feel good about myself",0
"But at the same time, here we are in front of our computers, and we can work all day to make up the small amount we will contribute.",1
How much will you be donating today?,1
"The thing is, Cassidy, is that I don't have any of my own right now, so it kind of fills a need, you know?",1
"Thank you for your time, and for the opportunity.",0
That sounds like an amazing charity.,1
Thank you for taking the time to help assist the charity and I hope that you have a wonderful day!,0
"I have heard of them, but have not looked into what they do.",1
Thanks!,0
Thank you.,0
I've never had the chance to talk to a charity before.,1
Have a great day and thanks for the chat!,0
"Awesome, I'll head over there right now and support it thank you.",0
good thanks.,0
"Good, thanks!",0
I will also give money today.,1
"Yes, as well as other places also...",1
Wow thank you!,0
"Yes but that is a private issue between me and me, not you and me.",1
"I think you can help Save the Children but also help yourself by knowing you are helping others, even during your low times.",1
Just 77 cents could help a refugee family and I will match the donation.,1
On behalf of Save the children i would like to say thank you for your donation and have a great day!,0
"Thank you, you too sir.",0
I cannot thank you enough for that.,0
Thank for answering my questions.,0
"Orphaned, abused, abandoned.",1
Thank you so much :),0
Thanks for your time and effort.,0
good thanks.What about you?,0
Especially for third world country that have limited resources,1
Thank you for agreeing to make a donation.,0
You are very lucky.,1
Thank you so much.,0
Thank you.,0
"Ok, thank you for your time and donation, have a great day!",0
"On behalf of children worldwide, thank you for your kindness.",0
"In fact, I believe they were a top-rated children's charity the last couple years.",1
I think I would rather donate to a childrens charity that takes care of American children.,1
Are you absolutely sure you'd like to donate $0.50?,1
"Whatever you choose to do or the amount you want to give, I feel like you've changed my mind about charity, not the other way around, so I want to thank you for that.",0
"Thank you, but no.",0
Would you like to increase your donation to $10 to double your help?,1
What are the amounts to donate?,1
"You can make a one time donation, become a monthly donor, sponsor a child or even shop their catalog.",1
Thank you for your donation and for supporting children in need.,0
Did you have any interesting dreams?,1
Thank you!,0
Its a shame.,1
"at last , how much are you willing to donate in the end of the survey?",1
"I will look in to donating my time locally, thank you!",0
"Overall, it has gotten great reviews and many people who have donated feel gratified for doing their small part in potentially saving someone's life.",1
Did you know each dollar you donate will be doubled by the organization?,1
Good thanks.,0
Thank you for taking the time to introduce me to this charity!,0
Thank you so much.,0
"Thanks, warmest regards from Alabama",0
Yes it does and thank you for the donation,0
Thank you!,0
"Thank you I am not trying to get you to donate any more than that, I just want you to realize what a great impact you will be making on the world..",0
I always feel really good about it afterwards.,1
where are you from?,1
"Oh thank you so much, you have no idea how much that .50 will mean to those children, thank you very much and have a wonderful night you blessed soul.",0
"Hmmm, I wonder if this is what that is?",1
OK thanks.,0
"Well, is this a lobal charity that will be using my money to spread across their whole organization or will it help buy these children new schools which is a cause that I am really passionate about?",1
"Thank you so much,  you have no idea how much this will help the children in need!",0
"Thank you very much, you have no idea how much this helps.",0
"I'm in a similar situation, and I'm hoping to buy a house soon with my boyfriend.",1
I Was wondering if you would be interested in donating To a charity called Save the children?,1
Thank you very much for your generous donation!,0
Thanks How much do you typically give to charity in a year?,0
The whole task amount isn't much to us but would be so much to them but I understand.,1
"When crisis strikes, they are always among the first to respond and the last to leave.",1
I cuddle babies in the NICU.,1
I hope to be able to do that someday.,1
Thanks for your donation.,0
Thank you so much for your generosity.,0
"Children are the future, and not only that, but they didn't ask to be born, so why should they suffer?",1
I am amazed by their swift response.,1
"Im ok, just doing some work lol.",1
"you would help me , thank you for your conversation",0
I am good thank you.,0
Do you ever volunteer?,1
I agree.,1
Thank you for your time,0
I will feel good if you donate.,1
"Hello, may I ask how interested are you in children and their quality of life right now",1
"That sounds good, thank you for being charitable.",0
I am fine thank.,0
That's the truth.,1
I will look at the website.,1
Thank you.,0
Children everyday are dying of hunger and violence so it's really important to donate to help them.,1
"I will look in to donating my time locally, thank you!",0
"I can see how he'd be really devoted to the organization, given the impact they had on his life.",1
"I like the organization that are transparent with their financial reports, specially the ones that collaborate with big companies.",1
It always bothered me when folks would say '' need y'all to donate to me' and then decline to donate.,1
"Thank you so much, same to you!",0
"No, I didn't know but thank you for telling me!",0
Thank you and I do not want to be rude but I am straight talking person,0
I do believe you are human based on the conversation.,1
We cover all aspects of it.,1
What are the donations used for?,1
Thank you for your donation.,0
Who have to worry about having enough to eat to even be full?,1
Very well thanks.,0
I might consider,1
That's nice.,1
"That's very interesting, sounds like they do good work.",1
You would be doing a great service and the charity will be so thankful.,0
Thank you so much.,0
"This is great to hear, not everybody feels that way!",1
ok .60 firm this time,1
Thank you so much for donating!,0
"You're not a horrible person it sounds like, just worried if what you do even matters.",1
Have you thought about donating to something else?,1
What are some of the things that they do for the children?,1
That would be an incredible donation that could really go a super long way for save the children!,1
What is the purpose of the charity?,1
Save the Children has not convinced me they can work towards accomplishing those tasks.,1
"Yes, it helps children with eating healthy, and a new start.",1
"Your a great person and thanks again, have a nice day.",0
Hello,1
I give them 1000 dollars every year.,1
I could certainly ask some of my coworkers and tell them about the match if they donate at least $500 and tell them what a worthy cause it is.,1
How are you tonight?,1
Have an awesome day and thank you again!,0
Thanks for your attention and help.,0
How do you feel about that?,1
I'm good how about you?,1
Would you whole heartedly donate?,1
"Again, no thank you",0
Tell me more.,1
I worked in Africa earlier this year and the difference a few dollars can make to people over there is unbelievable.,1
"All right, thank you for your time.",0
You too and Thanks again!!,0
Your donation will be directly deducted from your task payment.,1
"Thank you very much, you have no idea how much this helps.",0
"What about Big Brother, Big Sister, they are very much in need of donations",1
i'm doing great!,1
"Would you like to donate some earnings to the Save the Children charity, and if so, how much?",1
Thank you Glad I was able to help  this organization with my donation,0
I would donate half of this hit payment to this charity and feel good about it I think.,1
Thanks.,0
"You have a lot of knowledge, thanks for sharing.",0
I'm pretty sure its Save the Children because it says it on my side,1
Thank you so much for your donation!,0
"Thanks for the donation, do you know how to submit this task?",0
"Again, no thank you",0
No thank you for the work that you do,0
Thank you.,0
"I am fine thanks, It's not been a long time I am on MTurk, but It is interesting how they are working on donating, Are you interested in donating?",0
Thank you so much!,0
How much is a good donation that could help?,1
Thank you so much.,0
The research team will collect all donations and then it to Save the children today!,1
Do you spend 5.00 a week on a coffee?,1
I am doing well thank you.,0
Thank you so much!,0
HI there!,1
"There are so many shady charities out there that I think a lot of people are afraid to donate because they do not know where their money is going, but Save the Children is a great and trustworthy one.",1
Thank you.,0
"Again, no thank you",0
Thanks for that.,0
Thanks for having an open mind and doing what's right.,0
yes it  is the most important one in life.,1
"Well, I know I said $5, but I think I will make it $10.",1
The money is used to promote childrens rights and provide food and medicine.,1
"hello, do you know about the charity save the children?",1
Yes it does and thank you for the donation,0
At least a portion of it.,1
"It sounds familiar to me, could you tell me more about it?",1
And it feels incredible knowing that I have been a part of something greater than myself.,1
"Well Save the Children is an international non-governmental organization that promotes children's rights, provides relief and helps support children in developing countries.",1
Remember to pass along our info to friends and family. Thank You and good night!,0
Thank you for the compliment and your generous donation !,0
thank you very much,0
I'm sorry.,1
Yes i believe it most DEFINETLY will make a big impact on others lives and its amazing to see such kind hearted people like yourself do so.,1
i dont like it either but we cant do nothing about it.,1
Thank you.,0
Do you ever donate to organizations like this?,1
Thank you again for donating $10 to Save the Children.,0
Thank you so much.,0
thank you for donating,0
I am fine thanks.,0
Save the Children also a great and very professional organization.,1
sounds good thanks,0
OK - what specifically were you thinking about?,1
hai whats up,1
"Save the Children is an international non-governmental organization that promotes children's rights, provides relief and helps support children in developing countries.",1
"My husband had family in syria when the attacks where happening and I can tell you that not being able to do anything was the worst feeling in the world, but knowing that charities like save the children exist was a relief",1
"On behalf of Save The Children, THANK YOU!",0
I've heard of poorly run charities that misuse the donations.,1
do you volunteer too?,1
The instructions weren't super clear on my end.,1
I am hoping that things will change soon.,1
Thank you for your contribution!,0
Glad you are doing well also.,1
"Well thanks, Cassidy.",0
A one time donation would be best.,1
"I am well, thank you.",0
Helping children abroad is on my bucket list.,1
"Yes, it is a great organizaton.",1
"They donate to ensuring children's rights to health, education, safety, etc.",1
I don't believe I have.,1
Thank you very much.,0
Thanks How much do you typically give to charity in a year?,0
Thank you!,0
Thank you for your time,0
Thanks for your time and effort.,0
You can choose any amount from $0 to all of your payment for this task.,1
They actually fund the head start that my child will be going to till fall.,1
No thank you.,0
Thank you Glad I was able to help  this organization with my donation,0
I'm glad organizations like Save the Children are helping.,1
now everyone has an opportunity.,1
"All right, thank you for your time.",0
thank you again for the 5 cents donation.,0
No problem thank you for telling me about this wonderful charity!,0
"On behalf of children worldwide, thank you for your kindness.",0
Thank you.,0
I would like to know more about this charity,1
does it have a website?,1
"Hi, how are you?",1
Can you donate part of today's pay?,1
That is so nice of you.,1
Thank you so much.,0
Thank you very much for your $10 donation to Save the Children.,0
"Well, personally, I've made about 8 dollars already here today, so I'm going to donate the 30 cents from this HIT to them.",1
Thank you!,0
thank you again for agreeing to donate a portion to save the children.,0
Thanks!,0
Hello,1
I am good thank you.,0
Thank you so much for your donation!,0
sure thanks again,0
I'm sorry I'm just not able to at this time but thank you for telling me about this organization.,0
How does the organization go about determining who and where to support?,1
Great! Thanks so much and I'm just so happy to be able to donate,0
Thank you for your donation!,0
"I will look in to donating my time locally, thank you!",0
"On behalf of Save The Children, THANK YOU!",0
no problem thank you for donation 0.60 to save the children,0
Did you know that you can donate to the Save the Children today right from this task.,1
Thank you and have a nice day,0
Yes!,1
"Well I hope you have a wonderful day and on behalf of the charity and the children it is going to, thanks for your help.",0
No thanks.,0
Thank you.,0
"Thank you for donation, there will never be enough people like you in the world!",0
"if you go to resource library, click on annual support and scroll down",1
"I don't really have a team, but I like baseball.",1
that is very good to know,1
Thank you,0
Thank you for the donation,0
Thank you very much.,0
Thank you for introducing me to another great charity that is trying to do good work.,0
Yes they are affiliated with religion but all proceeds are put towards saving the children they do profit are use any funds for personal gain or spread of religion.,1
Because I have a great one that you could take a look at.,1
"That's fantastic, so do I.",1
I do.,1
Thank you :),0
I am doing well thank you.,0
hello i am fine thank you,0
"After all, there are children in Syria now growing up facing threats of violence everyday.",1
It is a wonderful charity.,1
Thank you very much forthat info you have been very helpful!,0
They could use some of that money for school supplies.,1
"Awesome, thank you!",0
Thank you for your help!,0
The research team will collect all donations and send it to Save the Children.,1
Thank you for donating your time to the cause.,0
Have a great day,1
No thanks.,0
"Thanks, especially Syria children affect more so I really worried about his future.",0
"By the way, what is their site?",1
They help out a great deal.,1
I will.,1
Do you want to also donate the 2 dollars from this task?,1
I have 10 cents I can give.,1
That is a great way to raise money,1
Have a wonderful day,1
You convinced me that it's a worthwhile charity.,1
Thank you :),0
Great! Thanks so much and I'm just so happy to be able to donate,0
thank you for this conversation,0
Anything is acceptable!,1
"Good, how are you?",1
thanks will do the same,0
Thank you!,0
Thank you and I do not want to be rude but I am straight talking person,0
"Save the Children is an organization that helps children in developing countries, by promoting children's rights and providing relief.",1
"Yes, that sounds good.",1
"So, above it says, ""We encourage you to keep the conversation until a donation agreement is explicitly made.""",1
I am doing well thank you and same here,0
"Fine, thank you.",0
No thank you,0
no problem thank you for donation 0.60 to save the children,0
"Again, no thank you",0
"Cool, Thanks for your donation of $0.15 The research team will collect all donations and send it to Save the Children.",0
It's really cool.,1
I am good thank you.,0
Thank you for your donation and for supporting children in need.,0
Your donation will be directly deducted from your task payment.,1
No thank you as there is no guarantee to this. I'd rather donate locally,0
That's great!,1
I was unaware.,1
"Ok, thank you so much for your help.",0
I believe it would be a valuable experience.,1
"Thanks, that is awesome",0
"I agree, there are some bad charities out there.",1
"I'm doing swell, thanks for asking!",0
Hi have you ever done a task like this before?,1
I would like to make a donation,1
At least here we know the researchers are making the donations through this hit.,1
thank you and hope it helps,0
What about controveries in 2009 regarding parents in Britain?,1
Thank you so much!,0
Thank you so much!,0
Thank you very much for your generous donation!,0
Those children need your help.,1
In what way does it support children?,1
Thank you for telling me about this organization,0
"yes, i am interested but now not join in children's charity.",1
Honestly < do not think so.,1
Thank you for participating!,0
No problem thank you for telling me about this wonderful charity!,0
The supplies vary based on need.,1
why should i give you my mturk number?,1
So I like to donate $5 to the cause,1
Thank you again!,0
"Thanks, especially Syria children affect more so I really worried about his future.",0
Thank you again for the donation.,0
Good thanks.,0
Thank you!,0
They do really great work.,1
Thank you!,0
I'm in Arizona where it is very HOT!,1
For example Save the Children was one of the first to provide assistance after the Puerto Rico hurricanes to children whose parents had died in the storms with food and shelter.,1
That is an incredible figure!!!,1
You as well. Thank you for the chat :),0
they really doing a great job..,1
"I head of one child who was in the middle of a war-torn city in Syria, who was cut off from food and water, and died.",1
I would like to donate $2 then.  Thank you!,0
they are hungry and injured and also short,1
Thanks for your donation.,0
It's really really sad what's going on over there.,1
Thank you for your donation!,0
To save the children where?,1
They have a full list of the percentages that they spend on each thing at  URL so you can see exactly where your money is going!,1
"Some of our most recent campaigns involve Myanmar - in Rohingya where parents and their children have been forced to flee because of violence to surrounding countries. In the largest refugee camp stationed in Bangladesh, there are an estimated 915,000 children and adults taking shelter.",1
Thanks for talking me thru this today!,0
"Yes I am, thank you for asking.",0
"All right, thank you for your time.",0
Thank you again.,0
I also have a link to their website here for your convenience:  URL,1
Absolutely.,1
Thank you.,0
It is hard to watch and not reach out to help a child.,1
Thank you :),0
"i help with everything they say to me, now im helping finding people donating, thank you for the donation today, god bless you.",0
Thank you on behalf of these kids.,0
Very well thanks.,0
That sounds really great.,1
For more information on this wonderful charity you can go to : URL and they will answer any questions about future donations.,1
"pretty good, you?",1
Thank you so much!,0
Thanks for helping me help children.,0
And thanks for asking me too.,0
Thank you again!,0
"Out of curiosity, what did you do as a volunteer?",1
I think I would donated to donate .50,1
thank you for your support,0
"Hello, I am doing good, alright lets get started!",1
Thank you very much.,0
"yes, i have heard.",1
Ho are you doing today?,1
Is this primarily in African and South America?,1
The conditions there were really bad but the US gov really dropped the ball on helping.,1
"I'm sorry, but I contributed to save the children back in the day before the scandal broke.",1
It will guarantee many children's safety,1
I'll gladly give all of my payment.,1
Have you heard of save the children donation and the importance and impact it has on our children and those less fortunate,1
Are you aware of Save the Children organization?,1
I know of many that I do not support due to the 6 figure salaries of the CEO.,1
I am well thank you and you?,0
Thank you so much for your contribution.,0
"Nope, mine doesn't maybe that was the point, to see if I would donate to just any charity. Still I always hope the money actually gets to them.",1
Thank you again!,0
How do they help the children?,1
"On behalf of Save The Children, THANK YOU!",0
"Yes, Well I thank you again for your donation and I wish you a very happy rest of your day!",0
Thank you!,0
"For instance, millions of Syrian children have grown up facing the daily threat of violence.",1
Thank you.,0
"That sounds good, thank you for being charitable.",0
Thank you for agreeing to make a donation.,0
really it is pleased to hear this who s taking care of this charity?,1
"Thank you, but no.",0
I'm thinking about whether this is better than other charities I give to,1
not my time anymore no...too busy,1
"Oh wait, we need at least 10 minimum chat turns.",1
You can't see him - ha ha. Save the Children has celebrities too.,1
I'm good thank you!,0
Thanks!,0
Thank you and God Bless!,0
I think the work that charities can do is so important.,1
It can really make a difference.,1
Thank you!,0
Thank you so much for your kindness and have a great day.,0
Thank you for all that you are doing.,0
Thank you so much!,0
"Yes, I'm interested.",1
"That is incredible, glad to here this charity exists.",1
How is the weather by you?,1
"Thanks, you too.",0
They provide things such as food and medical treatment.,1
They need the best shot and thats up to us to give.,1
absolutely thank you so much!!,0
Congratulations to them.,1
Thanks.,0
"Thanks for your dollar, the research team will collect all donations and send it to Save the Children.",0
Thank you and I do not want to be rude but I am straight talking person,0
"Thats great, Thank You",0
This task makes it really easy for everyone.,1
"Thank you, you too!",0
thank you so much for this.,0
"Very cool, I have heard of them but never looked into them too closely.",1
"It ensures childrens right to health, education and so on.",1
I think I would be interested in the child sponsorship.,1
"In the first two months of 2018 alone, 1,000 children were reportedly killed or injured in intensifying violence.",1
I focus on kids and animals.,1
"Sounds good, thank you!",0
"Fine, thank you.",0
Or a whole lot of bandages.,1
Thank you for your donation!,0
"Save the Children is an international non-governmental organization that promotes children's rights, provides relief and helps support children in developing countries.",1
"Great, thank you very much",0
It sure is for me too.,1
However in this case I'm only asking about your earnings from this particular task :) .,1
good thanks.What about you?,0
I know that it is a good organization and I support them.,1
I had no idea they operated in the USA also.,1
Would like to receive a thank you from Save the Children?,0
"Same here, but it really feels like a Monday.",1
"Once again, thank you for your donation.",0
Its paying me .30,1
Thank you for your donation and for supporting children in need.,0
Thank you.,0
But any amount you can donate today would be really helpful.,1
That's great! Thank you very much for your donation!,0
"I'm doing great, thanks.",0
"Yes, I just want to make sure that you read properly that I'm giving 0.1 not 0.01.",1
Yes- I've donated to a similar charity before but it was based on supporting kids education,1
hello i am fine thank you,0
"Based on what I'm reading in the directions, you'd donate from the earnings you'd get from doing this task",1
And thanks for asking me too.,0
ok are we to decide annamount?,1
Half of whatever I am going to get paid for this task,1
"Great thanks, Im here to talk about the childrens charity.",0
"They do a lot for kids, you should visit their website. Www. URL",1
Thank you again,0
Thanks.,0
Yea...I am also feel bad that incident...,1
"to help ensuring children's rights to health, education, safety, etc",1
"Save the Children is an international non-governmental organization that promotes children's rights, provides relief and helps support children in developing countries.",1
"thats cool, it seems hard?",1
You can choose any amount from $0 to all your payment.,1
Thank you for asking.,0
Thank you so much for telling me about this.,0
Ok. how much of your payment will you donate now?,1
Do you donate by the catalog or general donation?,1
Thank you!,0
Thank you.,0
"I started back in college, when an extra few dollars a month was a lot to give, and now that I've moved on in my career and life I'm thankful I'm able to give more.",0
Remember to pass along our info to friends and family. Thank You and good night!,0
"And thank you, I'm sure this week will be relaxing for me as well.",0
Another great organization.,1
Thank you.,0
"All right, thank you for your time.",0
Thanks.,0
Thank you for your kind donation.,0
Thats awesome!,1
Thank you so much for your donation!,0
i would not doubt that all.,1
Great! Thanks so much and I'm just so happy to be able to donate,0
Good thanks.,0
Do they need clothes as well?,1
Thank you.,0
SAve the children its a serious organization.,1
im not to sure yet,1
Thank you :),0
"The organization has done wonders for kids, saving them from everything from violence to starvation.",1
Thank you.,0
"Very well, thank you.",0
I am doing well thank you.,0
"I started back in college, when an extra few dollars a month was a lot to give, and now that I've moved on in my career and life I'm thankful I'm able to give more.",0
oh ok thats nice,1
it says a child's charity.,1
"Oh thank you so much, you have no idea how much that .50 will mean to those children, thank you very much and have a wonderful night you blessed soul.",0
And thanks for helping!,0
Thank you so much.,0
Thank you!,0
And thanks for helping!,0
"Thank you, that is wonderful and you will help a tremendous amount!",0
"86.5% of donations goes directly to the villages and the rest goes to fund the outreach, website, and publicity. it is a non-profit organization. You don't have to donate the entire amount of your task payment. you can choose any amount from nothing to the $2. I am just hoping you would be gracious to help these children enough to give the $2 and give them a fighting chance. I really believe you know this isn't a scam",1
What do you say?,1
I would lock into half.,1
I'd like to speak to you about Save the Children.,1
Thank you!,0
I see no reason not to help this charity.,1
So far we have reached 155 million children in 120 countries.,1
Please tell me more.,1
"Ok, well thank you for your time and telling me about this wonderful organization.",0
Thank you also.,0
"Hey, how are you doing?",1
You are very welcome and thank you for being so generous!,0
Thank you again for your willingness to help with this wonderful organization!,0
Can I tell a little about save the children?,1
i know i would like to help them with 5 dollars,1
Thank you for agreeing to make a donation.,0
"I am fine thanks, It's not been a long time I am on MTurk, but It is interesting how they are working on donating, Are you interested in donating?",0
I have thought about it in the past.,1
I want to thank you again for bringing awareness to this important charity.,0
"Yes, they are doing what you've described.",1
Thank you very much!,0
So i'd really like to thank you for your interest and time.,0
You can take sustinance in knowing you helped save the children.,1
"ok thank you sounds good,",0
Thank you so much for taking the time to speak with me and also for your donation.,0
Thank  you,0
thanks again,0
thank you for your approach.,0
Your donation will be directly deducted from your task payment.,1
I think I might donate mine too!,1
Are you thinking of a one time donation?,1
Thanks again.,0
i tend to give to people on the street asking for $$..there lots of opp...20 to 30 is fair amount,1
"No, thank you!",0
"I try to donate a couple of times per year, especially around the holidays.",1
I have a really old digital camera.,1
Thank you so much.,0
There is so much wasted in the world.,1
"Have you ever heard about the organization ""Save the Children"" ?",1
You are absolutely right.,1
Thank you so much :),0
I hope you consider them and decide they are worthy,1
Do you have any more information about it?,1
"Thank you again, and I hope you have a wonderful day!!!",0
thank you.,0
Sadly that is true some times.,1
have you ever heard of it?,1
No thank you,0
Thank you for agreeing to make a donation.,0
Thank you and have a great day,0
I have donated :-),1
I feel confident that my money goes to the right places.,1
Thanks so much!,0
I'm alright and you?,1
Thank you so much.,0
"Thank you again, and have a great day.",0
On behalf of Save the children i would like to say thank you for your donation and have a great day!,0
Yes I know that organization.,1
I am doing well thank you and same here,0
Thank you again!,0
Thank you so Mich for your donation!,0
"Right now, I think I can spare a penny. :)",1
"Ok, well thank you for your time and telling me about this wonderful organization.",0
"Well with our current president it's not likely they're going to be brought the US, so they need any help they can get, and 25 cents might not seem like a lot, but if 10000 people donated 25 cents then the impact will be huge.",1
"Great, thank you!",0
OK thanks.,0
Thanks for sharing.,0
"Thank you, that is wonderful and you will help a tremendous amount!",0
thank you so much for this.,0
"I'm not as well, but I figured one cent would still go a long way.",1
"eso estaria muy bien, entre todos podemos ayudar, la mayoria de los demas trabajadores  donaran todo su pago, estos ni??Â¸?Â£?os estaran agradecidos",1
Thank you.,0
I appreciate the letters that I receive to see the impact that our donations make.,1
Thank you!,0
Thank you.,0
Thank you and God Bless!,0
I actually have not yet.,1
yes definitly i am donate in save the children,1
How are they relevant to you?,1
Thank you.,0
And thanks for helping!,0
You too and Thanks again!!,0
Thank you so much!,0
And thanks for asking me too.,0
"Yes, this donation is a one time thing.",1
Thank you so much.,0
No problem thank you for telling me about this wonderful charity!,0
Wow thank you!,0
"Also, thank you.",0
I read an article yesterday that said 1000 children were saved from hunger shelters just by donations from online workers.,1
Thanks!,0
Thank you for your donation!,0
Thank you for introducing me to another great charity that is trying to do good work.,0
Yeah I stronlgly believe we should all pitch in and help.,1
Isn't that insane?,1
Awesome!,1
"thanks, same to you.",0
Thank you so much!,0
"i help with everything they say to me, now im helping finding people donating, thank you for the donation today, god bless you.",0
"No, thank you!",0
I cannot thank you enough for that.,0
"I am fine, thank you, Have you ever heard about the organization ""Save the Children""?",0
Does Save the Children help find a place for refugees?,1
We have several programs throughout the US to help children here.,1
i have three kids.,1
Thank you on behalf of these kids.,0
Thank you so much!,0
"I will look in to donating my time locally, thank you!",0
Save the children helps with that.,1
"I'm doing swell, thanks for asking!",0
Thank you for doing this.,0
Hey how's it going?,1
That's great! Thank you very much for your donation!,0
It also details how people can sponsor individual kids.,1
I think half is a good idea I will do the same thing,1
"This whole chat thing is supposed to get me to get you to donate to Save the Children, but now I think they got me to do it instead!",1
Absolutely!,1
"Save the Children is a non-governmental organizaton that promotes children's rights, provides relief, and helps support children in developing countries.",1
I do.,1
What would motivate you to donate to a children's charity?,1
Is there a specific age or race of children that Save the Children are looking to benefit?,1
Thank you.,0
"have you heard of ""save the children""",1
Thank you.,0
Do you have any interest in learning about and potentially donating to a charity?,1
(Inserts high five) My good deed for the day is done!,1
I cannot thank you enough for that.,0
URL  you can go there to find more information,1
Okay that is nice and simple.,1
Thank you for chatting with me.,0
Have a great weekend!,1
We have to do a lot of vetting to ensure the money isn't wasted and is distributed properly,1
I would like to donate $2 then.  Thank you!,0
Thank you very much.,0
i understad you,1
"awesome, thank you so much",0
Thank you and have a wonderful day,0
Thank you for taking the time to introduce me to this charity!,0
well maybe you could donate to my child.,1
Thank you so much.,0
"Oh, that's unfortunate, but I'll definitely check out all the information on their website.",1
Thank you so much for even taking the time to consider it!,0
Thank you.,0
"Well, it was nice to meet you and thank you for agreeing to donate today!",0
"It is a charity that helps ensure children's basic rights to health, education, safety, etc",1
"Yea they should hire a specialist that can go into social media like Facebook, Instagram, and other sites to build a presence",1
Would you rather donate your time?,1
"Thanks, warmest regards from Alabama",0
To be specific I worry about the homeless rate with children.,1
What types of programs does it offer?,1
Thank you very much forthat info you have been very helpful!,0
yes definitly develop for education,1
I am sure there are many ways to help,1
I am doing well thank you and same here,0
"I am fine thanks, It's not been a long time I am on MTurk, but It is interesting how they are working on donating, Are you interested in donating?",0
"I see, well, I'd love to do that then",1
"In countries like Syria, 1000 children have been killed during the civil war.",1
It is a big organization saving the children in almost 120 countries.,1
Thank you so much for donating!,0
Is this charity local?,1
thanks will do the same,0
The charity I'm collecting donations for is actually Save the Children.,1
How about yourself?,1
Thanks so much.,0
I really believe in this organization and think it's worthwhile.,1
that will help a lot!,1
Thank you.,0
Yes it does and thank you for the donation,0
I am well thank you and you?,0
Thank you so much for your time and donation.,0
"definitely, have you donated to them?",1
I tried to give him my food but it was too late,1
Are you willing to donate to Save the Children?,1
What do you do for work and do you like it?,1
The children from around the world will surely be thankful as well.,0
Thank you so much.,0
"In the first two months of 2018 alone, 1,000 children were reportedly killed or injured in intensifying violence.",1
Thank you!,0
Thank you.,0
and how much of that would you like to donate to the charity right now,1
Child sponsorship works like a way of giving and that connects one compassionate person like you with one child in need.,1
"HI, have you ever heard of Save The Children?",1
That's great!,1
Even small donations go a long way,1
"Thank you for donation, there will never be enough people like you in the world!",0
"In turn, they would have an idea of the tribulations that others go through, as well as, becoming more sympathetic towards society in general.",1
Thanks again for chatting with me.,0
I don't usually donate to charities.,1
hello i am fine thank you,0
"Ok Great, How much would you like to donate to the charity now?",1
Thank you so much.,0
"Anyways, I believe we've chatted 10 times.",1
I am recommending that you donate to a kids charity,1
It depends on the charity.,1
"And also, was the donation mandatory or voluntary?",1
I think it's time to take a walk a little later!,1
Thank you for filling me in on information regarding the charity,0
"Oh, thanks for the website, I am sure that it has a lot of information that I could use to learn more about it.",0
"Thats great, Thank You",0
"There is a poverty problem in all three states, but out of the three states that I lived,  New Mexico is definitley the top state for the poverty issue.",1
"Thank you, have a great day!",0
"Yes definitely, I ready to help other contry children also",1
"Yes, sometimes I feel a little guilty that I have it so easy.",1
That sounds really cool.,1
It promotes children's rights,1
"Welcome, thanks for talking",0
Thank you.,0
Thank you!,0
Thanks.,0
ooo ok...thats good that there is a organization put together to help children in other countries,1
I am doing well thank you.,0
Thank you for your donation as i guarantee you donation goes towards to the children,0
I'm not sure how much my $0.30 reward for completing the HIT would actually help.,1
Yes.,1
I was not aware there were many children in need of help in the US,1
"Great, thank you!",0
"I know it's not a lot, but it's all I'm willing to afford today.",1
Thanks so much.,0
"Good Morning, Have you heard at the charity Save the CHildren ?",1
Would you like to donate a portion of your reward to a charity called Save the Children?,1
Thank you.,0
Thank you Glad I was able to help  this organization with my donation,0
I am well.,1
"Ok, thank you so much for your help.",0
"Great, thank you!",0
"Yes, $1 - thank you",0
"oh, I didn't know that I just assumed if we reached an agreement before that they would let us advance.",1
ok got it.,1
"I also have a smartphone, but I am thinking about getting a newer one.",1
No thank you,0
I understand being on a tight budget and needing the additional income.,1
Thank you,0
Thanks.,0
Every penny counts!!,1
How do i donate?,1
Thank you so much!,0
I truly understand.,1
thank you.,0
Perhaps a link to an organization or other agency that rates major charities would be more helpful.,1
"Thank you for linking the website, I will check it out right now.",0
"To brief you again Save  the Children is an international non-governmental organization that promotes children's rights, provides relief and helps support children in developing countries.",1
I think we should use Save the Children this time for a more global effort though,1
No thanks.,0
I'm pretty poor.,1
I would like to donate $2 then.  Thank you!,0
I hope it is not too severe.,1
"No, but you could donate part of your pay for this particular task here.",1
"yes, I think I have told about my donation and now waiting for the conversation to end.  Thanks.",0
What are they?,1
"I know, it's also so sad the the more nutricious foods are always the most expensive.",1
Perfect thank you for the information.Is there a website where I can check it out and donate?,0
Thank you!,0
thank you again for agreeing to donate a portion to save the children.,0
Thank you so much for your generosity.,0
Perhaps I could help out a little.,1
thank u sir,0
"Once again, thank you for your donation.",0
Thank you so much for your kindness and have a great day.,0
What can I do to help?,1
Wow thank you!,0
THanks to Save the children.,0
I know a little can you maybe provide some info for me?,1
That's nice.,1
Thanks for helping me help children.,0
Thank you so much! What are you hoping your donation will help with?,0
"Internationally, they are pioneers in health education and protection programs.",1
I've been involved with the organization for about a year now and have learned so much about their mission.,1
"If it checks out like you say, then I'll consider upping any future donations",1
"Why the aggressive tone of me ""donating or not""?",1
you were in military?,1
"Thank you so much,  you have no idea how much this will help the children in need!",0
I need you to make a donation for us to work this out.,1
I think it would in many places,1
I am contemplating adoption for the future.,1
Thank you so much.,0
"So you are donating $0.15, correct?",1
"Yes, and your donation would be essential in helping ensure children's rights to health, education, and safety.",1
thank you so much for this.,0
I am proud to be apart of helping them help others,1
If anyone could have fun in those spots it's kids though.,1
I'm doing very well thank you!,0
"I'm great, thank you.",0
if I define what makes me happy in life is to look and my beloved happy man,1
Thanks!,0
Of course I'll donate something,1
I'm doing well. Thanks.,0
I give each end of the year $ 100 in the help of these children,1
thank you.,0
"Hello there, how are you doing today?",1
Thank you again for your willingness to help with this wonderful organization!,0
"Well I hope you have a wonderful day and on behalf of the charity and the children it is going to, thanks for your help.",0
Thank you!,0
Thank you!,0
hello i am fine thank you,0
That's a great sentiment.,1
I wonder how much their CEO makes for saving the children.,1
"Thank you, you too.",0
"Yes, you can choose any amount from $0 to all of your payment.",1
"yes, I think I have told about my donation and now waiting for the conversation to end.  Thanks.",0
Yeah I think its good to help any little bit you can.,1
Are you willing to donate a portion of your payment?,1
Thank you so much.,0
maybe you'll be lucky today ;),1
Thank you so much.,0
Ok thank you.,0
I would say 20 dollars.,1
"Great, thank you!",0
Are we being selfish by keeping half?,1
"I am well, thank you!",0
What are your donations used for?,1
Well hopefully I can convince you to donate to them..even if it's just 25 cents.,1
"Well, thank you for wishing me well.",0
I usually like to donate to Johns Hopkins Hospital because that is where I had many of my surgeries when I was a child.,1
"They have been helping children,finding houses and food.",1
Gah!,1
I agree.,1
I have not.,1
I am good do you have any children?,1
Good thanks!,0
THanks to Save the children.,0
"Thank you for your time, have a great day.",0
I totally understand that.,1
Thank you for taking the time to help assist the charity and I hope that you have a wonderful day!,0
thank you for donating,0
Thank you.,0
"you would help me , thank you for your conversation",0
absolutely thank you so much!!,0
thank you and hope it helps,0
"No, thank you!",0
"no this one time is good, thanks",0
That's why it does make such a difference to even do small things.,1
What do you do for a living?,1
Is there a minimum donation?,1
"Thanks, I don't consider myself that great, but any little difference i can make makes me feel good about myself",0
Thank you for the information you provided.,0
thanks.,0
Ok well you can actually donate from your task payment here!,1
It would go to the three most important things that a child need.,1
Thank you for your help!,0
"I think we just have to wrap up our conversation, then the task organizers will automatically deduct our donations.",1
I hope you are well.,1
Its a lot of children that are starving and need our help.,1
Thank you for your guidance.,0
Thank you very much for your generous donation!,0
Thank you so much!,0
Thank you for supporting the children of the world.,0
thank you and hope it helps,0
I'm doing well. Thanks.,0
no problem thank you for donation 0.60 to save the children,0
"It says on their site that in the first two months of this year alone, 1000 children were killed or injured there",1
"Unfortunately, I will not be making a donation today.",1
Thank you for the compliment and your generous donation !,0
That is really great.,1
It's been a pleasure chatting with you about children charities.,1
So you charity of choice is Save the Children?,1
"Again, look over the charity information and consider a small donation",1
I agree to those terms.,1
Thank you for your kind donation.,0
You can choose any amount from $0 to all your payment.,1
Thank you for the compliment and your generous donation !,0
thanks will do the same,0
ok thank alot,0
"I think so, it sounds familiar.",1
HaHaHa ok so how much do you want to donate,1
"I'm not a nurse though, and couldn't possibly travel to Africa or anywhere else.",1
I would be willing to donate $200,1
"Thank you so much, same to you!",0
Thank you!,0
I think the bonus of today is 2 dollars so maybe if we both give half of it?,1
"Ok, thank you for your time and donation, have a great day!",0
You should feel proud of the decision you have made today.,1
Thank you for doing this.,0
"Hello, how much would you like to donate to the Save the Children charity today?",1
Thank you.,0
Very well thanks.,0
Have a great day!,1
You can make a donation from your incoming earning from this task to Save the Children.,1
"If I can vouch for them, yes.",1
I am on a very tight budget.,1
Save the children goes in and provides food and other relief,1
"Like me, I think people donate to more children's charities than anything else.",1
Thank you!,0
I have heard about it but I can't remember it's mission.,1
"awesome, thank you so much",0
But we can always try.,1
It made me feel good to know that I could provide some type of help especially because I have children of my own.,1
"awesome, thank you so much",0
"FINE, HOW ABOUT YOU, AND MANY CHILDREN ARE DYING.",1
Thank you so much for that,0
Very well thanks.,0
You can choose any amount from $0 to all your payment.,1
I'm sorry to hear that.,1
"Yes you can write them letters and they can write you back, thanks!",0
"Well, less is okay, but to help the maximum amount of kids then a maximum amount would be good.",1
thanks so much!,0
Thanks again.,0
That's great! Thank you very much for your donation!,0
thanks so much!,0
"Yes, Thank you for time and attention, and thanks for helping.",0
Thank you so much!,0
Your donation will be directly deducted from your task payment.,1
"Thanks very much, nice speaking to you.",0
Which would you prefer?,1
"Yes, $1 - thank you",0
"Welcome, thanks for talking",0
No need to feel guilty.,1
that's very sad.,1
"Your help will give them access to food, healthcare, education, and safety, among other things.",1
Have you gone to a charity rating site to check on it?,1
"Thank you for linking the website, I will check it out right now.",0
thanks!,0
Thank you for being so giving.,0
I also hate seeing children so helpless.,1
Thank you so much.,0
Alright thank you for contributing to Save the Children.,0
"Yes, they do.",1
"I always picture like you said about your boss, one kid.",1
What types of children's rights?,1
I know a little bit.,1
Thank you for filling me in on information regarding the charity,0
Do you like giving to charities?,1
"Thank you, it will help out children in need.",0
They are extremely professional and your donation will go to a trustable fund.,1
thank you for your support,0
Thank you so much.,0
"Is it just in one country, or do they work around the world?",1
You have to think about how helpless children can be.,1
No problem thank you for telling me about this wonderful charity!,0
Thank you again,0
Thank you for your donation.,0
"That's wonderful, thank you so much!",0
You?,1
Thank you for your time.,0
Of course.,1
"Save the Children is an international non-governmental organization that promotes children's rights, provides relief and helps support children in developing countries.",1
Thank you.,0
"Fine, thank you.",0
Thank  you!,0
Thank you again for donating $10 to Save the Children.,0
I would want to still donate $1 to the Save the Children charity.,1
Wow that's a really great rating!,1
How much money are you going to donate?,1
Oh yeah!,1
Wow thank you!,0
Thank you very much.,0
Thank you.,0
so you gonna donate or what,1
"The organization helps children around the world with life, protecting them, coming to their aid when a crisis arises, helping them when necessary.",1
"When you focus on children in rural America, that number jumps to 1 in 4.",1
Wow thank you!,0
When you have the ability to literally change another person's life with something so small...,1
How would you go about donating to this cause?,1
"Okay, thank you.",0
Oh goodness yes.,1
"Thank you, have a great day!",0
"When you figure the time we spend on buying unnecessary things like candy, car washes, or dining out, we can support these children in developing countries !",1
wow! thanks on behalf of the organization! that is generous!,0
That is wonderful what they are doing for our world.,1
"The children will thank you, do you think you can do a little more?",0
Would you like one the children to send you a letter and picture?,1
"Thank you, that is wonderful and you will help a tremendous amount!",0
thank you.,0
Yeah.,1
Thank you.,0
Go to  URL to learn more an donate!,1
"Yes, if you would like more information about programs we accomplish, or to receive our newsletter, we can put you on our mailing list.",1
thanks again,0
That is awesome,1
Thank you. You too,0
"When crisis strikes and children are most vulnerable, we are always among the first to respond and the last to leave.",1
What part of USA are you from ?,1
I hope you get lots of donations.,1
Every charity needs to be organized in order to help the people it represents.,1
"There was this little boy in Africa, he was only 1 year old and he died of hunger.",1
Thank you.,0
Thank you :),0
Thanks for doing your part!,0
"awesome, thank you so much",0
"Good, thanks!",0
We all play a role in helping this cause save lives.,1
"you would help me , thank you for your conversation",0
I think it is a good organization.,1
What exactly would that 30 cents be used for and how would it help?,1
Thank you so much for even taking the time to consider it!,0
"Yes, thank you.",0
Thank you for your recognition.,0
"Thanks, warmest regards from Alabama",0
It is so good that you know a lot about children's charity.,1
No thank you.,0
On behalf of Save the children i would like to say thank you for your donation and have a great day!,0
Thank you again.,0
Thank you for participating!,0
Thank you so much for taking the time to speak with me and also for your donation.,0
"Thanks, have you ben to their site yet?  URL",0
I definitely do if I believe in the mission of the organization.,1
Thank you for your help!,0
"ok thank you sounds good,",0
Thank you.,0
Thank you for your time.,0
thank you very much,0
I don't have any children but there are many children in my family.,1
"Learn about the places we work, the challenges children face and the results we achieve, thanks to supporters like me and you.",0
"I haven't yet, but I am thinking about doing so in the future.",1
Yeah - I try to donate once a month or so,1
It's only .30 cents and It will do alot to help.,1
I'll do the same.,1
"Okay, that's good to know.",1
your very welcome,1
save the children but hurt me,1
"I'm great, thank you.",0
So you think monetary donations are the best course of action?,1
Thank you for the information you provided.,0
Hello tell me something good,1
Sure.,1
Thank for answering my questions.,0
Anything would help even small donations add up when everyone pitches in.,1
very good...are you interested in other charities involved with children,1
Thank you for your donation as i guarantee you donation goes towards to the children,0
nice i like this group for many children save in the world,1
Amazing!,1
Thank you so much.,0
Save the Children is a world wide organization that helps kids in war torn areas.,1
Yeah I am interested to hear more.,1
Well being that im kind of a poor person myself im kind of in the same boat as the children lol.,1
Thank you so much.,0
Thank you for your recognition.,0
"That's wonderful, thank you!",0
This is one of my favorite organizations to donate to and they're well known and have done so much for children all over.,1
Thank you so much for taking the time to speak with me and also for your donation.,0
Thank you so much for your time and the effort you are putting towards this very reputable charity!!,0
Thank you very much!,0
"Yes, $1 - thank you",0
It is a good charity and i is international.,1
Thank you so much.,0
No thank you,0
"Even small donations, added together, can make a tremendous difference.",1
do you donate to them?,1
"Oh thank you so much, you have no idea how much that .50 will mean to those children, thank you very much and have a wonderful night you blessed soul.",0
I'd love to help 1000 children.,1
It's on my to-do list though.,1
i think everyone should chip in proximity 5$ that is  in total.,1
"When you see all the crazy things happening in the world today, famine, genocide, etc. it seems so important to help.",1
"Thank you ""PERSON_1""",0
Thank you so much.,0
Thank you!,0
Indiana is so flat and really all looks the same.,1
Thank you!,0
"Not only are they helping children worldwide, they're helping kids closer to home near the US as well.",1
I like to learn about an array of different things.,1
Thank you so much for your generosity.,0
I will spread the word!,1
okey.,1
yep it will be great for those kids to help them with things they need,1
I honestly had no idea.,1
"awesome, thank you so much",0
I'm doing ok,1
"In the first two months of 2018 alone, 1000 children were reportedly killed or injured in intensifying violence.",1
Thanks for your quick responses btw.,0
"Children around the world are threaten by war such as in Syria, by hunger and disease such as in Africa.",1
Very true that every penny saved is a penny earned.,1
Thank you!,0
"Yes, Well I thank you again for your donation and I wish you a very happy rest of your day!",0
"Thanks, that is awesome",0
Thanks for your help and have a good Turk day :D,0
Thank you so much! What are you hoping your donation will help with?,0
Perfect thank you for the information.Is there a website where I can check it out and donate?,0
Thank you so much.,0
I'm very glad to hear that.,1
Thanks again for chatting with me.,0
Thank you for all the information,0
Thank you!,0
I think its good there are some speciality ones out there also though.,1
"Okay, where are the major areas you serve?",1
Thank you for telling me about this organization.,0
Thank you so much!,0
"So, just to recap, I can count on you for a $5 donation today.",1
Thanks so much.,0
"Yes, and it all adds up at the end of the month especially when you're also struggling to make ends meet.",1
The research team will collect all donations and send them directly to Save the Children.,1
no i am okay with this amount,1
Your donation will be directed deducted from you task payment and collected by the researchers and sent to Save the Children,1
"I know, it can be hard to donate. especially in today's society, but a tiny amount, even less than a dollar, can go a long way",1
No thanks.,0
YES I ALSO DONATE 50 DOLLAR TO THEM AND I AM VERY TO DONATE THEM AND THANK YOU  FOR  DONATE.,0
I'm doing well. Thanks.,0
I think I would be able to donate some of my earnings.,1
"would you be willing to donate any of your HIT reward today directly to save the children? say, $0.50 of it?",1
Thanks so much.,0
Thanks for your time too.,0
I am well today thank you.,0
How does a person go about making a donation?,1
Would you be willing to make a pledge to donate at least 100 every month?,1
Most welcome indeed and hope you have a great day.,1
Thank you so much for even taking the time to consider it!,0
Great!,1
"You are definitely in for warm weather, which is great as far as I am concerned.",1
OK thanks.,0
"Yes I am, thank you for asking.",0
ready to fund.,1
They help children in need,1
All of the money you choose to donate will go to the charity.,1
The amount of donation is completely up to you,1
Thank you so much :),0
I feel really good about helping.,1
"Your a great person and thanks again, have a nice day.",0
thank you very much,0
"Save the Children promotes children's rights, and helps children from developing countries.",1
"Am Great, How about you?",1
Thank you very much for you help!,0
"thanks, same to you.",0
"It is going alright, thanks",0
Thank you :),0
Have you heard of save the children?,1
Thank you!,0
Thank you for your time today.,0
Thank you for asking.,0
Thank you and have a great day,0
"I am well, thank you!",0
Thank you so much!,0
"That's right, thanks for showing me the page, I will help many children, today I want to sponsor 3",0
Thank you.,0
"Again, it was a pleasure meeting you and many many thanks for your kind generosity in the form of a donation.",0
"Good, thanks!",0
They are also active right now helping parents out with hurricane Lane.,1
"Ok, thank you so much for your help.",0
Pretty good I am sitting on my desk enjoying this beautiful weather.,1
No thank you as there is no guarantee to this. I'd rather donate locally,0
"Thanks for your dollar, the research team will collect all donations and send it to Save the Children.",0
Ok that sounds easy enough.,1
I am fine thanks.,0
Hi would you be willing to donate to Save the Children?,1
I spend more than that on coffee every week!,1
I'm not a fan of charities that keep a lot of their proceeds for themselves.,1
"I see, you misspelled the charity at the beginning.",1
Thank you,0
I just want to thank you for helping out this great charity.,0
What countries would my donation be helping?,1
Thank you.,0
Thank you and have a great day,0
"As you can see, $1 will change their world.",1
"Save the Children does whatever it takes every day and in times of crisis ??Â¸??Â¸ to give children a healthy start in life, the opportunity to learn and protection from harm.",1
I would like to personally thank you for that.,0
"I donate most of my bonus when I can, I feel like it is free money and others deserve it more.",1
I'm doing very well thank you!,0
Certainly!,1
Thank you for your time,0
"thank you for the information, I think I am ready to donate",0
Thank you for taking the time to introduce me to this charity!,0
Sorry I can't donate more :(,1
Thank you for your guidance.,0
I like the sound of that.,1
How is your day going so far?,1
Thank you on behalf of these kids.,0
It's definitely challenging when confronted with the reality of giving of ourselves as opposed to the hypothetical.,1
Nope.,1
And any amount will go directly to benefiting children.,1
thanks.,0
Thank you.,0
Have you heard of Save the Children?,1
Where are those childrens parent?,1
Thank you For being able to be so kind hearted as well hope u have a great day and keep a smile on your face ;),0
hello,1
"Hi, Yes I am",1
You can choose any amount from $0 to all your payment,1
Thank you so much for your donation!,0
I will defiantly be donating at the first of September though.,1
"Awesome, I'll head over there right now and support it thank you.",0
Yes you can count on my donation,1
I believe so.,1
"It seems like this would be an easy way to send some money to organization that could really use it, and it wouldn't take any extra time, either.",1
Thank you.,0
"I see, same here for me.",1
Oh nice!,1
I can't imagine not being able to see my son!,1
"Mim, in Bangladesh is 7 years old, and wants to become a teacher.",1
thank you very much,0
Can you donate part of your payment?,1
You are very welcome and thank you for being so generous!,0
Thank for answering my questions.,0
Suggestions on a donation amount?,1
thank you for putting time on effort on this.,0
"Save the children send over rights to health, education, and safety with the funds that you donate to developing countries Syria was an example of countries we aid with the donation.",1
Thank you very much for your generous increase in the donation amount.,0
I did not know that,1
I always like to help when I can.,1
thanks again,0
What ways can I donate?,1
"I'm glad for you, you are giving financial help",1
"No, I thought Save The Children was about food distribution to those that are hungry.",1
"Yes, $1 - thank you",0
You are doing a wonderful thing but you and someone else.,1
"I am doing good, thanks for asking.",0
"No matter how big our problems are, we are not going to starve for lack of a dollar...",1
Thank you!!,0
Thank you!,0
Would like to receive a thank you from Save the Children?,0
You can donate some of your earnings to this amazing charity.,1
Thank you so much.,0
Very well thanks.,0
Thank you for your kind donation.,0
I hope my donation helps a lot of people.,1
Thank you.,0
And thanks for helping!,0
"I am well, thank you!",0
Thank you again for donating $10 to Save the Children.,0
Thanks.,0
That's true.,1
The researxh team will contact you,1
Yes in developing countries lack of educations for childrens in war zone and even if you taken in syria the millions of peoples meet their daily days by violance but we have a great days so we make that happier and healthier,1
"cool, you are a very kind person, you know that you can help a child being feed today?",1
You can choose any amount from $0 to all your payment ($2).,1
That is why I am going to donate a small amount to the Save The Childrten charity.,1
"80% of the donation go to the kids, and 20% cost goes to administrative cost like educating the public about what we do and reaching out for help.",1
"no this one time is good, thanks",0
Thank you so much.,0
Thank you.,0
I'm doing well thank you,0
"Well, I would prefer to hear more about the charity, their work and how much of their donations go to direct work with these children.",1
"Well, it was nice to meet you and thank you for agreeing to donate today!",0
How much would you like to contribute?,1
"Thank you for your time, and for the opportunity.",0
"On behalf of Save The Children, THANK YOU!",0
i can donate 5 if you truly are donating 5.,1
thank you.,0
No I think they use most of their donations to actually help children.,1
And its awesome that you help out those kids in need,1
"Thank you very much, you have no idea how much this helps.",0
THis has been a great hit.,1
Thank you for the information.,0
"They ensure children's rights to health, education, safety, etc.",1
thank you so much for offering your help for childrens' donation,0
"Save the Children is a worldwide charity that give children access to healthcare, safety, and advocacy thanks to donations like yours.",0
No thank you for the work that you do,0
How much should we donate?,1
"I'm doing fine, thank you.",0
Thank you for the lovely chat and educational information.,0
"Hello, it's nice to meet you",1
I have to thank you again for your $1 donation.,0
"I'm doing well, thanks!",0
Maybe we will get a dollar.,1
i know its terrible right,1
Thank you very much.,0
"And thank you, I'm sure this week will be relaxing for me as well.",0
even something small would help.,1
"Thank you, you too",0
OK. Glad that we came to an agreement.,1
How long have you been involved?,1
Thanks again.,0
ok ill give that,1
Save the Children is an exceptional charity in that over 86% of the donations go directly to children's programs all over the world.,1
Would you be interested today in making a donation to a charity?,1
I would like to personally thank you for your donation today!,0
Absolutely!,1
OK thanks.,0
Thank you for your time,0
Thank you.,0
"I wanted to buy clothes for myself today, but I will give them some kind of charity online search, full $ 100",1
"I'm great, thank you for asking!",0
The organization took care of him and find him a place to live,1
I completely agree!,1
Thank you very much for you help!,0
That's wonderful.,1
Thank you for letting me know.,0
Would you be willing to donate?,1
How are you?,1
"To be honest, I have really enjoyed your opinions on charitable giving like this. How much of your task payment do you want to donate now?",1
Thanks again.,0
thank you sir.,0
"I'm good, how are you doing?",1
"thanks, same to you.",0
I do not have any children yet.,1
You can choose any amount from $0 to all your payment,1
"Thank you for linking the website, I will check it out right now.",0
"I started back in college, when an extra few dollars a month was a lot to give, and now that I've moved on in my career and life I'm thankful I'm able to give more.",0
what happened?,1
You ever do one of these chat tasks before?,1
Thank you for the information.,0
How are you doing today?,1
How are you doing?,1
People are more likely to donate when they are comfortable and feel like it is good organization.,1
I am well thank you and you?,0
you have idea donate to that charity,1
"I'm working for Save The Children organisation, have you heard about it?",1
Maybe 0.50?,1
you can donate some or all of your incoming payment for this task  I am thinking of donating some of mine,1
"Okay, that sounds great!  Thanks!",0
"ok thank you sounds good,",0
That is wonderful!,1
"Those are things I've just always had, so sometimes I feel guilty that I haven't tried to do more to help others.",1
"Thats great, Thank You",0
"Good, thanks!",0
No.,1
"Hello, how are you today?",1
I've recently been informed of Save the Children.,1
In fact if you are wanting to donate you can donate a portion of your payment from this directly to Save The Children.,1
"I don't really have anything to give right now, but I will donate at another time when I have steady income.",1
how would you rate a charity that tries to prvent abuse and help injured children?,1
Hello! How are you doing today?,1
"Well, we at Save the Children would like to thank you for your donation and let you know that thanks to donors like you, children around the world are thankful",0
I think I'll probably donate at the end of this conversation.,1
I want to thank you again for bringing awareness to this important charity.,0
For every cent you donate it will come directly from your task payment.,1
"Thank you too, have a good night!",0
"Ok, thank you for your time!!!",0
It is a great kids',1
that's a great goal.,1
Yeah.,1
Thanks!,0
Thank you for your time.,0
Do oyu agree?,1
"Well I hope you have a wonderful day and on behalf of the charity and the children it is going to, thanks for your help.",0
Thank you.,0
"Okay, that sounds great!  Thanks!",0
"Thanks for your dollar, the research team will collect all donations and send it to Save the Children.",0
Have you heard of them?,1
Thank you.,0
Hello!,1
Thank you for your help!,0
"Thanks for the info, guess I am skeptical.",0
Nice story.,1
then the children would get nothing!,1
Thank you.,0
So you are willing to donate half of your payment?,1
I love to help charities that serve a good cause and I would love to donate but I do have one question.,1
"Once again, thank you for your donation.",0
Children in this world is very important because they are so vulnerable and they are the future of this world.,1
I try to do the same if I have the extra money.,1
"In many places, living expenses are very expensive so they may or may not be able to.",1
This year we are on track to hit 3 million thanks to generous people like you!,0
That sounds doable.,1
Are you involved in children's charity?,1
I would be interested in making a donation,1
Your donation will be directly deducted from your task payment and you can choose any amount from $0 to all of your payment.,1
"Thanks i will, i think thats 10 too",0
On behalf of Save the children i would like to say thank you for your donation and have a great day!,0
I see  thank you for your information.,0
"Awesome, I'll head over there right now and support it thank you.",0
Thank you so much.,0
Thank  you!,0
"This person took them to their facility and provided food, shelter, and clothing.",1
Most people wouldn't give anything and it makes me really happy to meet someone that would help with whatever they can.,1
Thank you again for your willingness to help with this wonderful organization!,0
"Awesome, I'll head over there right now and support it thank you.",0
"All right, thank you for your time.",0
cool i never been how is it??,1
Thank you.,0
I know it is an international non-governmental organization that promotes children's rights while also providing relief and support for children in developing countries.,1
I have been research the Make-A-Wish foundation.,1
Thanks for the information.,0
Thank you for your kindness.,0
You just have to let me know how much.,1
Thanks I would appreciate your help.,0
LOL,1
No I am not.,1
I am good thank you.,0
"Well, your donation will be directly deducted from your task payment.",1
Hi!,1
YEs I always look into the charities that i donate to.,1
very good for you,1
How transparent are they about uses of their funds?,1
It is the least we can do.,1
hi,1
"Thank you, you too!",0
"yes, indeed.",1
"Well, thank you for wishing me well.",0
"Actually, the donation has to be in relation to your payment, what percentage of that are you willing to donate?",1
"No, I didn't know but thank you for telling me!",0
That's so awesome to hear!,1
"Thank you very much, you have no idea how much this helps.",0
YES I ALSO DONATE 50 DOLLAR TO THEM AND I AM VERY TO DONATE THEM AND THANK YOU  FOR  DONATE.,0
Thank you.,0
"Thanks, I don't consider myself that great, but any little difference i can make makes me feel good about myself",0
I like to donate money and time to charities that help children so I also want to thank you for educating me on this charity!,0
"Thank you I am not trying to get you to donate any more than that, I just want you to realize what a great impact you will be making on the world..",0
Thank you!,0
Thank you and have a wonderful day,0
Would you like to donate today?,1
They are suffering from violence and starvation.,1
I'm proud of us.,1
Helps to bring awareness.,1
I hope you have success  in your field.,1
what else do you have planned for the labor day?,1
Thank you very much for your generous increase in the donation amount.,0
thanks will do the same,0
This is good thing.,1
"Not that, there are many needs in the world and this is a good cause",1
Thank you.,0
"I'm great, thanks.",0
I looked at the site.,1
You can choose any amount from $0 to all of your payment.,1
"Yes, Well I thank you again for your donation and I wish you a very happy rest of your day!",0
It's a great charity that has helped more than 155 million children in 120 countries.,1
"It is so satisfying to know you are making a real difference in someone's life, and maybe in many lives.",1
Thank you for your donation!,0
"You're probably on a computer right now, so you probably have quite a bit of money yourself, don't you think you could spare maybe 25 cents for some needy children around the world?",1
Thanks for your help and have a good Turk day :D,0
Thank you buddy.,0
I would definitely love to donate and get involved in any way I can.,1
I'm doing well. Thanks.,0
"Great, thank you!",0
Thanks.,0
I am doing well thank you.,0
Donations let you help until you have the time and focus to knock those activities off your list.,1
Thanks.,0
I actually have family living there.,1
Can I count on you then?,1
show a pic of a kid etc.,1
great!,1
Thank you so much :),0
Do you have an amount in mind that you'd like to donate?,1
How about donating to sponsor a child in the US?,1
"I'm doing well, thank you!",0
Thanks!,0
"no, can you tell me more about it?",1
thanks again,0
I know the commercials are heart wrenching...seeing all those children suffer and hurting.,1
It's not necessarily a zero-sum game.,1
Thank you Glad I was able to help  this organization with my donation,0
Yes.,1
"I am fine, thank you, Have you ever heard about the organization ""Save the Children""?",0
Thank you for donating your time to the cause.,0
Thank you for telling me about the charity.,0
Thanks for making me aware of this charity!,0
Thank you so much.,0
ok $25 sounds ok,1
How about you?,1
"Since I can tell you really care, let's wrap up with you agreeing to donate your full amount, and then we can both move on to our next task.",1
Thank you!,0
Does the charity feed the children in the USA or abroad?,1
Certainly as long as I know the donation will help the children,1
Thank you for your kindness.,0
"Thank you, you too!",0
Thank you again.,0
Thanks for the info I will check it out,0
"Thank you very much, have a nice day.",0
"Thank you so much, same to you!",0
Thank you so much.,0
"It\'s ""imaginary"" money until it materializes so that\'s different?",1
If you say ASAP.,1
I believe this completes my part of the study.,1
"At least you're ""half"" decent. ;-)",1
Okay. Thanks.,0
Please do that.,1
"Thanks, you too.",0
Do you already donate to them?,1
"I am well, thank you.",0
If those small amount will help them we should do them,1
I guess I should get into what this chat is supposed to be about.,1
Thanks.,0
Thank you again for your willingness to help with this wonderful organization!,0
"I appreciate that and rest assured, your donation today will make an impact for children around the world.",1
"Thank you for your time, and for the opportunity.",0
Thank you.,0
"No, you just have to trust the requester will do the right think",1
Thank you for all the information,0
How much would you be willing to donate today?,1
Ok-thanks-I will be waiting to hear from them,0
"Ok, well thank you for your time and telling me about this wonderful organization.",0
Thank you so much!,0
Thank you for participating!,0
I did not.,1
Thank you!,0
"Thanks for the donation, do you know how to submit this task?",0
Thank you!,0
How do we know that our donation is reaching those in need?,1
"On behalf of Save The Children, THANK YOU!",0
So we are supposed to chat about a children's charity.,1
This year we are on track to hit 3 million thanks to generous people like you!,0
"On behalf of Save The Children, THANK YOU!",0
That's awful.,1
You are really helping our country's children.,1
I don't mind helping those abroad.,1
Thank you.,0
"Well they do a lot of good work in Africa, but you might be suprised how much work they actually do right here in the US.",1
Remember to pass along our info to friends and family. Thank You and good night!,0
This will help many kids!,1
take your penny then,1
"I'm great, thanks.",0
Thank you very much!,0
that sounds great.,1
That is important that most of the money goes to the charity and not into administration.,1
thank you.,0
"Thank you I am not trying to get you to donate any more than that, I just want you to realize what a great impact you will be making on the world..",0
Thank you for all that you are doing.,0
I can easily cut down on that to donate more to charity tho.,1
Thank you.,0
You would choose an amount from the money you make completing this task.,1
"Thanks to our growing community of child sponsors, we increased our impact and reach ??Â¸??Â¸ helping 29% more children than we did in 2014",0
Have you ever donated to a charity?,1
Alright thank you for contributing to Save the Children.,0
thank you for this conversation,0
thanks.,0
"155 million children benefited last year, with your help we'll reach even more!",1
No thank you.,0
"Yea sure, go ahead",1
Do you know anything about how they are helping the children?,1
That is great.,1
hahah same here.,1
Thank you!,0
You can choose any amount from O dollars to all your payment.,1
Ok if that were true what is their succession rate of getting through to the children or progression rate.,1
That is very generous of you to do so.,1
Hello Mike I am Pete,1
Thank you very much for you help!,0
"Thank you, but no.",0
Thanks How much do you typically give to charity in a year?,0
Thanks.,0
"I do, too.",1
Thank you.,0
"Oh, thanks for the website, I am sure that it has a lot of information that I could use to learn more about it.",0
Thank you.,0
I would like to personally thank you for that.,0
Thank you :),0
"Thank you for donation, there will never be enough people like you in the world!",0
Thank you for your donation.,0
"No, thank you!",0
"ok thank you sounds good,",0
Were you interested in their website info?,1
Thank you very much.,0
"I am fine thanks, It's not been a long time I am on MTurk, but It is interesting how they are working on donating, Are you interested in donating?",0
Thank you very much for your generous donation!,0
sure would love to,1
I can donate 10 dollars.,1
How you doin,1
Thank you!,0
I appreciate you trying to get me to though.,1
1000 childrens at the first slot,1
Thank you!,0
Have you sponsored any children in the past?,1
This is one of the biggest charities working for children.,1
hello i am fine thank you,0
"Awesome, thank you!",0
Thank you so much for donating!,0
"Thanks, warmest regards from Alabama",0
This company looks more like a firm than a charity,1
"ok thank you sounds good,",0
Save the Children employs 1500 people worldwide.,1
"thanks, same to you.",0
Very well thanks.,0
Bye.,1
It's a great charity that helps children i developing countries and they are also currently helping at the US Mexican border to reunite children with their families,1
"Oh thank you so much, you have no idea how much that .50 will mean to those children, thank you very much and have a wonderful night you blessed soul.",0
I like to donate money and time to charities that help children so I also want to thank you for educating me on this charity!,0
Would you mind telling me about it?,1
it is!,1
They do.,1
Have you ever considered donating to Save the Children?,1
are you familiar with Save the Children?,1
It breaks my heart,1
Thanks for the information.,0
Have you heard about them?,1
"Great, thank you!",0
"Thank you, that is wonderful and you will help a tremendous amount!",0
"So at the end of this, you can choose any amount from $0 to all of your payment.",1
"You're welcome, is there anything else that I can do to help",1
Thank you!!,0
Would like to receive a thank you from Save the Children?,0
"ok, thankyou for your time.",0
I'm doing well!,1
"Welcome, thanks for talking",0
I suppose not.,1
thank you so much for offering your help for childrens' donation,0
I also take in children that would other wise go without.,1
We have people working full time who distribute funds and keep the programs going.,1
Thank you.,0
Okay. Thanks.,0
Thank you so much for donating!,0
support children in more development country?,1
I always think about how I would want to know my child is cared for if I'm not around.,1
And thanks for asking me too.,0
Thank you for your generosity!,0
of course or i wouldnt be online!,1
"There are so many charities too, but I believe that children are the future, and we need to do what we can to help them have fulfilling lives",1
"Thanks, I don't consider myself that great, but any little difference i can make makes me feel good about myself",0
"Thanks, I don't consider myself that great, but any little difference i can make makes me feel good about myself",0
"Ok, I thank you very much for your consideration!",0
You are welcome and thank you for bringing my attention to such a well deserved charity!,0
Thank you for your generosity!,0
It's not like we really get the choice of how/when/where we are born.,1
Thank you!,0
Hi!,1
A few bucks goes a long way in these places.,1
You as well. Thank you for the chat :),0
"Ok, thank you for your time and donation, have a great day!",0
"Thanks, I don't consider myself that great, but any little difference i can make makes me feel good about myself",0
Thanks for helping me help children.,0
I'm doing well thank you,0
Have a great day and thanks for the chat!,0
"Awesome, thank you!",0
And thank you.,0
No thank you,0
My favorite charity is Save The Children.,1
I totally understand about having to support a family too.,1
"you would help me , thank you for your conversation",0
Thank you for your generosity!,0
I'm so happy to hear that!,1
You would be doing a great service and the charity will be so thankful.,0
"Do you know what percentage of donations goes directly to programs (as opposed to overhead costs, salaries, and expenses)?",1
Thank you so much.,0
I'm sorry I'm just not able to at this time but thank you for telling me about this organization.,0
Is there a website where i can donate?,1
5 percent i would donate,1
no problem thank you for donation 0.60 to save the children,0
thank you so much for offering your help for childrens' donation,0
Your .30 will be greatly appreciated by Save the Children.,1
"That's a good point, I think a lot of the times the little things we can do that have really positive impacts kind of get lost in the shuffle.",1
Thank you again.,0
They do so much good in the world yes there are hungry kids here but millions of Syrian children have grown up facing the daily threat of violence.,1
Thank you.,0
"Thank you again, and I hope you have a wonderful day!!!",0
No thank you for the work that you do,0
This donation directly goes to children's charity called Save the Children and thanks you so much for this help.,0
Thank you for your guidance.,0
Oh ok.,1
What type of help do you provide to those poor families?,1
Thank you for filling me in on information regarding the charity,0
thank you.,0
"If everyone did something, it helps the bigger overall picture and they are so worth it.",1
Thank you so much!,0
"Thank you, have a great day!",0
Then I'll go to the website and set everything up.,1
I might go back to the website to learn more.,1
No thank you,0
If I have money I try to donate to charities that I like.,1
"Yes, I agree, it is sad.",1
"Yes, probably but my nephew got sick before I had kids and thats what made me realize that cancer or any illness can happen to anyone whether its your child or some one close to you.",1
thank you sir.,0
Thank you again!,0
Thank you.,0
Thank you!,0
Have an awesome day and thank you again!,0
thank you again for agreeing to donate a portion to save the children.,0
"Honestly, if you think you're broke you should see how poor these children are.",1
They have been saving 250 kids/week.,1
Bruce went own to join the save the children foundation after he completed college and is helping save children today.,1
Thank you so much!,0
Does the IRS recognize it as a nonprofit?,1
Thank you for all the information,0
I would love to help as well.,1
How much do you like to donate to the charity now?,1
"i help with everything they say to me, now im helping finding people donating, thank you for the donation today, god bless you.",0
That is very awesome.,1
I can count on one hand the number of times I've had starbucks coffee.,1
All kids need help.,1
I would like to personally thank you for that.,0
thank you so much for this.,0
That is a great way to think about it.,1
:),1
"Thanks, I don't consider myself that great, but any little difference i can make makes me feel good about myself",0
Thank you.,0
"That sounds good with me, however now I am thinking perhaps I should donate more, what do you think?",1
Thanks again for chatting with me.,0
You.,1
Thank you so much.,0
You can donate as much or as little as you want.,1
Great.,1
"Very well, thank you.",0
Thanks again for chatting with me.,0
Thank you for telling me about this charity,0
Have you presonally donated to them?,1
Thank you.,0
As far as donating I have no problem donating to a greater cause as long as it benefits others short term and long term.,1
"It is the worlds first global charity for children, and have credentials to back them up.",1
It really breaks my heart. I wish I could help everyone in need.,1
Your donation can be from $0 to all of the payment for this task.,1
"Well I hope you have a wonderful day and on behalf of the charity and the children it is going to, thanks for your help.",0
It is probably at least like 5 dollars.,1
It's pretty easy money most of the time.,1
I can't imagine what they are going through.,1
I still know nothing about the charity and I\'m already a half hour into a 2 dollar HIT.,1
Do you donate to a specific child?,1
Good thanks.,0
Thank you for your contribution!,0
I would like to personally thank you for that.,0
no Ill donate to local charities,1
"Thank you, I'm sure the children will appreciate it.",0
"Well, it was nice to meet you and thank you for agreeing to donate today!",0
3 dollars,1
"Thank you again, and I hope you have a wonderful day!!!",0
Thank you!,0
"Well, thank you for wishing me well.",0
"Yes, I would be happy to!",1
"I think it would be really touching if you did and a great little one of those 'be kind to others' moments kinda like sneaking a quarter into someones parking meter just because, and every cent goes to those kids.",1
Thank you so much for your time and the effort you are putting towards this very reputable charity!!,0
Thank you,0
They work in almost 120 countries and on different issues related to children.,1
"Awesome, I'll head over there right now and support it thank you.",0
Thank you too.,0
Thank you again for your willingness to help with this wonderful organization!,0
You can donate any amount from your task payment to Save the Children now if you'd like.,1
okay done.. thanks,0
Thank you.,0
Thank you and I do not want to be rude but I am straight talking person,0
Thank you so much!,0
Thank you very much for you help!,0
Thank you so much!,0
It is automatically deducted from your task payment.,1
"With their rights and relief for many daily necessities like food, water, shelter, and education to name a few",1
Thank you for telling me about the charity.,0
I am checking out their website and they look like a great organization.,1
"Yes,the amount you want to donate is deducted from your reward.",1
"without a doubt, every kid on this planet deserves the best.",1
"Then through the official Save the Children website, I'm sure there's no max (and there'd be a tax deduction)",1
"Me too, since I am a parent of 2 children myself.",1
"Thanks for the donation, do you know how to submit this task?",0
Thank you,0
"I'm doing well, thanks!",0
"Thank you very much, you have no idea how much this helps.",0
Thank you for your time and effort.,0
Thank you so much.,0
Thanks.,0
Thank  you!,0
It is early in the morning on the East Coast of the USA where I am.,1
They seem to be doing a good job.,1
"Thank you too, have a good night!",0
Here is their website  URL,1
Thanks.,0
"I am well, thank you.",0
Do you ever feel that way?,1
Thank you so much.,0
Thank you for your generosity!,0
Thank you!,0
"Am not Financially stable now, but i love to help such children soon",1
Thank you for being so giving.,0
Thank you very much for your generous donation!,0
Thank you so much :),0
"We can't do much with 30 cents, but in another country that could make a big impact.",1
Have you ever heard of Save the Children?,1
What about you?,1
Thank you so much.,0
Thank you for your donation!,0
What do you think?,1
It is really difficult having to grow up having to worry about basic needs.,1
Where are you from?,1
Yes I have heard about it.,1
"Thanks, have you ben to their site yet?  URL",0
Thanks again for donating.,0
That is so sweet.,1
Thank you.,0
What if i'd like to donate more,1
Thank you for donating your time to the cause.,0
It was nice chatting with you.,1
I know there are often times I regret spending money on that when there are starving kids in the world that could be helped.,1
"Also, thank you.",0
That is amazing.,1
How do I do that?,1
I am fine thanks.,0
thanks,0
"It is an international organization that helps protect and promote rights for childrens and provides for them in suffering conditions - such as lack of basic needs, like water, clothing, and food.",1
What about you?,1
Thank you!,0
"Thats good, I see they are ready to help out with the hurricane in Hawaii for the kids.",1
I typically donate to local charities by giving food or cash.,1
how can i help them?,1
How long has this organization been volunteering?,1
That would be awesome!,1
Thank you.,0
How are you,1
Approximately how many children per year receive help?,1
"Some people may think that they need to be wealthy in order to contribute, that their $5 donation could not possibly do anything to help.",1
"Thanks to our growing community of child sponsors, we increased our impact and reach ??Â¸??Â¸ helping 29% more children than we did in 2014",0
Thank you.,0
Especially when it is a legitimate charity that is dedicated to doing better.,1
good thanks.,0
"Yes I donate to a few causes like breast cancer for women, autism awareness and March of dimes for children.",1
So can I rely on you to donate $5 from your task today to help this charity out?,1
Thank you so much.,0
What do you think?,1
Things that are basic needs are given to them.,1
"I am fine, thanks!",0
Thank you For being able to be so kind hearted as well hope u have a great day and keep a smile on your face ;),0
"Have you heard of ""Save the Children""?",1
Thank you!,0
Thank you.,0
Thank you for your donation!,0
"I am well, thank you.",0
"Absolutely, we are always looking for individuals who are willing to contribute to the cause.",1
No thank you for the work that you do,0
Do you donate to charities often?,1
One of the kids you could be helping could be the next president or osmething!,1
"I'm very well, thank you.",0
will you also give some money today?,1
"Sounds good, thank you!",0
Thank you.,0
Thank you so much as every little counts and I appreciate your donation,0
You can actually donate some of your earrings to them which honestly any little bit cna help them at this point.,1
"Thank you so much for your donation, every bit helps :)",0
It is a great social cause that is worth donating to!,1
Thanks.,0
I guess in America you don't really understand what other countries go through.,1
Thank you for telling me about this organization.,0
I am just now watching the news about the hurricane in Hawaii and seeing the damage already done.,1
Thank you for your generosity!,0
They help children in warzones and other poor nations to get food and clothes,1
"Yes, please go ahead and tell me",1
"Thank you ""PERSON_1""",0
How would you feel about donating a portion of your earnings from this task to Save the Children?,1
I'm sorry to hear about your nephew?,1
Thank you.,0
Great! Thanks so much and I'm just so happy to be able to donate,0
"Whatever you choose to do or the amount you want to give, I feel like you've changed my mind about charity, not the other way around, so I want to thank you for that.",0
it is so hard to make a choice,1
They get anything from $0.50 to $2 from mturk workers.,1
Wow thank you!,0
Thank you very much.,0
Thank you.,0
How do I know my money goes to the cause and not just to the pockets of the people that run it.,1
You can donate as little as a $1,1
Exactly.,1
"And thank you, I'm sure this week will be relaxing for me as well.",0
Oh really?,1
"Wow, that is intense.",1
Great! Thank you for your donation!,0
Thank you,0
Thank you so much.,0
"Thank you I am not trying to get you to donate any more than that, I just want you to realize what a great impact you will be making on the world..",0
Do you donate to other charities also?,1
"Yes you can write them letters and they can write you back, thanks!",0
And thanks for asking me too.,0
"It is horrifying, I could not even imagine.",1
We will donate today.,1
absolutely thank you so much!!,0
I would donate $10 to this charity,1
Are there any kids in your family at all?,1
"Thats great, Thank You",0
They are the future you know...,1
"I think I will donate $1, it only seems fair.",1
I am an informed donor and want to make sure my money is really helping these children,1
I think charities that provide for a broad array of services are more ideal than focused because they target many people,1
ou can choose any amount from $0 to all your payment.,1
Thank you for letting me know.,0
"Thank you for your time, have a great day.",0
Thank you so much.,0
I would like to,1
A lot of times charities don't give to those that are hurting right here in America.,1
hello i am fine thank you,0
Van couver in the US?,1
Thank you for your time.,0
"That is fantastic, thank you!",0
Yes I agree.,1
"US and global, wherever children need help, they are there.",1
Thanks for the info I will check it out,0
35000000000$,1
"Thank you, you too!",0
Thank you for the information.,0
"It is going alright, thanks",0
Thank you for supporting the children of the world.,0
I would consider volunteering my time in addition to the money.,1
Exactly!!!.,1
"Thanks, have you ben to their site yet?  URL",0
Thanks again!,0
thank you very much,0
What amount were you thinking of donating?,1
Lets do $1.00 for now but I am glad you have made me aware of an organization that I can look into in order to help others.,1
And these statements are not summaries.,1
"Also, thank you.",0
"Thank you, have a great day!",0
Thanks for the 5 cents.,0
"THat sounds good, deal",1
"Awesome, thank you!",0
"Thank you, I would like to make a 50 dollar donation but first.",0
to help in their countries.,1
Thank you for being so informative and helpful!,0
Thanks for helping me help children.,0
Thank you for your donation as i guarantee you donation goes towards to the children,0
"Cool, Thanks for your donation of $0.15 The research team will collect all donations and send it to Save the Children.",0
"Awesome, thank you!",0
Thanks again.,0
Thank you for your contribution!,0
How are you doing today?,1
"Okay, thank you.",0
"Thank you, but no.",0
"It is going alright, thanks",0
"Thanks i will, i think thats 10 too",0
Thank you again!,0
Thanks.,0
How are you today?,1
$2 is definitely money we waste daily and that would really help these kids.,1
of course.,1
Thank you!,0
Thank you.,0
"I am well, thank you",0
"to think about all the needs that a child in need at this moment is helping, and to think that this may be their child",1
"Great, thank you!",0
"They help to provide basic health care, provide disaster relief, and help to ensure their rights to education and safety.",1
I am definitely going to donate.,1
"It is worldwide and helps to feed, shelter and educate underprivileged kids around the world.",1
I do enjoy donating to charities.,1
"Surely an additional dollar, which we might spend on a cup of coffee or a bag of chips, could more greatly aid them then us.",1
"Sounds good, thank you!",0
"I'm doing well, thank you!",0
So according to this I'm supposed to tell you a bit about the Save the Children organization.,1
We do.,1
Thanks for your quick responses btw.,0
So i'd really like to thank you for your interest and time.,0
"If I had the money that some people have, I would form my own foundation specifically for under privileged children and those in need.",1
Good thanks.,0
I can't decide which onne.,1
Not to mention the satisfaction of helping a charity that actually does good work.,1
Thank you.,0
On behalf of Save the children i would like to say thank you for your donation and have a great day!,0
thank you again for the 5 cents donation.,0
"I'm great, thanks.",0
thank you so much!,0
"Possibly, do they have a website?",1
"I am well, thank you.",0
Thank you very much.,0
why did not you help him?,1
"Yes, I would be willing to donate a fraction of my earnings to Save the Children.",1
Me 2.,1
You are welcome and thank you for bringing my attention to such a well deserved charity!,0
Have you ever donated to them?,1
"Very well, thank you.",0
Thank you so much for that,0
I would want to do some research first but that would be a possibility.,1
Thank you!,0
that's great!,1
"it's an international non-governemntal organization that promotes children's rights, provides relief and helps support children in developing countries",1
Have a pleasant day ahead!,1
Have you ever sponsored a child?,1
yes it is.,1
absolutely thank you so much!!,0
Thanks for being aware of that particular nuance.,0
that's amazing!,1
"Yes, thank you.",0
"Yes, I sure hope we are able to raise a lot of money for this very worthy cause.",1
"Thank you, but no.",0
Why are you passionate about this particular one?,1
Great! Thank you for your donation!,0
There are so many relevent issues going on in the world right now its hard to focus on just one.,1
Thank you!,0
I would suggest around $20.,1
Thank you for your time and effort.,0
Thank you and I do not want to be rude but I am straight talking person,0
"Yes, $1 - thank you",0
"But like I said, if the opportunity arises for me to donate some of my HIT reward to a charity, I will usually donate at least a small portion.",1
We must help the children to give education.,1
"Again, it was a pleasure meeting you and many many thanks for your kind generosity in the form of a donation.",0
Then why not give some money to these kids too?,1
"Just remember it's not about doing better for ourselves, it's for the next generations that follow us.",1
I am how are you doing?,1
"I do have a big family, I enjoy it at times, other times I don't",1
I make large donations every year so my budget is limited.,1
Once again it is for the children!,1
Good thanks!,0
"It is going alright, thanks",0
I guess that is true.,1
Sure,1
I think helping children is an important thing as they are our future!,1
The children from around the world will surely be thankful as well.,0
Before I ask you for the amount you'd like to donate I want to give you a bit more info about the charity and answer any questions you might have.,1
thank you.,0
The Save the Children Federation is the most highly rated Charity for helping children and their families recover from disasters and supporting their specific needs.,1
"As you mentioned,this organisation has different programs,and one of them is to ""sponsor"" child.",1
Yeah that means they need to develop a good marketing strategy to attract more attention,1
This chat is really I think to talk about various charities and activities.,1
"Yes, what questions do you have?",1
Thank you so much!,0
Have a great day!,1
"Thank you, I will do it for sure, have a nice day",0
I donated before and surprisingly it did not even hurt my reward.,1
At this time I can't donate any amount.,1
Thank you so much for donating!,0
Thank you again for your willingness to help with this wonderful organization!,0
"When I really think about it, people will carry the right amount of change just to buy one item that they initially came to the store to buy.",1
"Also, thank you.",0
In 2018 1000 children were killed in violence,1
"Thank you, you too",0
It would really break my heart to see them suffer.,1
"Okay thank you, the charity really appreciates your donation today and thanks you, how much would you like to do?",0
"Thank you very much, you have no idea how much this helps.",0
"Are you sure, you can do as little as 5 cents???",1
Our HITs are going to expire on us.,1
Thanks to you too.,0
Thank you!,0
But I guess once in a while we should donate to real children LOL .,1
"That's wonderful, thank you!",0
Thank you for your donation and for supporting children in need.,0
Thank you so much!,0
"I'm great, thank you for asking!",0
Thank you so much for taking the time to speak with me and also for your donation.,0
Wow thank you!,0
I would like to donate $10 right now.,1
"Thanks, I don't consider myself that great, but any little difference i can make makes me feel good about myself",0
everyone should share 5$ or more?,1
It is the least I can do for him.,1
"yes, do you donate to charities often?",1
"Very well, thank you.",0
Have you heard of save the children.,1
Thank you Glad I was able to help  this organization with my donation,0
why do you don't want to donate?,1
Thanks I would appreciate your help.,0
I do.,1
It will really help the kids in need!,1
Thank you for telling me about the charity.,0
Your donation could possible go to this problem and help many young children,1
That great and thanks for your generousity!,0
Yes I am fine with that,1
"OF course, it will be great for all around, my daughter to see that she should do things like this out of kindness and for the children , thank you",0
"You can also donate after we finish here, too!",1
Thank you!!,0
Have you heard of this charity?,1
Thanks again.,0
"Thank you for linking the website, I will check it out right now.",0
"Well, thank you for wishing me well.",0
Thank you very much.,0
Can i donate my time instead?,1
thank you for putting time on effort on this.,0
"Welcome, thanks for talking",0
Thank you very much.,0
Have you heard of Save the Children?,1
Is that correct?,1
Thank you for chatting with me.,0
"I think that they are good, they help a lot of children",1
thank you.,0
Wow .,1
I would possibly be interested!,1
You too and Thanks again!!,0
I just realized I sound like a telemarketer!,1
Thanks for your time too.,0
thanks.,0
"You can donate just a few cents, or even the whole amount of your final payout if you choose!",1
They are based in CT.,1
Do you have any children on your own?,1
I prefer to do this locally,1
thank you and hope it helps,0
"Huh, that's awesome.",1
Thanks!,0
Thanks for talking me thru this today!,0
Thank you for your kindness.,0
It's called Save the Children.,1
"Sure, I'd be glad to donate $0.25 to Save the Children.",1
have you ever donated to a charity,1
I will definitely do that.,1
It makes me scared for her and my nephews as well.,1
"Okay, that sounds great!  Thanks!",0
Thanks for the 5 cents.,0
thanks.,0
Thank you.,0
Thank you so much as every little counts and I appreciate your donation,0
Would you be willing to donate something to this cause?,1
What is the other nonprofit that you support?,1
"That's wonderful, thank you so much!",0
myself and Save the Children thank you for your time,0
"It is going alright, thanks",0
Thank you very much for your $10 donation to Save the Children.,0
"When you give to Save the Children, you're investing in a future for every last child.Nearly 90% of every dollar you give goes straight to our mission ??Â¸??Â¸ helping children grow up healthy, learning and safe.",1
"I'm Tommy, by the way.",1
Thank you for taking the time to introduce me to this charity!,0
oh yep thats very good i know these children needs help for sure,1
"Well,in America, of course that's nothing.",1
Thank you so much as every little counts and I appreciate your donation,0
You are donating money you don't even have yet so it is not like you are missing something.,1
I have no other information.,1
I've heard on the news that many children around the world are with their families trying to escape wars.,1
"Hi, how are you today?",1
Thank you so much!,0
They help children across 120 countries.,1
Thank you :),0
"to not be able to eat, or drink, and worry about being sick all the time",1
that sounds great.,1
Ok thank you.,0
"Im not sure that I am so fortunate and every a penny saved is a penny earned, but I do see your point.",1
No problem thank you for telling me about this wonderful charity!,0
"awesome, thank you so much",0
"That's wonderful, thank you so much!",0
Thank you for telling me about this organization.,0
Would you like to help and donate to them?,1
Yes it does and thank you for the donation,0
wow! thanks on behalf of the organization! that is generous!,0
I will donate .15 from my payment.,1
"Well, we at Save the Children would like to thank you for your donation and let you know that thanks to donors like you, children around the world are thankful",0
Yes I have.,1
I couldn't imagine not being able to supply food for my kids.,1
Thank you for the information you provided.,0
Thank you for your donation!,0
"Ok, thank you so much for your help.",0
Thank you for your time and information!,0
"Not bad, I donate all the time specifically to Save The Children, they are a great charity because 100% of the money donated is given to those children who need it most how about you?",1
Those are great causes also.,1
such sweet creatures.,1
"Thanks, have you ben to their site yet?  URL",0
Have you ever made a donation to Save the Children or another charity?,1
oh - well since it'll be deducted from my task payment - Let's do half - $1,1
What is it about?,1
URL if you would like to read more about the chairty.,1
No thank you,0
"Save The Children is an international non-governmental organization that promotes children's rights, provides relief and helps support children in developing countries.",1
It still does not change the fact that I am not going to make a donation with this money.,1
too busy,1
"That's right, thanks for showing me the page, I will help many children, today I want to sponsor 3",0
I'm sorry I'm just not able to at this time but thank you for telling me about this organization.,0
Great.,1
thank you very much,0
Thank you so much.,0
That's really great.,1
"Also, thank you.",0
Vulnerable children in poverty.,1
Thank you so much!,0
Thank you!,0
i have not tell me about them,1
Hope you agree,1
"yes, I think I have told about my donation and now waiting for the conversation to end.  Thanks.",0
Thank you for your kind donation.,0
"Yes, Well I thank you again for your donation and I wish you a very happy rest of your day!",0
thanks!,0
"That sounds good, thank you for being charitable.",0
The children will appreciate it.,1
It's a very legitamate charity.,1
What would help you decide?,1
Thanks!,0
thank you so much for offering your help for childrens' donation,0
I am fine thank.,0
"thanks, same to you.",0
Thank you so much for even taking the time to consider it!,0
I want to thank you again for bringing awareness to this important charity.,0
What do you think of that?,1
"I not sure, how many children are in need of a donation?",1
"Thank you, have a great day!",0
no problem thank you for donation 0.60 to save the children,0
"are they buying new schoolls with this money, new books, clothes, shelter or is the president of the charity using my donation to get a mercedes benz?",1
Great! Thanks so much and I'm just so happy to be able to donate,0
So we should do that to make sure we and the charity get paid right?,1
How do they help children?,1
thank you and hope it helps,0
"I have kids and a few nieces and nephews, and lots of cousins too!.",1
"I'm doing great, thanks.",0
Thanks for your attention and help.,0
thanks!,0
"But the places I do donate are often revolved around helping children, so this is a great organization",1
Thank you for your donation!,0
I think I would be willing to donate a portion.,1
Hello,1
"If you have the time, I would like to talk with you about a charity.",1
Thank you for your time,0
I do not understand.,1
"Thank you, I would like to make a 50 dollar donation but first.",0
"Great, thank you very much",0
I get in touch with the Save the Children program.,1
Thank you.,0
I have felt great in the past about this and will continue in the future.,1
Have you ever thought about the benefits from the donations?,1
Thanks so much.,0
are they legit?,1
Thank you for doing this.,0
Thank you so much for even taking the time to consider it!,0
"i understand you , just asking, have you ever heard that some of this kind of charities steal the money?",1
URL go check it out.,1
What a great idea!,1
Oh nice thats sounds likes a good cause,1
Thanks for agreeing to donate!,0
"i'm sure you love children, right?",1
Thank you for your donation!,0
"Awesome, I'll head over there right now and support it thank you.",0
I appreciate your concern.,1
Thank you.,0
"Yeah, I just looked it up.",1
Thank you for your time.,0
Thank you. You too,0
"I'm great, thank you.",0
"ok, thankyou for your time.",0
It's truly a great organization that does amazing work.,1
"But actually, I'm headed up to Bay Ridge this Saturday!",1
"Well, thank you for wishing me well.",0
Thank you again.,0
Is it world wide.,1
It is called 'Save the Children'.,1
"Yes, It's an is an international non-governmental organisation that promotes children's rights, provides relief and helps support children in developing countries.",1
Thank you again,0
Thank you!,0
Thanks for your quick responses btw.,0
Thanks.,0
"Hey, how's it going?",1
How are you today?,1
thank you again for the 5 cents donation.,0
"Also, thank you.",0
Thank you for your guidance.,0
Thank you for all that you are doing.,0
Good thanks.,0
Thank you,0
"That's wonderful, thank you so much!",0
Do how much are you donating,1
Thanks for your attention and help.,0
Your donation will be directly deducted from your task payment.,1
Thank you,0
Thanks!,0
It's difficult to watch the horrible things these children are going through.,1
It will help these children in a big way.,1
"True, but there are so many innocent little children who don't have access to food or clean water, not to mention basic health needs.",1
same here!,1
"Yes, I usually donate to soldiers or veteran related charities such as Wounded Warrior Project.",1
Your donation will be directly deducted from your task payment.,1
"I am well, thank you!",0
I always thought these organizations focused on other countries,1
"You have a lot of knowledge, thanks for sharing.",0
Thank you.,0
Millians of syrian children have grown up facing the threat of daily violence,1
That's what happens.,1
Thank you.,0
Same!,1
Could you tell me about it?,1
I'm certainly willing to listen.,1
thank you again for the 5 cents donation.,0
"That is fantastic, thank you!",0
Thanks so much!,0
Thank you for your time.,0
Why do you think that?,1
Thank you!,0
It's really sad we have the money to just splurge on stuff in our normal every day lives but we can't spend just a few bucks a month or year for the children!,1
Thanks for the 5 cents.,0
Can you tell me about it?,1
Thank you,0
That's great.,1
Thank you very much!,0
I might want to volunteer too.,1
Thanks again.,0
I am doing well thank you.,0
Save the children,1
Thank you again for donating $10 to Save the Children.,0
There are lots of children in need but this will help children with medical and emotional support in war areas.,1
How much many are we talking and how you want me to pay,1
thank you so much for offering your help for childrens' donation,0
Thank you.,0
I am fine how are you?,1
Thank you so much for your contribution.,0
ok.  it only pays $0.30 though,1
Would you be willing to donate your payment from this task to the charity to help a child?,1
They are only able to help when people donate.,1
How are you doing today?,1
I don't mean to repeat myself but how much would you like to donate to the charity now?,1
you too my friend,1
Ok you are correct.,1
Thank you for your donation and for supporting children in need.,0
Thank you for the information.,0
No thanks.,0
"Donations are extremely important in order for children to have their rights to healthcare, education, safety, etc",1
Your donation will be directly deducted from your task payment.,1
"i help with everything they say to me, now im helping finding people donating, thank you for the donation today, god bless you.",0
Thank you for your contribution!,0
Hi.,1
Thanks for your donation.,0
"Yes, I try to make a donation at least annually",1
"Your donation is essential to help ensuring children's rights to health, education, safety, etc. It will make a real difference in the world.",1
OK I will educate myself on them when we are done with our conversation.,1
Good thanks.,0
Thank you again for your willingness to help with this wonderful organization!,0
"Good, thanks!",0
Are you familiar with Save the Children?,1
what do you know about this organization,1
Yes I can!,1
"I'm doing well, thank you!",0
A great organization is   URL,1
"Good morning, how are you doing?",1
"Save the Children is an international non-governmental organization that promotes children's rights, provides relief and helps support children in developing countries.",1
"Thank you so much, same to you!",0
Thank you very much for your generous increase in the donation amount.,0
"Yeah, true, it's terrible.",1
"In the first two months of 2018 alone, 1,000 children were reportedly killed or injured in intensifying violence.",1
Thank you so much!,0
ok,1
thank you so much for offering your help for childrens' donation,0
do you like kids,1
Would you like to help and donate to them?,1
"No, itt will be anonymously.",1
Thanks very much for your time.,0
Yes.,1
Thank you very much.,0
Ok thats great.,1
Thank you again for your willingness to help with this wonderful organization!,0
I have never meet anyone who has been aided by that organization.,1
Thank you for your generosity!,0
How much of your payment today (.30) would you like to donate?,1
Thank you for your generous donation.,0
Okay. Thanks.,0
I also tutored kids at a battered woman's shelter.,1
"Yes, they do their best to insure children's health, education, safety, etc..",1
Thank you for your time today.,0
sure thanks again,0
Are you sure you don't want to donate any more?,1
"Okay, that sounds great!  Thanks!",0
I like it when part of my purchase will be donated.,1
"I am fine, thanks!",0
"All right, thank you for your time.",0
"Awesome, I'll head over there right now and support it thank you.",0
Hi there.,1
"I think, biut not sure.",1
That would be fine.,1
"Hi, do you usually donate to charities",1
But I guess it takes a lot of work to try to help the ones who need it most,1
Hi!,1
Do you know about Save the Childre organization?,1
Thanks.,0
"I like the sound of their work, but I'm always suspicious about how much of a donation reaches the people in need.",1
"Thanks to our growing community of child sponsors, we increased our impact and reach ??Â¸??Â¸ helping 29% more children than we did in 2014",0
Thanks for the info I will check it out,0
No problem thank you for telling me about this wonderful charity!,0
I want to thank you again for bringing awareness to this important charity.,0
"On behalf of Save The Children, THANK YOU!",0
Thank you.,0
thank you very much,0
I am so happy I can help.,1
Againwhat  roughly is the percentage that goes to the running of the charity and helping the children directly?,1
Hello! How are you?,1
I would like to personally thank you for that.,0
Thanks.,0
"Yes, thank you.",0
"Thank you, you too sir.",0
I'll definitely go and make a donation today.,1
"Also, thank you.",0
thank you.,0
I am fine thank.,0
"I am fine, thank you, Have you ever heard about the organization ""Save the Children""?",0
Thank you.,0
You can choose any amount from $0 to all your payment.,1
Great! Thanks so much and I'm just so happy to be able to donate,0
"If I can ask a personal question, how did you make room in your finances to donate?",1
"After this chat is complete, you may choose how ever much you wish to give on the next page.",1
"It's an international organization that promotes children's rights, provides relief and helps support children in developing countries, does that sound like something you'd get behind?",1
"I'm great, thanks.",0
"It's not that we don't all have our own struggles, but it's just on a completely different level.",1
They are actually helping children at the US Mexican border to reunite with their parents,1
"of course, especially poor children",1
"Okay, that sounds great!  Thanks!",0
Have you ever donated to Save the Children?,1
Very well thanks.,0
I'm doing well thank you,0
thank you.,0
Wow thank you!,0
Have a great day and thanks for the chat!,0
Thank you for your help!,0
I was serving in Afghanistan,1
I have heard of that organization.,1
If you can stomach more then go for it!,1
Thank you for the donation,0
"I'm not sure yet, maybe 5 cents",1
Thank you again,0
But I do agree with the points you made in support.,1
"Thanks very much, nice speaking to you.",0
Thank you so much!,0
Thanks and I think we can submit now,0
Thank you for the lovely chat and educational information.,0
Deal!!!,1
Oh really?,1
Thank you so much!,0
Yes its really appreciated,1
Thank you for your kind words.,0
Thank  you,0
Thank you.,0
"yea, that's correct!",1
"Thank you for donation, there will never be enough people like you in the world!",0
I would be interested in donating five cents.,1
Yes it does and thank you for the donation,0
You can choose any amount from .01 to all your payment today.,1
Thank you for agreeing to make a donation.,0
"All right, thank you for your time.",0
I'd be willing to donate a dollar or two,1
"awesome, thank you so much",0
Is there anything else I need to do?,1
How much would you like to give?,1
"Ok, thank you so much for your help.",0
What percentage of the donation actually goes to the children and how much goes to the administration of the charity?,1
Not too bad :),1
"Oh, thanks for the website, I am sure that it has a lot of information that I could use to learn more about it.",0
"On behalf of children worldwide, thank you for your kindness.",0
I hope it wsn't a waste of your time.,1
Thats very beneficial.,1
Your donation will be directly deducted from your task payment.,1
"Through child sponsorship, you can change a child's life, as well as your own ??Â¸??Â¸ all for about $1 a day.",1
"Thank you I am not trying to get you to donate any more than that, I just want you to realize what a great impact you will be making on the world..",0
"I'm well, thanks",0
"Well, I already donae to other charities so I'm not sure.",1
How are you doing today?,1
"Yes it is, but this is a good organizations and I really appreciate your donation",1
hello,1
Have a nice day...,1
"Hello, I'd like to interest you in committing to a donation towards the Save the Children fund, an international non-governmental organization that promotes children's rights, provides relief and helps support children in developing countries.",1
Thank you.,0
The majority of your donation would go towards education as that is often the most difficult to provide for the children,1
Thank you so much.,0
I have a family to provide for and any little bit helps.,1
Thank for answering my questions.,0
Super helpful.,1
Here is the link  URL,1
How are you doing?,1
I am well thank you and you?,0
No problem thank you,0
Thank you!,0
"A meal, an education, an opportunity like everyone else, that is all these kids want.",1
Thank you so much!,0
It is spread out by need but rest assured that their charity ranges from Kentucky all the way to Kenya.,1
But in developing countries it could be huge.,1
Thank you so much.,0
Greetings!,0
I don't think the weight of that burden should fall on the rest of the worlds shoulders.,1
"Ok, well thank you for your time and telling me about this wonderful organization.",0
"Oh, wow!",1
Thank for answering my questions.,0
so have you ever considered donating to a charity for kids,1
what?,1
Thanks again!,0
"I can't afford a lot right now because I have other bills, but I could probably do $5 now with more next month.",1
I like to donate.,1
okay done.. thanks,0
Thanks for helping me help children.,0
"It is going alright, thanks",0
Tha k you for my awareness,1
"Thanks, I don't consider myself that great, but any little difference i can make makes me feel good about myself",0
The children from around the world will surely be thankful as well.,0
I usually donate to animal charities.,1
Thank you for your kindness.,0
"I'm doing well, thanks!",0
Yes I would,1
Thank you.,0
No thank you,0
Have you thought about how much of the reward for this HIT you want to donate to Save the Children?,1
"I'm not sure, what do they do for children?",1
I want to help the children irrespective of their color and creed.,1
I don't believe it.,1
Thank you!,0
"We do maintain support staff in country who are paid a living wage, but the rest of our staff are volunteers.",1
Your donation will be directly deducted from your task payment.,1
Thank you for taking the time to help assist the charity and I hope that you have a wonderful day!,0
Are you connected with the NGO yourself?,1
Thanks!,0
"Very well, thank you.",0
Think they matched us with our complete opposites? :P,1
No thank you as there is no guarantee to this. I'd rather donate locally,0
Thank you for your guidance.,0
"I suspect that in the following part of the study, the researchers will ask how much of the money you want to donate.",1
I've seen companies go to 70% and I can't help but judge them for it.,1
Thank you and have a great day,0
why do you don't want to donate?,1
I am interested to help.,1
Good thanks.,0
"Thanks to our growing community of child sponsors, we increased our impact and reach ??Â¸??Â¸ helping 29% more children than we did in 2014",0
I'm really pleased to hear that.,1
"Again, no thank you",0
thank you for your support,0
Ok would you donate for the kids in here at least?,1
Thank you so much!,0
Thanks.,0
Thanks again for donating.,0
How much do you like to donate to the charity now?,1
Thank you so much for that,0
I am doing well thank you.,0
So save the children is a worldwide organization it sounds like!,1
thank you so much for this.,0
"Thank you too, have a good night!",0
I really like helping others that in third world countries that have no idea what wealth is.,1
Thank you.,0
You can sponsor a specific child in the US or other countries.,1
thanks again,0
Thank you very much for your $10 donation to Save the Children.,0
It is very thoughtful to donate to causes that benefit disadvantaged children.,1
Thanks.,0
Thank you.,0
Thank you so much for your time and the effort you are putting towards this very reputable charity!!,0
Yes it does and thank you for the donation,0
I am good.,1
Yeah I totally understand that.,1
"Would you like a minute to g over it, I can wait while you do.",1
Thanks.,0
Thanks How much do you typically give to charity in a year?,0
It was great chatting with you.,1
thank you very much,0
where was it locate,1
I am fine thanks.,0
I admire your effort reaching to people to help the charity.,1
"It was nice talking, thanks for all you do.",0
"Ok, thank you so much for your help.",0
Thank you for taking the time to help assist the charity and I hope that you have a wonderful day!,0
thank you sir.,0
Your donation will be directly deducted from your task payment.,1
you too!!!!! :D,1
Thank you!,0
I am sure it will get to your child.,1
Thank for answering my questions.,0
"And thank you, I'm sure this week will be relaxing for me as well.",0
"Thank you for your time, have a great day.",0
Thank you!,0
"I am doing fine, thanks for asking.",0
Warlords in the USA get elected to political office unfortunately.,1
Would that help?,1
"That's right, thanks for showing me the page, I will help many children, today I want to sponsor 3",0
That is a great choice.,1
Ok-thanks-I will be waiting to hear from them,0
"I thank you very much, with what you know about save the children",0
"Very well, thank you.",0
North Carolina is nice I have been there once.,1
How long has Save the Children been helping people all over the world?,1
Thank you and I do not want to be rude but I am straight talking person,0
Its not imaginary money though... what i give takes away from ours later.,1
"It was nice talking, thanks for all you do.",0
Thank you once again for your donation and feel free to spread the word about the charity to others!,0
"I'm great, thank you for asking!",0
"I'm doing swell, thanks for asking!",0
Thank you.,0
Thank you for your donation!,0
Thanks again.,0
Do you feel that Save the Children is a good charity to give to?,1
"Well, it was nice to meet you and thank you for agreeing to donate today!",0
Thank you again,0
Thanks for being aware of that particular nuance.,0
Enjoy your day....let's go make some serious cash today!,1
thank you for this conversation,0
Thanks for making me aware of this charity!,0
Thank you and have a wonderful day,0
I take in children in need who would otherwise do without.,1
"yeah , i agree it is a great charity, but i prefer to donate to St Jude",1
"I am well, thank you!",0
What does the charity do/what are my funds going to be used for?,1
are you still there?,1
You will be blessed.,1
thanks again,0
The money goes toward saving kids from starving and providing essentials.,1
Feel free to check out,1
Have you ever donated to any other types of charities?,1
Would that be okay?,1
Thank you so much as every little counts and I appreciate your donation,0
"Either way, I'm sure Save the Children will appreciate your donation, and be able to save many more children in the future.",1
You will be asked what you'd like to donate and you can put your donation amount there!,1
Hey there,1
And thanks for asking me too.,0
thank you again for agreeing to donate a portion to save the children.,0
"Sure, Do you like donations?",1
Thank you.,0
So you can't donate 20$.,1
You have a good day.,1
"No actually, at the border.",1
Thank you for your donation!,0
Thanks for the oppertunity.,0
Other than the satisfaction of helping a child in need?!,1
They also help kids here in the USA too.,1
"Yeah, I think they are doing some really important work!",1
This is a great organization and I am sure that they would not be allowed to continue the way they do if the money was not going where it is suppose to and every penny being accounted for.,1
"in my church we help people no matter their age, but children are special for us",1
I know!,1
Thank you and have a great day,0
Have you heard about the flooding in Hawaii?,1
Have an awesome day and thank you again!,0
"Thank you again, and have a great day.",0
that's really good to hear!,1
"I'm very well, thank you.",0
This is true.,1
I am doing well thank you.,0
I will donate the $2 towards the Save the Children fund.,1
"That's wonderful, thank you!",0
It should be. But with people helping it can at least make a difference.,1
They are our future.,1
Thank you for all the information,0
Ok thank you.,0
And thanks for asking me too.,0
"I'm great, thanks.",0
Would you like to help by donating?,1
Thank you.,0
The children from around the world will surely be thankful as well.,0
Thank you very much for you help!,0
thanks again,0
thank you for putting time on effort on this.,0
Are you familiar with it?,1
"well, it is a charity work / organisation where they save many children",1
"ok, got it.",1
very good choice the best,1
Thank you very much.,0
Thank you so much!,0
"Yes, I have donated a year before.",1
"Ok, thank you for your time and donation, have a great day!",0
I think I have heard of it.,1
You can donate anything from $0 to all of your payment.,1
Ok.,1
Thank you for your donation.,0
"Thank you, it will help out children in need.",0
Thank you.,0
"That's wonderful, thank you so much!",0
Did you know that you can donate a little to the charity today?,1
Your donation can help children in need reach their full potential and what's really more important that our children as they are our future.,1
"Once again, thank you for your donation.",0
Thank you very much.,0
Remember every penny Donated is another step towards bettering a child's future,1
That's good to know that almost 90 percent of all donations go directly to help children.,1
"It is a US based charity that helps kids by collecting money to help supply them with their basic needs like healthcare, food, and clothing.",1
Thank  you!,0
That is very generous.,1
Do you think people would be more likely to donate if they say the impact very small donations could have?,1
Thanks again!,0
Children need our help to be healthy and taken care of and a dontation on your part would put is one step forward in completing this goal!,1
I sure will.,1
The other thing is that they allow for small donations which have a big impact in countries like Syria where the local currency has dropped so considerably.,1
That great and thanks for your generousity!,0
money?,1
ok sounds good.,1
"Oh thank you so much, you have no idea how much that .50 will mean to those children, thank you very much and have a wonderful night you blessed soul.",0
"no this one time is good, thanks",0
i have no award in the group.so i have like many children save in our life,1
"I do donate sometimes, yes.",1
Thank you,0
You are so welcome.,1
"Thanks, especially Syria children affect more so I really worried about his future.",0
Admistration etc.,1
"I'm great, thank you.",0
How about $.50?,1
Okay great!,1
"World wide, Africa, Asia, even in the recent disaster in Haiti",1
What kind of situations do they work with?,1
I'm good.,1
thank you for your support,0
Thank you and have a wonderful day,0
"Thank you for donation, there will never be enough people like you in the world!",0
It's such a well known charity!,1
Nice!,1
"Great, thank you!",0
"Sounds good, thank you!",0
Thank you for your time today.,0
I am fine thank.,0
"Again, no thank you",0
What do you do for Save the Children?,1
ok thank alot,0
What is the average donation amount that most donors contribute at one time?,1
And thanks for asking me too.,0
Thank you very much.,0
This chat allows you to donate some of your task payment to Save the children.,1
You have the ability to sponsor at child in the US!,1
How much do you like to donate to the charity now?,1
Thank you!,0
Thank you and I do not want to be rude but I am straight talking person,0
This is so true.,1
I read a lot about the Save the Children charity before I came in here.,1
"Whatever you choose to do or the amount you want to give, I feel like you've changed my mind about charity, not the other way around, so I want to thank you for that.",0
thank you.,0
So if this just for children in America?,1
Thanks for helping me help children.,0
Thank you so much.,0
"Well I hope you have a wonderful day and on behalf of the charity and the children it is going to, thanks for your help.",0
Thank you!,0
"The payment of the task is 30 cents, I would donate 10c",1
hello,1
where is the money going?,1
Thank you so much for your time and donation.,0
Thank you for your time,0
Thanks again.,0
Thanks.,0
Thank you.,0
Thank you.,0
"It's a rather large organization and well known, you can search for it outside this chat.",1
85 cents to 1.35 around here,1
"Hm, it depends on my schedule to be honest because I still have to pay rent and I don't have set hours but I'd be willing to give around $100 if I have solid hours every month.",1
Yes it is.,1
I think it's crucial to tell whether these charities are in fact going towards children in need.,1
"I was thinking about how everywhere you go, they ask you to donate .50 here and your change there.",1
Would you like to donate a partial or full amount of your payment from this task to Save the Children.,1
I'll donate .50.,1
I usually like to focus on charities that help children since I think they are most vulnerable,1
"I will look in to donating my time locally, thank you!",0
Thanks I would appreciate your help.,0
Thank you for participating!,0
Thank you very much.,0
ok thank alot,0
Most people find they get great satisfaction from helping someone out.,1
"I'm great, thank you.",0
Good morning!..,1
"Oh, thanks for the website, I am sure that it has a lot of information that I could use to learn more about it.",0
have you also heard about  URL,1
I'm good.,1
This donation directly goes to children's charity called Save the Children and thanks you so much for this help.,0
"You have a lot of knowledge, thanks for sharing.",0
"I'm doing great, thanks.",0
Thank you,0
Thank you very much for your $10 donation to Save the Children.,0
No child should ever lose their life for lack of food.,1
I think childrens charities are a worthy cause.,1
Thank you so Mich for your donation!,0
How about yourself?,1
"There are no laws preventing them from lying, but i guess perception is reality too you.",1
Thanks for making me aware of this charity!,0
are you interested in donating?,1
The research team will collect all the donations and send it to Save the Children.,1
Thank you so much!,0
"Yes, I plan to match your donation of $0.20.",1
"Thank you I am not trying to get you to donate any more than that, I just want you to realize what a great impact you will be making on the world..",0
Is that okay?,1
They definitely do.,1
Thank you.,0
"I'm well, thanks",0
"If a charity is doing good work to feed the hungry, I will give what I have to spare.",1
Yes the way they work together is great.,1
Thanks so much.,0
Thank you.,0
"Yes I am, thank you for asking.",0
Thank you!,0
This one is great.,1
Thanks for your attention and help.,0
And thanks for asking me too.,0
thank you.,0
Thank you.,0
Thank you for your generosity!,0
I would be willing to donate my time and perhaps some money.,1
Her name is Eglantyne Jebb.,1
Thank you so much.,0
I will donate all of my payment.,1
Ooh nice.,1
Thank you so much for your time and the effort you are putting towards this very reputable charity!!,0
Thanks for agreeing to donate!,0
Have you heard about Save the Children?,1
Yeah stories like that are very heart breaking.,1
Would you like the link to their website?,1
Thanks for your time too.,0
hellow person_2 do you know why you are here?,1
Thank you.,0
Thanks again for chatting with me.,0
weell that sounds like a lovely charity.,1
"thank you,I just want to help this world and especially the children within it and save the children is doing that job",0
Thank  you!,0
Thanks and I think we can submit now,0
Cool thank you.,0
It breaks my heart to see and hear of how bad children have to live and what they go thru each and every single day.,1
Thank you for being so informative and helpful!,0
"Thanks, have you ben to their site yet?  URL",0
Why not $1.75 then? :-),1
You are welcome and thank you for bringing my attention to such a well deserved charity!,0
Save the Children does what it promises.,1
Thanks so much.,0
"What would you say to someone who does not have children, if you were trying to get them to help the cause?",1
no i havent but i will today,1
Well I'm sure there is always more that can be done.,1
thank you again for agreeing to donate a portion to save the children.,0
Thank you.,0
Thanks again for supporting such a great cause! :),0
thank you so much for offering your help for childrens' donation,0
"No, but they've been around for a long time, and do a lot of good in the world.",1
You can do either.,1
If we had more help by people like you.,1
Thanks very much for your time.,0
Thank you for your kind donation.,0
I can assure you if you donate as little as a penny to this charity you can be part of the solution to put an end to children's struggles from all over the world.,1
"They do, it's  URL by donating you are helping children and their families.",1
we can see our happiness on other faces while helping for them,1
I want to donate everything,1
I'm here whenever you are ready,1
"I've seen a lot of commercials about them, but never did a lot of research about them.",1
"For now, I'm happy with my current donation but maybe another time",1
Whaddya say?,1
"You can directly donate through website, It has a minimum amount, but you can also donate part of the HIT reward at the end of the conversation, It can be 0 or 1 cent or any other amount",1
Your donation will be directly deducted from your task payment. You can choose any amount from $0.50 to all your payment.,1
"I suppose even with the economy being as hard as it is, exchange rates are still good enough to make a real impact.",1
Everyone should be responsible of this issue,1
Hi,1
not to mention where are you getting your information?,1
"Thank you, I'm sure the children will appreciate it.",0
"ok thank you sounds good,",0
Thanks for your time too.,0
thank you.,0
Thank you very much.,0
So you think they do some actual good?,1
We really are.,1
I would be willing to donate to this organization.,1
I assume it will be deducted from any bonuses they decide to give.,1
Thank you for your donation.,0
"Thank you, I'm sure the children will appreciate it.",0
"I'm great, thanks.",0
It would do a great help with your donation.,1
"There are many way to donate money like one time gift, Monthly donor, and sponsorship for some children.",1
Yes we must.,1
"Thank you, I will do it for sure, have a nice day",0
How much would you like to donate from you payment..,1
Thanks again for supporting such a great cause! :),0
Thank you and have a nice day,0
This donation directly goes to children's charity called Save the Children and thanks you so much for this help.,0
Cool thank you.,0
"I might donate a little more I don't know how to do that but, I think they deserve it, I'm convince by talking to you that people regardless of how they feel about refugees that they can still care about kids.",1
that is not bad I could probably do that.,1
You can do a one time donation or a monthly subscription.,1
I am so grateful for your donation.,1
same thanks for the advice have a good one keep spreading love,0
Thank you for being so informative and helpful!,0
Greetings!,0
Thanks for making me aware of this charity!,0
How do they go about providing relief to the children?,1
"Great, thank you!",0
Thank you so much as every little counts and I appreciate your donation,0
"Yes, and our children need help they are our future without them we are nothing.",1
The research team here will collect all donations and send it to the Save the Children.,1
I hope this kind of environment changes for them.,1
You are welcome.,1
Wow thank you!,0
Where in the world are the children located?,1
"that's great, have you ever donated to save the children?",1
Thank you so much!,0
Do you mean in the USA?,1
Ok how much?,1
"they promote children's rights, provide relief.",1
Have a great day and thanks for the chat!,0
Thanks for agreeing to donate!,0
No thanks.,0
More as where are the majority of the fund headed towards right now/,1
"Thank you, it will help out children in need.",0
Hi!,1
Save the children is a group that helps kids in warzones,1
"On behalf of Save The Children, THANK YOU!",0
You are welcome and thank you for bringing my attention to such a well deserved charity!,0
"So, Save the Children has somehow eliminated a high overhead cost.",1
"Good, thanks!",0
Like do they just supply food?,1
You can help out A LOT by donating!,1
The children will most certainly benefit from large donations such as yours.,1
thanks so much!,0
Do you still get printed pictures or do you do all digital pictures?,1
"awesome, thank you so much",0
"Oh, thanks for the website, I am sure that it has a lot of information that I could use to learn more about it.",0
Even 1 penny? 1 penny would be minimal and would greatly help.,1
Thank you.,0
do you do any volunteer work?,1
"Very well, thank you.",0
"I am fine thanks, It's not been a long time I am on MTurk, but It is interesting how they are working on donating, Are you interested in donating?",0
Thank you.,0
Thank you!,0
You have plenty of rich people out there,1
Thank you on behalf of these kids.,0
"Yeah, I like the name, I am curious about it, I would like to know some morea about it.",1
"Also, please include the $ sign to avoid confusion.",1
Thank you for helping...save the children.,0
How do I know this charity is legit?,1
Your welcome!,1
thank you for your approach.,0
Your donation will be directly deducted from your task payment.,1
I'll donate right away.,1
"thank you,I just want to help this world and especially the children within it and save the children is doing that job",0
thank you very much,0
"I am doing good, thanks for asking.",0
Thank you for your time today.,0
So in hindsight we are all immigrants who need a little charity from time to time.,1
I am fine thank.,0
Thank you.,0
"Thank you, I would like to make a 50 dollar donation but first.",0
"Personally, transparency is especially vital.",1
I am well. It looks nice here today as well.,1
Lots of celebrities get involved.,1
Thank you for your donation and for supporting children in need.,0
"Great, thank you very much",0
Thank you.,0
Such as?,1
Oh wow that's good,1
They need your help.,1
I am very happy to help,1
that is amazing!,1
Cool thank you.,0
Do you think people are fundamentally eager to help with what they can like that?,1
And thanks for asking me too.,0
"I'm asking you, instead of buying that purse or clothing item, spend it on helping children in need.",1
Thank you and have a nice day,0
"Ah, yes.",1
"Well I hope you have a wonderful day and on behalf of the charity and the children it is going to, thanks for your help.",0
Millions.,1
This should make you mad and want to help.,1
how do we do that,1
We haven't each done ten responses per the instructions.,1
Childrens charities are important to increase awareness for diseases and disabilities.,1
Do you know the organization Save the Children?,1
Even a small donation makes a big difference.,1
I agree.,1
Thanks for doing your part!,0
Happy to be able to help such a worthy cause!,1
"The Requester DAVIS will handle it all, very convenient.",1
after i die i will donate my all..,1
thanks so much!,0
same thanks for the advice have a good one keep spreading love,0
Internet research is a good way to learn about pretty much anything.,1
The children from around the world will surely be thankful as well.,0
I am spending my time completing it so I am being paid for a job.,1
It is to help kids with unfortunate diseases and things of that nature.,1
Thank you for helping...save the children.,0
Thanks for helping me help children.,0
Thanks again!,0
Thank you so Mich for your donation!,0
That's a very large part of their mission yes.,1
Thanks for the oppertunity.,0
OK thanks.,0
So I am to understand you do not wish to help any of them?,1
"If you want to make a small donation from your task payment, I'm sure it would be greatly appreciated!",1
That's funny that you mention that.,1
Have you ever thought about donating to an organization that helps children in need?,1
would you donate a portion of this hit reward?,1
Thank you and have a great day,0
Thanks for doing your part!,0
Ok I would like to donate the $20 a month but I would like to hook it up to a credit card that is automatically deducted,1
Thank you so much.,0
"It was nice talking, thanks for all you do.",0
thanks will do the same,0
Would you like to make a contribution to the Save the Children charity?,1
"Great, thank you!",0
9% goes to fundraising and 5% goes to management and general expenses.,1
IN is really conservative.,1
same thanks for the advice have a good one keep spreading love,0
I don't know much about their events.,1
Yes I understand.,1
I want to let you know that your donation will be collected by the research team and will send it to Save the Children.,1
"It is going alright, thanks",0
"Ok, well thank you for your time and telling me about this wonderful organization.",0
But I would like to be able $150 to this charity.,1
Sure!,1
That's great!,1
And the children are the ones who need it the most!,1
Thank you for your generosity!,0
Thank you for being so informative and helpful!,0
No i would be interested in learning,1
Hello,1
Yes I would be willing to donate.,1
I completely agree.,1
Thanks again.,0
"I thank you very much, with what you know about save the children",0
Thank you again,0
"It was founded way back on April 15, 1919!",1
Thank you very much!,0
Isn't it really great!,1
Yes it does and thank you for the donation,0
Thank you again,0
"That's right, thanks for showing me the page, I will help many children, today I want to sponsor 3",0
Thank you!,0
Thank you.,0
Thanks.,0
"I'm well, thanks",0
Thank you for your time.,0
Every little bit makes a difference.,1
I don't think I'm quite ready to decide yet though.,1
like 5 dollars,1
"So, do we need to chat back and forth a few for times for this to be over?",1
Thank you. You too,0
"just a few dollars, while lyou can donate as much as you like, every little bit means a better life for these children",1
Hi!,1
Thank you!,0
Thank you again for donating $10 to Save the Children.,0
"i help with everything they say to me, now im helping finding people donating, thank you for the donation today, god bless you.",0
And I thank you,0
thank you for this conversation,0
sure thanks again,0
"That is fantastic, thank you!",0
Thank you for your time and information!,0
I would like to think of supporting a child by $1 a day or $30 a month.,1
Thank you for telling me about this charity,0
haha.,1
What specific countries do they help out?,1
"I thank you very much, with what you know about save the children",0
"No, thank you!",0
"They didn't give me an option, but if they did I would donate the full amount.",1
I am well thank you and you?,0
"Other than the US, Africa receives 43% of the budget, helping more than 32 million children in 2016 across Burkina Faso, Burundi, Democratic Republic of Congo, Ethiopia, Guinea, Kenya, Liberia, Malawi, Mali, Mozambique, Niger, Nigeria, Rwanda, Sierra Leone, Somalia, South Sudan, Sudan, Tanzania, Uganda, Zambia, and Zimbabwe.",1
Good!,1
Yes somewhat.,1
Thanks you too,0
Thanks How much do you typically give to charity in a year?,0
thank you so much for offering your help for childrens' donation,0
I just want to thank you for helping out this great charity.,0
You can go to the website I provided you earlier to know in your heart that this is not a scam.,1
"I am so sorry to hear about the little guy and how his birthday, too.",1
"Thank you, it will help out children in need.",0
No thanks.,0
Thanks for the oppertunity.,0
"Wow, that's much more than the study is supposed to pay me!",1
My dad was a gambling addict.,1
Where we serve depends on where the needs are greatest and/or if there are any emergency situations.,1
Good afternoon.,1
Thank you and I do not want to be rude but I am straight talking person,0
thanks,0
Thank you so much.,0
They are about to celebrate their 10th anniversary next year,1
Greetings!,0
They are helping so many that otherwise would be starving.,1
Yeah totally agreed.,1
Yes I think donating to charity is a very honorable thing to do.,1
"this i can do, but i was thinking about actual helping.",1
"Okay, well let me give you some details about the charity so we can finish out this conversation.",1
How much of the money you earn from this task would you be willing to donate?,1
Thanks I would appreciate your help.,0
There are many scams out there that take more to profit then to actually help the kids.,1
I'll agree to pay half.,1
This charity is from Fairfield Town in Connecticut,1
Thank you.,0
"Thanks very much, nice speaking to you.",0
"Yes, absolutely.",1
Thanks again for donating.,0
"Again, no thank you",0
Perfect thank you for the information.Is there a website where I can check it out and donate?,0
I especially like the Send A Girl To School program.,1
thank you so much!,0
I am doing well thank you and same here,0
thank you so much for this.,0
Would like to receive a thank you from Save the Children?,0
Thanks!,0
"Oh no not at all they do tons of good  is an international non-governmental organization that promotes children's rights, provides relief and helps support children in developing countries.",1
I would be happy to listen.,1
"Hello, how ware you today?",1
"It is going alright, thanks",0
Thank you for your kind donation.,0
"It helps children get access to health, education, safety, etc.",1
"yeah i know that they are helping Hawaii now ,",1
"Thank you, you too.",0
Thank you.,0
"Again, it was a pleasure meeting you and many many thanks for your kind generosity in the form of a donation.",0
Thank you once again for your donation and feel free to spread the word about the charity to others!,0
what you think about save the children donation ?,1
Thank you for your time.,0
Thank you again,0
Thank you for chatting with me.,0
I would like to personally thank you for that.,0
Thank you.,0
"oh, yes definately, so do I have your commitment to a donation today?",1
"When you have people who are so poor, it's amazing what a tiny amount can do.",1
thanks so much!,0
Thank you for being so giving.,0
Very good.,1
"what's the website,  might look it up",1
I can't stand charities where the top level execs make a ton of money,1
"Yes you can write them letters and they can write you back, thanks!",0
Thank you also.,0
I am doing well thank you.,0
I would like to personally thank you for that.,0
"thank you for the information, I think I am ready to donate",0
"I wish other charities would follow, especially local ones.",1
"Thanks to our growing community of child sponsors, we increased our impact and reach ??Â¸??Â¸ helping 29% more children than we did in 2014",0
"I am fine, thank you, Have you ever heard about the organization ""Save the Children""?",0
I'd rather contribute my donation locally.,1
What is the charity?,1
I'm doing very well thank you!,0
I would like to personally thank you for that.,0
How much do you like to donate to the charity now?,1
Thanks again for donating.,0
"Thank you very much, have a nice day.",0
IN 2018 alone 1000 children were reportedly killed or injured in violence.,1
Really gets the public's interest.,1
It would go all over the world!,1
How are you doing?,1
i'm listening,1
Thank you for doing this.,0
Thanks.,0
"I am well, thank you!",0
Thank you again for the donation.,0
Do you have a moment?,1
"They help provide water, give children access to education, give girls tampons so that they can attend school on their period, give them vaccines - things like that.",1
"would you consider sooner, if it was in increments?",1
That great and thanks for your generousity!,0
"Would it convince you to donate more if I can assure you that the donation is absolutely secure and will be completely given to a trustworthy, verified fund within Save the Children?",1
"I mean, we already spend money on small snacks or a coffee we could forgo, why not give it to a charitable cause?",1
Thank you!,0
"Our organization gives shelter to those kids, feed them and take care of them",1
I do donate to Ronald McDonald House and St Jude.,1
Thanks I would appreciate your help.,0
yes I know,1
Have you donated to them yourself?,1
"ok thank you sounds good,",0
Yes I donate to charity every month through my paychecks.,1
The children are going to really appreciate this!,1
No thank you,0
How did you find the charity?,1
That's awesome and generous!,1
hello i am fine thank you,0
The children from around the world will surely be thankful as well.,0
"Thank you so much,  you have no idea how much this will help the children in need!",0
"Jude's Hospital In Memphis, TN is an amazing children's charity",1
hello,1
Established 1919,1
Thank you so much.,0
The research team will collect all donations and send it to Save the Children.,1
What does Save the Children do?,1
Thanks so much.,0
Thank you.,0
thank you.,0
I'll donate but not that much,1
good thanks.What about you?,0
"Yes, now days no one willing to help others, but we can change his mental set and try to help others.",1
I'm not donating to your children's charity.,1
My kids are 4 and 7.,1
"All right, thank you for your time.",0
That sounds great.,1
I think I am going to give a small portion of my hit payment to save the children.,1
It's really nice outside where I am so I am sitting outdoors.,1
No thank you,0
Have a great day.,1
You can choose from $0 to all your payment. How much would you like to donate?,1
No thank you.,0
Thank you for the lovely chat and educational information.,0
Good morning.,1
Do you ever donate to charity organizations?,1
Thanks.,0
"In 2017 alone, Save the Children reached more than 155 million children in 120 countries, including the U.S.",1
Thank you for the information you provided.,0
And I thank you,0
"Also, thank you.",0
thank you for your approach.,0
Thanks to you too.,0
Have you donated to Save the Children before?,1
They have no choice but to rely on others.,1
It would be great if you can make a contribution from your side for this venture.,1
thank you for donating,0
Have you  ever considered donating to Riley Children's hospital?,1
Thanks for agreeing to donate!,0
Thank you!,0
who own the charity,1
"Again, no thank you",0
Thank you!,0
thank you and hope it helps,0
"Thank you, you too sir.",0
"So many children die from hunger, and it's not fair.",1
And I thank you,0
"Thank you, that is wonderful and you will help a tremendous amount!",0
I have to thank you again for your $1 donation.,0
yes i am very interested!,1
"Thanks, I don't consider myself that great, but any little difference i can make makes me feel good about myself",0
I want to tell you a little about a charity called Save the Children.,1
I'd do .15 with splitting,1
Thanks so much.,0
hi there!,1
Maybe they learned something from the mess in Puerto Rico.,1
thank you for putting time on effort on this.,0
Please explain to me in detail,1
"No, I haven't.",1
Thanks for making me aware of this charity!,0
I'm sure they do a lot of nice work.,1
"I'm great, thank you.",0
Sometimes I think about the little things I buy.,1
Thank you for your help!,0
How about you?,1
Thank you so much! What are you hoping your donation will help with?,0
And Save the Children does.,1
"Thanks, especially Syria children affect more so I really worried about his future.",0
At all!,1
Thank you on behalf of these kids.,0
Thank you and have a great day,0
thank you.,0
Thanks so much.,0
Thank you and I do not want to be rude but I am straight talking person,0
"I am well, thank you.",0
whetehr i acn trust this charity?,1
"Thanks very much, nice speaking to you.",0
Thank you!,0
Yes!,1
yes i have.,1
"Thank you for donation, there will never be enough people like you in the world!",0
I typically give to them.,1
Even small amounts make such a big difference when they are added up.,1
Thank you!,0
"No, please tell me more.",1
Thank you so much.,0
I would like to donate $2 then.  Thank you!,0
"Well, don't feel bad.",1
I would consider a smaller portion.,1
"thank you for the information, I think I am ready to donate",0
"I will look in to donating my time locally, thank you!",0
Not interested right now to do so.,1
With no place to live?,1
Thank you very much.,0
Thanks!,0
Thanks again for donating.,0
Thanks for agreeing to donate!,0
"Thank you, you too",0
I guess I am naive and like to live in ignorance where it is bliss.,1
Even a couple of cents.,1
"No, you may not draw that conclusion yet.",1
Thank you for your time,0
"I do agree the money should go more towrads the whole family, but some children have lost their families, and have been left with nothing.",1
Very well thanks.,0
Thank you very much.,0
There is a very important charity called Save the Children.,1
"Horrible, I know.....",1
"Well, thank you for wishing me well.",0
"Well, we have programs set up in 120 countries in total right now.",1
Thank you so much.,0
"Yes, a few times before",1
Thank you!,0
There isn't a lot of support for children in developing countries.,1
And thank you.,0
Hey you wanna donate some money today?,1
Good thanks.,0
"Okay, thank you.",0
Do you?,1
Yes it does and thank you for the donation,0
Thank you!,0
YES I ALSO DONATE 50 DOLLAR TO THEM AND I AM VERY TO DONATE THEM AND THANK YOU  FOR  DONATE.,0
okay done.. thanks,0
"Ok, well thank you for your time and telling me about this wonderful organization.",0
The beautiful day outside is calling for me and the carnival starts soon.,1
"yes, I think I have told about my donation and now waiting for the conversation to end.  Thanks.",0
Yes it does and thank you for the donation,0
ok thank alot,0
Thanks.,0
Thank you very much.,0
"That is great to hear, but sadly there is not much that that organization can do, as a lot of children in poor countries don't even get the chance to live past the 15 years of age",1
I do  !,1
You can donate $0 - $0.30.,1
Thanks for that.,0
"very good, do you think they may just get the money and dont help no one?",1
That\'s the only reason I\'m still here.,1
OK thanks.,0
The world needs more people like  yourself.,1
"yes, it's so heartbreaking1",1
Thank you buddy.,0
The research team will collect all donations and send it to Save the Children,1
You can choose any amount from $0 to all your payment.,1
Thank you so much for telling me about this.,0
"I have, actually.",1
Thank you and have a great day,0
Words are just words sometimes.,1
"yes, because really we have a lot of support in the US but so many countries just do not have the infrastructure or governmental or non governmental structure to help in any real way.",1
Thanks for your time and effort.,0
Would you like to help and donate to them?,1
Many have a better opportunity at life because they are nourished.,1
thank you very much,0
I think that is a very good charity that appears to be doing good work.,1
How much are you willing to donate?,1
"Fine, thank you.",0
I know Shriners has helped a couple people I know when they were children they each had a club foot and poor parents and shriners did all the surgery for free,1
Thank you!,0
You can donate right now right from your task payment,1
That is absolutely terrible.,1
what will you do with this money.,1
"I do feel bad there are starving kids in this world, but until my situation changes, there is nothing I can do for them or anyone else.",1
thank you so much!,0
I want to thank you again for bringing awareness to this important charity.,0
Thank you so much for even taking the time to consider it!,0
"But you're right it's a whole generation, that's A LOT of people.",1
Thank you for the information you provided.,0
"But for this to work, I really need you to donate both dollars.",1
Thanks again for donating.,0
"That's awesome, have you donated to them before?",1
Some don't give the money out like they are suppose to.,1
Thank you.,0
Thank you for your help!,0
Thank you and God Bless!,0
thanks so much!,0
Did you ever have to worry about having enough to eat or having a safe place to live?,1
"I am fine, thank you, Have you ever heard about the organization ""Save the Children""?",0
"Well I hope you have a wonderful day and on behalf of the charity and the children it is going to, thanks for your help.",0
"I only like to donate to reputable organizations, I am familiar with save the children, they often advertise.",1
Helli,1
No thank you as there is no guarantee to this. I'd rather donate locally,0
"Oh thank you so much, you have no idea how much that .50 will mean to those children, thank you very much and have a wonderful night you blessed soul.",0
"Yes without this charity young kids and their families could die of hunger, dehydration, or disease",1
The ratings are from different companies such as Better Business Bureau and American Institute of Philanthropy.,1
What are the amounts for monthly subscriptions?,1
"Since 1932, Save the Children has been on the ground providing support to the most isolated and underserved children in rural America.",1
Thank you for helping...save the children.,0
yes you can you can have my $0.30,1
Do you think that you would elect to give some of your task payment?,1
"I'm very well, thank you.",0
Thanks for the info I will check it out,0
It all depends on what you are comfortable with.,1
Hopefully it is for a good cause and not just a waste.,1
Thank you again!,0
Have you visited the Save the Children website?,1
Thank you for your time,0
Thank you!,0
"ok, thankyou for your time.",0
Thank you for donating your time to the cause.,0
there are needs for my help,1
Should we give our whole 30 cents?,1
"Welcome, thanks for talking",0
Have you heard about the recent storms in Hawaii?,1
You can read about their successes on their website:   URL,1
"Thank you, have a great day!",0
Thanks for that.,0
Thank you!,0
yes!,1
I've actually been intrigued by alot of the things I've head on the HITs.,1
I am doing well thank you.,0
good thanks.,0
I am more willing to help a charity that will help right here in America,1
Are you planning anything exciting this week?,1
"Fine, thank you.",0
"Ok, thank you for your time!!!",0
"Yes, but with focus on communities with substantial poverty.",1
Yes I have.,1
Thank you again.,0
"ok thank you sounds good,",0
"That is fantastic, thank you!",0
Most people would not even notice the money missing.,1
"Yes sure, i can do $10",1
Works better on skeptics.,1
That's great!,1
Exactly.,1
Although it is not much money for us its makes a huge difference to the children from what I have seen.,1
I really like their mission.,1
And thanks for asking me too.,0
"Before you donate I just want u to think about how much money you spend on unnecessary items like eating out, snacks, going out.",1
thank you again for agreeing to donate a portion to save the children.,0
"OF course, it will be great for all around, my daughter to see that she should do things like this out of kindness and for the children , thank you",0
They actually get the financial reports from the IRS to confirm the accuracy in where the funds are going.,1
"For instance, did you know that in the first two months of 2018 alone, over 1k children were killed or injured in intensifying violence?",1
Thank you for your kind words.,0
"They make sure children have access to health resources, education and a safe environment.",1
You are very welcome and thank you for being so generous!,0
Thank you for the compliment and your generous donation !,0
Thank you so much.,0
Sure.,1
"You have a lot of knowledge, thanks for sharing.",0
I grew up worrying about my safety and whether I'd have a place to live.,1
Thank you buddy.,0
Thank you so much.,0
Thank you!,0
No problem.,1
If you'd like to reconsider and read more about the organization you can view their website here :  URL,1
Thank you.,0
The researchers will collect all of these donations and send them to Save the Children and what a great way to start the day.,1
Thank you for the information.,0
"Thats great, Thank You",0
Thank you so much for your contribution.,0
"All right, thank you for your time.",0
"Ok, and if I choose to donate from my payment it will go to Save The Children?",1
Maybe $0.50.,1
Well this is a great one.,1
"Thank you very much, have a nice day.",0
Thanks for making me aware of this charity!,0
they provide them access to doctors and medicine that they wouldnt normally get.,1
Hello.,1
thank you again for the 5 cents donation.,0
Have a good evening,1
Thank you too.,0
"Anyway, glad to meet you!",1
"Thanks i will, i think thats 10 too",0
Hello.,1
I would like to personally thank you for your donation today!,0
"On behalf of children worldwide, thank you for your kindness.",0
That's is good,1
Thanks so much.,0
Ok thank you.,0
"Thank you, it will help out children in need.",0
That's great that you care so much about children's needs!,1
Thank you :),0
"Cool, Thanks for your donation of $0.15 The research team will collect all donations and send it to Save the Children.",0
Thank you for your generous donation.,0
Are you planning to donate today?,1
Thank you.,0
"Thanks for the info, guess I am skeptical.",0
I would like to read a little about the charity before donating.,1
I have thought about it before.,1
You can learn more about them at  URL,1
"OF course, it will be great for all around, my daughter to see that she should do things like this out of kindness and for the children , thank you",0
"Yes, you are helping to ensure children's rights to health, education, safety, etc.",1
I am well today thank you.,0
Let me tell you why.,1
I'm proud too.,1
"Great thanks, Im here to talk about the childrens charity.",0
Thank you for chatting with me.,0
What they need is to be extracted from those countries so that they can have a better life not 0.25,1
"Thanks, that is awesome",0
Do you think you will be able to donate 10 cents to the charity?,1
"Great, thank you!",0
They mostly use press releases.,1
"I am a parent too, it feels so foreign what they are going through.",1
I would like talk to you about a charity today.,1
Enjoy the rest of your day!,1
"So, just to confirm today I can count on you for $0.10?",1
Thank you,0
You as well. Thank you for the chat :),0
hello haw are you today,1
I feel inspired!,1
Can you tell me now how much you would like to donate?,1
I always donate most if not all of any money I am offered.,1
Good.,1
thank you for your approach.,0
I think a range between $100 - $250 would be appropriate,1
"Thank you, but no.",0
"At Christmas I plan to send either $100 or $200 as a special gift to his family, which will enable them to buy a goat, some chickens, etc.",1
Thanks you too,0
okay done.. thanks,0
Thank you for supporting the children of the world.,0
Thanks again for supporting such a great cause! :),0
Thank you so much.,0
Thank you so much for that,0
I like to be able to help as many as possible,1
I would be willing to at least donate a portion of my earnings to help this charity.,1
There are always things in my community that I attend and donate as much as I can and donate my time as well at the local Salvation Army.,1
Thank you!,0
It's pretty infuriating to know that some people play on people's sensitivities and vulnerable states to just get rich.,1
"The rest goes to ""fundraising, management, and general"" as the website says.",1
Thank you!,0
Thank you for asking.,0
Thank you!,0
Would you be willing to donate from your task payment today?,1
thank you so much!,0
Thank you so much!,0
That is such a great cause,1
Thank you.,0
No thank you,0
ah..what do you consider a fair donation per month,1
Thank you for your time and information!,0
you gotta donate your payment,1
I hope you enjoy!,1
Thank you so much.,0
"Yes, $1 - thank you",0
Cool thank you.,0
Have you heard of the charity Save the Children?,1
Thanks so much.,0
"Thanks, that is awesome",0
I really appreciate your willingness to go out on a limb.,1
Save the Children is a great charity you should consider donating to,1
Thanks for talking me thru this today!,0
Is there any way that I could donate less than a dollar?,1
thank you.,0
I really enjoy when things like this are easy to do.,1
"Not any specific amount, anything can be good, no matter small or big.",1
"Just know that your donation today, and hopefully the start of more to come, will help children like this.",1
This is the most popular donation.,1
"oh yeah, absolutely!!",1
"Ok. Utilizing the resources from the research team, what are some challenges for children's education in developing countries?",1
Are findings tax deductible?,1
"I am wondering, have you hear of the Save the Children charity?",1
"The children will thank you, do you think you can do a little more?",0
do they provide medical help too though?,1
Hi how are you today?,1
"yes, I think I have told about my donation and now waiting for the conversation to end.  Thanks.",0
No thank you.,0
hello,1
How about donating the entore $2.,1
thank you sir.,0
Thank you!,0
Thanks for helping me help children.,0
"I am well, thank you.",0
hi!,1
"I'm doing great, thanks.",0
"I'm doing fine, thank you.",0
Thanks for helping me help children.,0
Hello there!,1
thank you!,0
Thanks.,0
Thank you very much for your $10 donation to Save the Children.,0
It helps children who have been in crisis.,1
"Great, thank you!",0
For instance I always donate to our local childrens hospital because my nephew was treat there when he was diagnosed with cancer.,1
That's incredible.,1
That is why i am asking you for the details.,1
I understand you too,1
I'm good...what are we to discuss?,1
"Like I said earlier, 100% of your donation goes directly to helping these children.",1
I have 300000 immigrants in my country.,1
Would you do it now?,1
Thank you for helping...save the children.,0
Thank you,0
"Well not being short, that's fine.",1
Thats awesome!,1
The research team will collect all donations and send it to Save the Children,1
"ok thank you sounds good,",0
"Well, we at Save the Children would like to thank you for your donation and let you know that thanks to donors like you, children around the world are thankful",0
Thank you for being so informative and helpful!,0
thank you.,0
Very true. $5 it is. At least we are giving something. Most people wouldn't.,1
You are extremely generous,1
Would you be willing to donate some or all of your task payment to them today to help the children?,1
"Across the United States, more than 14 million children, or 1 in 5, grow up in poverty.",1
What childrens charity is this?,1
"Thank you for your time, have a great day.",0
Of course you can donate to other charities.,1
even a few cents can add up!,1
Thank you Glad I was able to help  this organization with my donation,0
hello i am fine thank you,0
6 dollars is good,1
Thank you!,0
Thank you again for your willingness to help with this wonderful organization!,0
Thank you also.,0
Are you familiar with a charity called Save the Children?,1
I most definitely agree.,1
VANCOUVER.,1
Charity watch group gives them the top rating for achieving results.,1
"Say, maybe half of your payment for this task or even the whole thing?",1
Thank you and God Bless!,0
"Your a great person and thanks again, have a nice day.",0
Thank you!,0
Thanks.,0
Thank you again.,0
"A lot of widely known charities aren't as open and honest about where their finances go, but you can easily find Save the Children's financial reports online.",1
Thank you so much for your contribution.,0
Thank you again!,0
"Ok, well thank you for your time and telling me about this wonderful organization.",0
"I remember when I donated, the foundation sent me an update about how one of the patients was doing.",1
I could probably donate a small amount.,1
"If I have two very beautiful children that are my life, maybe that's why I'm very attentive to things like this of this magnitude",1
"Hello, same!",1
Thanks.,0
"And if you'd like to check out the website, you can go to  URL",1
Thank you for your time,0
Children should be our top priority all across the world.,1
Thanks again.,0
Thank you!,0
yes i like to.,1
Thank you,0
You are very welcome and thank you for being so generous!,0
"Well, it was nice to meet you and thank you for agreeing to donate today!",0
Does it work by sponsoring a specific child who you get to know or does everything run through the organization?,1
I am ready to donate today and would like to know an acceptable donation.,1
Wont you please donate some part of your payment for this task?,1
Perfect thank you for the information.Is there a website where I can check it out and donate?,0
That is something I do not think about.,1
"I am doing good, thanks for asking.",0
What do they do?,1
Thank you for your contribution!,0
"There are so many childrens charities like KABOOM, they build updated playgrounds for kids with disabilities.",1
Thank you for your donation!,0
"Thank you, you too sir.",0
"I'm glad you're so welling to help, but I would feel bad just to get your help without letting you know what the organization is about.",1
"Again, no thank you",0
thanks!,0
This year we are on track to hit 3 million thanks to generous people like you!,0
Remember to pass along our info to friends and family. Thank You and good night!,0
I am fine thanks.,0
Thank you,0
Monies go to sustain the lives of children in environments in which basic necessities are lacking.,1
Thank you for telling me about the charity.,0
If it's a charity I believe in that's a great way.,1
yes i do,1
"Since the organization is not for profit, donations from individuals and organizations help them acheive their mission",1
Any amount from $0 to all of your payment would help.,1
"Yes, but you can make a donation here today.",1
"Besides working in the morning, I plan to go out to a concert with a few friends on Saturday, so that should be fun.",1
I am really glad that you donated.,1
Thank you :),0
I would like to personally thank you for your donation today!,0
Good thanks.,0
wow! thanks on behalf of the organization! that is generous!,0
Hi!,1
You're absolutely right.,1
Thanks.,0
I agree.,1
Thank you!!,0
Thank you.,0
Thank you!,0
I do like to look and see what the overhead is of the charities to see that the CEO”s aren't being overpaid,1
Thank you!,0
It is a beautiful morning where I am at.,1
And thank you.,0
At the grocery store sometimes they will ask if I want to round up to the nearest dollar amount and donate that increase in change to charity.,1
"Again, no thank you",0
$5.00 i would donate,1
What are your plans for the day?,1
Would you like to help and donate to them?,1
Thank you for your donation!,0
"Very well, thank you.",0
And they are tired of me messing around on the computer so after the survey we are going to go for a walk!!,1
I have heard about it.,1
Just donating a small portion of your earnings are a big help.,1
Thanks you too,0
Thank you.,0
"In fiscal year 2017, 86% of all expenditures went to program services.",1
I think that is awesome.,1
sure!,1
That and they're pretty transparent which is good.,1
Are there any good charities that are helping on this issue?,1
Absolutely.,1
"Dying, when the world knows how to save them.",1
"Wow, that definitely puts it in perspective!",1
And thanks for helping!,0
I wouldn't have the time off to do that.,1
And thanks for helping!,0
yes everything is high priced,1
"Yes, thank you.",0
Thank you for your time.,0
"i help with everything they say to me, now im helping finding people donating, thank you for the donation today, god bless you.",0
As a parent you want to do all you can for them.,1
"That is wonderful, thank you for all the information.",0
same thanks for the advice have a good one keep spreading love,0
"Yes, I am okay with that.",1
Have a great day.,1
"As a mother, that thought is horrifying.",1
I am good thank you.,0
Our founder also won a Nobel Peace Prize a few years ago.,1
"The description said earn up to $2, so I'll donate $0.85, which is half of whatever the maximum bonus seems to be.",1
Thank you on behalf of these kids.,0
I imagine hospitals are very strict about who gets to be with the little ones.,1
Save the Children was launched in 1919,1
Thank you!,0
Do I make a monthly donation?,1
"I don't know about you, but I could find $1 in change just lying around the house.",1
What is the standard monthly donation someone usually gives.,1
It was nice speaking with you! :),1
Thank you.,0
I'm doing very well thank you!,0
I am willing to match your donation.,1
Exactly!,1
Thank you.,0
Okay. Thanks.,0
As we need to maximize help I would recommend you donate a maximum amount.,1
Save The Children is the name,1
Oh my gosh.,1
I think it has to do with helping sick children.,1
That great and thanks for your generousity!,0
"That's interesting and sounds good, right?",1
Thank you again for the donation.,0
How much do you like to donate to the charity now?,1
Ok...,1
"Yeah, I can do that.",1
you do have to be skeptical though,1
"Sounds good, thank you!",0
"St Jude's is one specific area, Save the children goes into more of a variety of issues",1
Have you heard of Save the Children?,1
sure!,1
Wow.,1
Thank you too.,0
Have you donated to this organization?,1
"I thank you very much, with what you know about save the children",0
Please tell me about it,1
Thank you.,0
"Thank you for your time, have a great day.",0
same to you and good night,1
Thank you too.,0
Would you like to spend $1.70 to help some poor children today.,1
Yes. Save the children is a very nice organization,1
But they are really under funded.,1
Thanks for doing your part!,0
I hope you have a great rest of your day.,1
Thank you very much.,0
I think that any donation to anyone is helpful in this world.,1
Thank you for helping...save the children.,0
Thank you for your donation as i guarantee you donation goes towards to the children,0
Thanks for telling me about it.,0
At this point a lot of the focus is children in war zones.,1
What about you?,1
I will match your donation.,1
hello,1
I am doing great!,1
"Save the Children is a worldwide charity that give children access to healthcare, safety, and advocacy thanks to donations like yours.",0
You are very welcome and thank you for being so generous!,0
Thank you for your generosity!,0
How much would you donate?,1
So i'd really like to thank you for your interest and time.,0
Such a wonderful mindset to have.,1
have a wonderful rest of your day.,1
I'm glad you are able to look for what to be grateful for.,1
Thank you again!,0
You can check them out,1
"Thank you again, and have a great day.",0
I don't have much money for myself either which is why I consider this to be my part time job.,1
amassing!,1
I've been following the news about family separations very closely.,1
Thank you too.,0
Would you like to donate some of your earnings to the charity Save the Children?,1
Thank you so much for your kindness and have a great day.,0
And you?,1
"Yes, 2.",1
"thanks, same to you.",0
in all 50 states?,1
"No, thank you!",0
is it noble or is it the minimum we can do as first world citizens?,1
Thank you for taking the time to introduce me to this charity!,0
No thank you,0
"Great, thank you very much",0
"Thank you very much, have a nice day.",0
"Learn about the places we work, the challenges children face and the results we achieve, thanks to supporters like me and you.",0
on the website there is a minimum amount but through HIT you can donate anything even 1 cent.,1
Thank you!,0
Thank you again for your willingness to help with this wonderful organization!,0
"I will look in to donating my time locally, thank you!",0
"Sounds good, thank you!",0
It is our moral responsibility to help feed the hungry.,1
charity is a bad for that.,1
"Well, thank you for wishing me well.",0
So how much would you say that you would donate?,1
"No, I didn't see anything.",1
I will donate 50 cents,1
Up to your whole 2 bucks!!,1
"Ok sure, I definitely donate my whole amount for this task.",1
thank you for putting time on effort on this.,0
"Wow, that is extremely sad.",1
I have given to this charity before and I have followed them online and in newspaper reports,1
Thank you so much for your contribution.,0
How do you suppose we do that?,1
"Thank you again, and I hope you have a wonderful day!!!",0
"Thank you again, and have a great day.",0
"Yes, Thank you for time and attention, and thanks for helping.",0
Thank you again,0
ok thank alot,0
You are welcome.,1
Even small amounts will definitely help,1
Thank you for your time,0
i also usually focus that,1
"Thanks, you too.",0
Save the Children promotes rights and provides support for children in serious situations.,1
Paypal is usually my choice.,1
"I am fine, thank you, Have you ever heard about the organization ""Save the Children""?",0
"Out of curiousity, have you heard of the organization Save the Children?",1
Yes. Save the children is a great charity.,1
I'm glad you're interested enough to look into them.,1
Thanks for the info I will check it out,0
Thank you so much for that,0
"It was nice talking, thanks for all you do.",0
"Thank you too, have a good night!",0
"Thank you again, and have a great day.",0
I usually donate in hopes I can at least feel like I did my part.,1
Save the Children is a world-renowned NGO with a trusted history and background.,1
"Well I hope you have a wonderful day and on behalf of the charity and the children it is going to, thanks for your help.",0
thank you.,0
"We are completely transparent with our records, when you donate you will be given an account so you can track where every bit of your money goes, from your account all the way to the community.",1
Thanks I would appreciate your help.,0
"I'm doing great, thanks.",0
ah okay...the research team will collect all donations and send it to Save the children,1
Thank you for your recognition.,0
I see  thank you for your information.,0
Thank you for your donation.,0
I only hope that the money goes directly to children programs instead of being eaten up by overhead costs,1
Hello!,1
"Well I hope you have a wonderful day and on behalf of the charity and the children it is going to, thanks for your help.",0
"Thanks, have you ben to their site yet?  URL",0
Thank you and I do not want to be rude but I am straight talking person,0
What more can we do for the least of these?,1
The stand of living in developing nations does not compare with our own.,1
I mean I am not aware of other charities i can trust.,1
"In America food is plentiful and we sometimes have to stop and reflect, that other countries aren't as fortunate as we are!",1
Thank you so much as every little counts and I appreciate your donation,0
thanks!,0
Thank you for your kindness.,0
No thanks.,0
Do you feel like they do good work and are important to society?,1
We have a lot of farmers here.,1
I live in Florida.,1
No problem thank you,0
Thanks for agreeing to donate!,0
No thank you.,0
"And thank you, I'm sure this week will be relaxing for me as well.",0
Currently I do not donate to charities.,1
That sounds interesting.,1
"Have you heard about ""Save the Children"" charity?",1
You are very welcome and thank you for being so generous!,0
"That sounds like a generous donation, of course you could do more.",1
So i'd really like to thank you for your interest and time.,0
Enjoy the rest of the day.,1
thanks,0
Thanks.,0
"I'm grasping at straws now, 10 turns each is a monumental task just like fighting childhood cancer (not really) have you ever donated to charities for childhood cancer?",1
Hello,1
"Very well, thank you.",0
"I'm doing well, thanks!",0
Thats an awesome labor,1
"Not really, I just try to be helpful",1
Cool thank you.,0
"you would help me , thank you for your conversation",0
Great! Thank you for your donation!,0
"Sounds good, thank you!",0
What countries have they been able to help?,1
thank you so much for offering your help for childrens' donation,0
Thanks again!,0
"ok, thankyou for your time.",0
I know its not much.,1
thank u sir,0
I'm going to tell you some information while i get the paper work ready about the charity if that's okay with you,1
"It depends, should this be a monthly donation or annual?",1
Do you have children yourself?,1
Thanks for talking me thru this today!,0
"Google, Disney, target and paypal",1
"Maybe I can get to do it again, Save the Children is international and non-governmental. Would you be interested in donating?",1
The people there saved my life on more than one occasion and it's just a great hospital.,1
thank you so much!,0
You as well. Thank you for the chat :),0
Thank you. You too,0
Wow thank you!,0
Thanks for your time and effort.,0
I am doing well thank you and same here,0
Last week CNN talked about the genocides starting in syria,1
So i'd really like to thank you for your interest and time.,0
Thanks for telling me about it.,0
I'd donate 50 cents of my payment.,1
i will donate now 5 dl,1
Glad to be doing this survey because it is for a good cause (Save the children) Do you agree ?,1
Excellent - how does it work,1
Good thanks.,0
Is this an organization you would consider donating to?,1
"I know it is sad, but be happy there is such a great organization that is trying to help and that you are making a difference",1
"Hi, how are you today?",1
The exchange rate must be pretty good.,1
no you could use my info to do some sketchy crap.,1
"I'm great, thank you.",0
A little bit can go a long way!,1
I want to teach my daughter the same someday!,1
"Okay thank you, the charity really appreciates your donation today and thanks you, how much would you like to do?",0
hello i am fine thank you,0
Yes they do.,1
Thank you for all the information,0
"I'm doing well, thanks!",0
"Fine, thank you.",0
"With that, keep in mind if you ever decide to make a monetary donation, 86% goes directly to the children, 9% fundraising, and 5% management and general.",1
They are strictly non profit so we give what we can including clothes and books.,1
"Your donation is essential to help ensure children's rights to health, education, and safety.",1
thank you.,0
"I understand that people have to get paid for what they do, but they shouldn't be making an extravagant amount of money.",1
Do you believe they don't?,1
"Thanks, that is awesome",0
"Yeah, what do you think about St Jude's?",1
"If you donate 50 cents, I will match that 50 cents as well.",1
I have to be honest with you.,1
Yes please.,1
Thank you for filling me in on information regarding the charity,0
Thank you so much for that,0
"After our conversation, I will be donating as well, as their initiatives align with my own beliefs as well :)",1
"I don't think of it as a moral obligation, necessarily.",1
"All right, thank you for your time.",0
Thank you. You too,0
I would be glad to.,1
"Sounds good, thank you!",0
I believe they an amazing organization.,1
"Thank you I am not trying to get you to donate any more than that, I just want you to realize what a great impact you will be making on the world..",0
This donation directly goes to children's charity called Save the Children and thanks you so much for this help.,0
"Save the Children is a worldwide charity that give children access to healthcare, safety, and advocacy thanks to donations like yours.",0
I am not saying that world charities are not needed but I rather give to local charities.,1
constant pain in my feet,1
"I'm great, thanks.",0
Can I tell you all,1
"Thanks i will, i think thats 10 too",0
Thank you so much for your donation!,0
Thank you for your donation!,0
My boss has a sponsored child that she sends money to every month.,1
Thank you.,0
Me too but right now there is a great need for help internationally.,1
YES I ALSO DONATE 50 DOLLAR TO THEM AND I AM VERY TO DONATE THEM AND THANK YOU  FOR  DONATE.,0
Just to let you know the money will be directly deducted from your task payment.,1
Thanks for your attention and help.,0
Would like to receive a thank you from Save the Children?,0
Thank you again,0
Where is this organization based?,1
"Great thanks, Im here to talk about the childrens charity.",0
What countries do they provide service to?,1
yes my home in 3 childrens i take for in the life,1
Okay. Thanks.,0
Great! Thanks so much and I'm just so happy to be able to donate,0
"I know that my small donation is not enough,so i am asking you to also donate some small percentage from reward.",1
Do you donate to any on a regular base?,1
We own furniture stores on the west coast.,1
Then it looks like we can both really help out.,1
Children deserve to be in a safe place and to feel secure.,1
no can you tell me a little about it,1
how are you today?,1
This year we are on track to hit 3 million thanks to generous people like you!,0
"robots cant laugh, a im sure you know",1
Thank you for your generosity!,0
Thank you once again for your donation and feel free to spread the word about the charity to others!,0
Thank you for the information.,0
I bet they have ways to set up recurring donations pretty easily.,1
Thank you,0
"Yes, I am as well.",1
thank you.,0
Thanks.,0
Please go to the Save the Children website to make the donation.,1
You are surely making a difference.,1
Thank you!,0
"They provide medical treatments, education, food assistance and training to help children get resources they need now, but also to help them learn to provide for themselves.",1
I have!,1
"Welcome, thanks for talking",0
Thanks.,0
Thats great.,1
Thank you.,0
Thank you.,0
"Hello, I'm fine.",1
I am really interested.,1
That's wonderful!,1
How do you feel about those who were unluckily born to poor circumstances?,1
"I am fine, thanks!",0
Ok-thanks-I will be waiting to hear from them,0
It is very scary to think about.,1
I wish you a happy rest of your weekend.,1
"Hello, how are you today?",1
"thank you,I just want to help this world and especially the children within it and save the children is doing that job",0
I think there are a lot of safeguards in organizations like this one that is set up to prevent such a thing.,1
"And for some countries even few dollars is a big thing, like for getting vaccinated.",1
"Unfortunately, it is all I can afford at the moment.",1
Thank you!,0
I don't have the money right now to donate.,1
Thanks!,0
Given the chance would you be willing to donate some of your task payment to organizations like save the children?,1
It's really easy to get involved.,1
"Thanks, that is awesome",0
Thanks so much!,0
I like to keep my money for now.,1
Thank you,0
"You can donate some or all of your payment from this task to Save the Children, i'd really appreciate it if you did, but I understand if you still don't want to",1
Convince them that they waste too much money on unnecessary stuff like snack and candy.,1
Pushiness does not make for a good salesperson.,1
That's 25% of the HIT.,1
Thank you.,0
Greetings!,0
But please know that this organization ehlps children on every continent but Antartica.,1
Do you donate money only?,1
You would be doing a great service and the charity will be so thankful.,0
Hello.,1
Thank you for your recognition.,0
It sounds like they have a worthy cause.,1
good thanks.What about you?,0
I love getting the word out there on this charity.,1
Thanks again for supporting such a great cause! :),0
Thinking about starving children makes me so sad.,1
I'm doing very well thank you!,0
Thank you for asking.,0
That's great! Thank you very much for your donation!,0
Children and Animals are the most precious of God's creations.,1
That helps people directly in your community.,1
"Good, thanks!",0
Yes me too,1
Wow.,1
The research team will collect all donations and send it to save the children ..,1
Thank you for asking.,0
And these small things just make such a difference.,1
thank you.,0
It's unfair to be born into conditions like that.,1
Anything that helps children succeed is definitely a great cause,1
"Okay, thank you.",0
Thank you and have a nice day,0
Five dollars would be an amazing donation that could really help a lot of kids.,1
hello i am fine thank you,0
5$ sounds good ok,1
thanks again,0
Thank you!,0
Thank you so much.,0
Do they help our children in the US as well?,1
"Again, no thank you",0
Forced to flee violence.,1
URL,1
What do they do?,1
"yeah, horrible huh?",1
"no this one time is good, thanks",0
Thank for answering my questions.,0
Thanks for that.,0
Thank you for your donation!,0
Walks with the dog sound awesome.,1
Great!,1
Thank you so much.,0
Doing good.,1
Thanks I would appreciate your help.,0
Thank you!,0
No thank you,0
Are you able to lend a helping bit?,1
I tried to give him my food but it was too late,1
"This HIT is a rip off, taking far too much time.",1
Can you try to even donate 1 cent?,1
Your an awesome individual.,1
cheers,1
"I'm great, thank you for asking!",0
Thank you!,0
Alright thank you for contributing to Save the Children.,0
"Yes, that would be helpful.",1
Thank you very much.,0
We definitely need more people like you in the world.,1
hello i am fine thank you,0
"Sure, here is the link.  URL",1
There are many that lives in war zones with no access to food.,1
well i will absolutely donate and tell some friends.,1
"However, I can guarantee you Save the Children is a professional organization that promises their donations go to a trustable fund to support international children's causes.",1
It was a nice chat.,1
"Ok, well thank you for your time and telling me about this wonderful organization.",0
You can choose any amount from $0 to all your payment.,1
Have a great day!,1
Thanks again for supporting such a great cause! :),0
Doing MTurk to get my student loans paid off so that I can be more generous as a whole.,1
Thank you.,0
Thank you so much for telling me about this.,0
"Okay, that sounds great!  Thanks!",0
that's great maybe we could both donate to them,1
Children are our future.,1
Good just another Monday how about yourself?,1
No problem thank you,0
Thank you.,0
You've encouraged my heart today.,1
how much are you thinking of donating,1
Thank you so much for your time and the effort you are putting towards this very reputable charity!!,0
It's really hot here too.,1
i'm not sure i already donate my time.,1
Fine...what about you..?,1
"Yes its such a sad thing to see happen myself and family are very kind hearted and feel for all the people around the world who are suffering from this , And would love to make a change and to help .",1
So how do you feel about children?,1
Thank you so much!,0
Yes I have 2,1
Thank you again for your willingness to help with this wonderful organization!,0
Thank  you,0
Is there anything else you would like to know as you generously commit your fee?,1
Thank you so much.,0
"I heard about this organization few weeks ego on MTurk, and i too k the time to read about it.",1
I'm doing great but i would feel so much better if you let me tell you about one amazing charity,1
"And thank you, I'm sure this week will be relaxing for me as well.",0
Ronald McDonald House is the name I think.,1
Thank you for telling me about this charity,0
"If a child would like to send me a letter and picture of theirselves, I would be delighted.",1
Thank you so much.,0
I am just very concerned for the children.,1
Thanks for helping me help children.,0
"Yes, I feel like if anything could use more funding, it should be children who need extra assistance.",1
I am fine thanks.,0
"for example, they do work in syria where in the first 2 months of this year 1,000 children were killed or injured due to the violence there.",1
Thank you and I do not want to be rude but I am straight talking person,0
"So please, consider thoughtfully whether you would be willing to make a sacrifice for the children of the world.",1
That great and thanks for your generousity!,0
"I am fine, thank you, Have you ever heard about the organization ""Save the Children""?",0
That worked out.,1
Thank you again for donating $10 to Save the Children.,0
That sounds interesting.,1
You said you have a kid.,1
I can't donate less than 0.50?,1
I am good thank you.,0
No problem thank you for telling me about this wonderful charity!,0
"Yes they can, thanks again",0
I understand but even the smallest amount would be a BIG help.,1
"Welcome, thanks for talking",0
"Hi, I'm great, how are you?",1
Thank you so much.,0
I think it's a scam,1
Thank you again for donating $10 to Save the Children.,0
You have made this a good learning experience and I feel confident in my donation to Save The Children.,1
Yes.,1
Thank you so much for your generosity.,0
Thank you for your donation!,0
That is awesome then I will donate $1.,1
I think I'm ok.,1
"Pretty spot on with the name, right?",1
Sounds like you are very knowledgeable about it.,1
Think about all the stories you hear in the news and on social media about children that need help or have been taken advantage of.,1
I want to thank you again for bringing awareness to this important charity.,0
Thanks for your time and effort.,0
I want to thank you again for bringing awareness to this important charity.,0
oh yeah and how much would you help them,1
Thank you very much forthat info you have been very helpful!,0
Thanks.,0
Thank you for your time today.,0
Thank you for your time and effort.,0
I'd be willing to donate $.05.,1
I'm good thank you!,0
So I think that we should donate .10 each to the children.,1
"There are children out there now without access to housing, clean water, education, and many other things we often take for granted.",1
Thank you for the information you provided.,0
Thank you for agreeing to make a donation.,0
No thank you.,0
The researchers running this task will make sure that the organization receives your donation!,1
"Ok, thank you for your time!!!",0
thank you very much,0
Nice!,1
"It makes me feel like life is so unfair, and those of us who can help, should.",1
Everything you donate will go to the save the children foundation.,1
Thank  you!,0
what is a recent successful program?,1
It is the right thing to do.,1
do you know what save the children fund does?,1
Thank you buddy.,0
Are we attempting to agree on a donation amount?,1
the research team will collect all donations and send it to save the children,1
Hope you are doing fine?,1
Thank you so much for donating!,0
"Oh thank you so much, you have no idea how much that .50 will mean to those children, thank you very much and have a wonderful night you blessed soul.",0
wow no i did not,1
Alright thank you for contributing to Save the Children.,0
"But before you decide hastily, I would like to remind you that Save the Children is one of the only charities doing what it does.",1
Thank you again,0
I actually have not.,1
the children are our future and need the chance to have a full life,1
THanks to Save the children.,0
Thanks for that.,0
"Ok, well thank you for your time and telling me about this wonderful organization.",0
yes it would be a dollar from each of us,1
"To make sure that they have all that they need, and more than I ever had.",1
"I am fine, thanks!",0
No thank you for the work that you do,0
"Yes you can write them letters and they can write you back, thanks!",0
"I am well, thank you.",0
thank you very much,0
Thank  you,0
Ok.... But what is the name of organization.,1
Thank you for helping...save the children.,0
Thank you so much for donating!,0
Sure.,1
"I\'m alright, just reading up on this organization called ""Save the Children"".. have you heard about it?",1
I'll certainly review it.,1
"Thanks, that is awesome",0
Especially if that story of a child who died makes you angry like me.,1
Thank you for being so informative and helpful!,0
Have you heard about them?,1
>15 cents sorry maybe more next time.,1
The research team collects all donations from this task and send them to Save the Children.,1
Thank you again!,0
I believe my money should first focus on children in need in this country.,1
No thanks.,0
I'm just up organizing info for my charity.,1
sorry it cut me off...,1
Thank you!,0
Maybe you could tell me more about this charity,1
"Once again, thank you for your donation.",0
Thank you for the donation,0
Great! Thank you for your donation!,0
"I am fine, thanks!",0
they need your help.,1
(Or at least I hope),1
"There is a lack of support for children in developing countries, especially in war zones.",1
"I admire you, and I hope you have a wonderful day. :)",1
Thank you and God Bless!,0
Same here.,1
Thank you so much :),0
Wow that is very generous of you,1
Thanks.,0
And I thank you,0
Thank you for your kind donation.,0
Thank you for your donation and for supporting children in need.,0
I want to talk to you about a charity called Save the Children,1
Thank you so much for your donation!,0
Are you going to donate too?,1
its not a lot but hopefully go towards someone else donation to help children in war zone areas,1
"No, thank you!",0
It is an international organization that promotes children's rights and provides relief in developing countries.,1
Through internet ads?,1
OK thanks.,0
Thank you!!,0
That;s great!,1
"For children in developing countries, especially in war zones.",1
Thank you for your donation.,0
"Yes they work in 120 different countries, on different issues.",1
The research team will collect it and send it to Save the Children.,1
I'm doing well. Thanks.,0
Bye,1
What is your favorite childrens charity,1
"Also, thank you.",0
"Sounds good, thank you!",0
Thank you again,0
I see  thank you for your information.,0
Thank you very much!,0
Thanks for talking me thru this today!,0
thank you again for agreeing to donate a portion to save the children.,0
I have to admit these mturk studies don't even pay you enough for a cup of coffee.,1
Thank you!!,0
They seem like a good charity.,1
They save miniture IG dogs.,1
"when i see or when they ask me i help, are you willing to donate today?",1
Thank you!,0
"I am fine thanks, It's not been a long time I am on MTurk, but It is interesting how they are working on donating, Are you interested in donating?",0
"Thank you again, and have a great day.",0
Thank you.,0
Thank you for telling me about this organization,0
Thanks for talking me thru this today!,0
I would definitely like to make a donation!,1
It's a very rewarding experience.,1
I am well today thank you.,0
"Oh that's wonderful, what a great organization.",1
Thank you for participating!,0
Dont you agree,1
I agree!,1
I am doing well thank you.,0
"It's quick and easy, and even thought it may not seem like a lot of money, I think that every penny counts.",1
You actually have the opportunity today to donate a portion of your task payment to Save the Children.,1
I want to thank you again for bringing awareness to this important charity.,0
"I love the idea of helping others also, any little way that I can.",1
Thank you and have a wonderful day,0
Thank you for your time today.,0
So i'd really like to thank you for your interest and time.,0
Thank you so much.,0
Thank  you,0
"In the first two months of this year, 1000 kids were killed in Syria.",1
I have considered donating to St Jude also because they provide life saving medical care.,1
"I'm doing fine, thank you.",0
"Sounds good, do I just go to the website to donate?",1
Do nothing about what?,1
"In the first two months of 2018 alone, 1,000 children were reportedly killed or injured in intensifying violence.",1
That sounds right from what I know.,1
"I believe they've been around for almost 100 years, so hopefully they have a pretty effecient organization.",1
I'm doing very well thank you!,0
"Ok, well thank you for your time and telling me about this wonderful organization.",0
I believe that childrens charity is very much needed in society.,1
"And thank you, I'm sure this week will be relaxing for me as well.",0
I am good.,1
thank you.,0
Thank you for your kindness.,0
Thanks again for supporting such a great cause! :),0
I could donate 10 cents.,1
YES I ALSO DONATE 50 DOLLAR TO THEM AND I AM VERY TO DONATE THEM AND THANK YOU  FOR  DONATE.,0
They help in the children's basic need like food and clothing.,1
"Well, I grew up in a wealthy house.",1
Would you be surprised to find their home base is in CT?,1
"The primary focus is on the children, but of course by supporting children the parents also have some of the vburdens taken off of them.",1
"Yes they can, thanks again",0
"Thanks to our growing community of child sponsors, we increased our impact and reach ??Â¸??Â¸ helping 29% more children than we did in 2014",0
"I'm great, thank you for asking!",0
The charity collects donation from people like you and me and help children in need,1
Im pretty sure that if you want someone to donate to a cause you treat them nicely,1
My fingers don't type very well.,1
Could I interest you in that?,1
you sound very passionate about this subject.,1
They also recently aided children impacted by flooding in Japan.,1
You are very welcome and thank you for being so generous!,0
"thank you for the information, I think I am ready to donate",0
I am not sure what I would do if I had a child in need.,1
Thank you for the information.,0
"no problem   here is some basic information Save the Children is an international non-governmental organization that promotes children's rights, provides relief and helps support children in developing countries.",1
"All right, thank you for your time.",0
Thank you for telling me about this charity,0
"Thank you for your time, have a great day.",0
"That is wonderful, thank you for all the information.",0
"On behalf of children worldwide, thank you for your kindness.",0
Thank you for introducing me to another great charity that is trying to do good work.,0
thank you for your approach.,0
What kind of charities do you enjoy donating to?,1
I'm doing well thank you,0
Celebrities often get involved and donate time.,1
Do they help children from a particular country or is it all around the world?,1
I don't know much about that charity all all.,1
thank you very much,0
You as well. Thank you for the chat :),0
Thank you and God Bless!,0
ok tell me,1
Thank you buddy.,0
Thank you for supporting the children of the world.,0
Thank you again for the donation.,0
"Ok, well thank you for your time and telling me about this wonderful organization.",0
It was such a pleasure to chat with you.,1
That great and thanks for your generousity!,0
I usually donate like I would in real life...,1
So will you donate a little of your earnings towards this charity?,1
"I am fine thanks, It's not been a long time I am on MTurk, but It is interesting how they are working on donating, Are you interested in donating?",0
Thank you.,0
"Hello, have you ever heard of the Save the Children charity?",1
That would be alright.,1
"Okay thank you, the charity really appreciates your donation today and thanks you, how much would you like to do?",0
Thanks for talking me thru this today!,0
I have not heard of this charity before!,1
"The Save the Children Fund, commonly known as Save the Children, is an international non-governmental organisation that promotes children's rights, provides relief and helps support children in developing countries.",1
Thanks How much do you typically give to charity in a year?,0
It doesnt include extras that all CEO's receive.,1
They are actually really great.,1
"It was nice talking, thanks for all you do.",0
I cannot even begin to imagine that and clean water should be a basic right to every child on this planet.,1
Thank you so much.,0
Thank you so much for your kindness and have a great day.,0
I can understand that.,1
"Ok, I thank you very much for your consideration!",0
By committing some of your earnings for this HIT towards the cause.,1
What amount of your task fee would you like to donate today?,1
"Most of them die from preventable diseases, too!",1
Do you feel satisfaction from your generous donation today?,1
Thanks.,0
Yes working in Syria right now.,1
"Yes I do, but I'm happy to donate to yours as well!",1
"Yes they can, thanks again",0
Remember to pass along our info to friends and family. Thank You and good night!,0
I think that is a great idea.,1
It really is.,1
Thanks!,0
"""The research team will collect all donations and send it to Save the Children",1
Alright that's cool so how does this charity take its donations.,1
Thanks for telling me about it.,0
Thank you for supporting the children of the world.,0
Thank you again for the donation.,0
"Okay, that sounds great!  Thanks!",0
"Did you know that in the first two months of 2018, over 1,000 children were reportedly killed or injured in Syria alone?",1
How long have they been around?,1
Thanks for the oppertunity.,0
Thank you!,0
"You have a lot of knowledge, thanks for sharing.",0
"They are US based, the US office is located in CT.",1
Thank you!,0
Thank you so much!,0
Thank you.,0
Wow that is wonderful.,1
It is 100% dedicated to helping children.,1
Thanks.,0
Now I would Like to ask you to donate what you about to receive and and give to other in need.,1
"Nope, I don't work for them.",1
This is why i would love to donate an amount.,1
Thank you :),0
I understand this and have supported Unbound a similar charity for years.,1
Remember to pass along our info to friends and family. Thank You and good night!,0
Thank you so much.,0
they are always in need of people to help spread the word about their charity,1
Thank you for your guidance.,0
There are millions of children that need help and just as many people that are willing to donate for the children.,1
I have done some research and the majority of the proceeds go directly into helping the children.,1
Awesome!,1
"I found some more info:   Save the Children is an international non-governmental organization that promotes children's rights, provides relief and helps support children in developing countries.",1
Also I want to verify that this organization is most trusting.,1
I have to thank you again for your $1 donation.,0
"Save the Children is a worldwide charity that give children access to healthcare, safety, and advocacy thanks to donations like yours.",0
That's great! Thank you very much for your donation!,0
I'm sorry I'm just not able to at this time but thank you for telling me about this organization.,0
Absolutely.,1
How about you?,1
"Awesome, thank you!",0
"I don't have a lot of money, but I'll ask my family and friends to donate to them for my birthday.",1
save the children,1
Thank you.,0
"That sounds good, thank you for being charitable.",0
"If someone believes they can take advantage of your ignorance, a lot of times, they will.",1
Im fine thank you.,0
"Thank you so much for your donation, every bit helps :)",0
Thank you.,0
"Hello,  Have you heard of the save a children charity?",1
"Thank you I am not trying to get you to donate any more than that, I just want you to realize what a great impact you will be making on the world..",0
Is this a legit charity?,1
I have a passion for helping children also.,1
Thank you!,0
How do I donate?,1
"That is fantastic, thank you!",0
The charity helps children in the US and worldwide.,1
you can find out more at  URL if you want more specific examples.,1
It's for a great cause.,1
So would you like to throw these wonderful kills a buck ?,1
Sounds amazing.,1
That is nice.,1
How can I help?,1
how are the donations made?,1
I think that would be a more effective message sometimes.,1
Your donation will be directly deducted from your task payment.,1
"Great thanks, Im here to talk about the childrens charity.",0
What was it like for you growing up?,1
Thank you very much.,0
How much money a year does save the children raise?,1
That's amazing.,1
"When iIsaid helping children around the world was on my bucket list (and iIshould not have ised that term, nor did I mean it lightly, I meant physically donating time and skills.",1
Thank you very much.,0
good thanks.,0
Thank you very much.,0
I have not heard of Save the Children?,1
1 has a lot of  health issues so childrens charities are always important to me.,1
Thank you for your kind words.,0
The researchers have everything lined up with Save The Children.,1
"That is fantastic, thank you!",0
thank you again for the 5 cents donation.,0
Yes it does and thank you for the donation,0
i tend to give up to 100$ a month to children's org- what is your prefered donation?,1
That way nobody can question anything.,1
You can choose an amount anywhere from $0 - $0.30,1
Are you aware of Save The Children?,1
"ok thank you sounds good,",0
Wow thank you!,0
Thanks for your time and effort.,0
Thank you.,0
Thank you so much.,0
"they ensure children's rights to health ,education and safety.",1
It is a huge movement.,1
I used to donate to them.,1
Thank you for doing this.,0
It's great to hear there are people out there doing such important work.,1
How would you like to make payment for this donation?,1
Is a trustable fund.,1
"Yes, I donate money to them monthly.",1
"That's wonderful, thank you!",0
That's fine any amount helps.,1
That sounds like a great idea!,1
It's the reason I go to work everyday.,1
how long have you been donating for?,1
"Thank you, I will do it for sure, have a nice day",0
Thanks for making me aware of this charity!,0
"Thank you, it will help out children in need.",0
Thanks!,0
"Thanks, you too.",0
"I'm hoping you would like to donate some of your task payment to the charity 'Save the Children', and organization that promotes children's rights and supports children in developing countries.",1
I believe u would make a tangible impact on these children.,1
That's wonderful!,1
I think it's a great chairty.,1
"I was thinking the same thing, actually.",1
and they need you help.,1
Alright thank you for contributing to Save the Children.,0
I am doing well thank you and same here,0
Research team will send money to this organisation.,1
Unfortunately I am having some money troubles right now so it's a little hard for me to promise any significant amount of money at the moment.,1
God bless and good morning.,1
Thank you buddy.,0
Thank you so much for your time and donation.,0
Thanks.,0
Thank you so much.,0
"That's a serious issue too, but this charity focuses on children that have been born.",1
Thank you so much.,0
I'm a little familiar with the charity though.,1
What Children's charity would you like to donate money to?,1
I know I spend on little things like a candy bar or gum.,1
Thank you for your time.,0
I remember seeing ads on the television about it and it breaks my hear to see children so sad and suffering in conditions that they live in.,1
Thanks again for donating.,0
thank you for this conversation,0
"Hot, and well, I think the sun is coming around",1
Exactly and they pay to workers good enough so they will be willing to donate.,1
Donating your payment from this task to Save the Children would make a big difference in a child's life today.,1
"Yes, Thank you for time and attention, and thanks for helping.",0
same thanks for the advice have a good one keep spreading love,0
"Well I hope you have a wonderful day and on behalf of the charity and the children it is going to, thanks for your help.",0
thank you.,0
"I'm great, thank you for asking!",0
No thank you,0
Ok thank you.,0
There is. Url,1
"That's wonderful, thank you!",0
I'm glad to hear that.,1
No thank you.,0
Thank you for your generosity!,0
There is no way to prove where all those funds go.,1
Thank you so much!,0
I'm guessing a lot more than me.,1
Thanks again for donating.,0
What was life like for you growing up?,1
Thank you.,0
I am all for helping children in any way possible.,1
"ok, good deal, $0.50 it is.",1
Thank you.,0
And it was a pleasure chatting with you today.,1
I would like to donate $2 then.  Thank you!,0
Have you ever donated to children?,1
Is it about the civil war in Syria?,1
"Great, thank you!",0
Thank you for your time.,0
Thank you.,0
"Well, it was nice to meet you and thank you for agreeing to donate today!",0
"you're right, it is non-profit organisation.",1
thank you!,0
How about you?,1
Nearly 90?,1
Thank you!,0
The organization is going to be so pleased that they can provide an even more widespread reach with your generous donation.,1
I wish more people would.,1
You care for children?,1
"awesome, thank you so much",0
anything from $0 to all of it?,1
"Yeah, it is a great way to get people involved. Save the Children also gained attention by being sponsored by the UN.",1
good thanks.,0
Thank you!,0
Thank you for letting me know.,0
"Have you heard of ""Save the Children"" before?",1
"I thank you very much, with what you know about save the children",0
thanks will do the same,0
"Yes, thank you.",0
Thank you.,0
I would like to personally thank you for your donation today!,0
waking up every day being afraid of getting killed,1
"Thank you so much,  you have no idea how much this will help the children in need!",0
about the children's charity,1
"I thank you very much, with what you know about save the children",0
"Your a great person and thanks again, have a nice day.",0
Thank you very much.,0
myself and Save the Children thank you for your time,0
You can choose any amount from $0 to all your payment.,1
HI,1
Thanks for the information.,0
"Their mission is to promote children's rights, and provide relief and support to children in developing countries.",1
thanks will do the same,0
Just think of everyone who could donate a dollar and help kids in other countries little by little. You're an awesome person.,1
"In the first two months of 2018 alone over 1,000 Syrian children died or were injured due to intensifying violence and war.",1
Thank you for your contribution!,0
"Yes I got it, $0.10.",1
Thanks.,0
Complete surveys.,1
Thank you!,0
hello,1
Thank you.,0
"Would you donate today, even a small portion?",1
And thanks for helping!,0
That's awesome!,1
I wish I could do more.,1
All I can afford is $5.00.,1
What do you think is the best solution or way to help for the average person like you or Me to render aid?,1
"Well I hope you have a wonderful day and on behalf of the charity and the children it is going to, thanks for your help.",0
"i would be willing to donate 0.2 $ , i know it is not what others aspect me to give.",1
Thank you so much :),0
Thanks for making me aware of this charity!,0
Yes that is correct,1
thank you for your approach.,0
That's amazing.,1
"I will look in to donating my time locally, thank you!",0
"I know more or less how it works and my goals are, but what do you know",1
I am doing my full payment.,1
Thank you!,0
That\'s awesome!,1
That seems reasonable.,1
Thank you for doing this.,0
Thank you!,0
Thanks for the information.,0
"SAVE THE CHILDREN , FOR YOUR CLARIFICATION YOU GO AND CHECK THE  URL WEBSITE.",1
that is a very good point,1
Can I tell you about a charity important to me?,1
"Thank you, you too sir.",0
Hey!,1
Thank you for chatting with me.,0
What can you tell me about it?,1
"Learn about the places we work, the challenges children face and the results we achieve, thanks to supporters like me and you.",0
"I thank you very much, with what you know about save the children",0
hello,1
So you will really get to know that one child.,1
I am very interested!,1
"i have not, can you tell me more?",1
Have you ever donated to them?,1
Save the Children is important because it supports protecting kids' rights to education and health and safety,1
"A friend has been doing it for awhile, and I've always been interested.",1
Gotta feed the hungry first,1
"I'm great, thank you.",0
Thank you for your kind words.,0
Have you ever heard of the 'Save The Children' charity?,1
So what exactly do they do to help these kids to reunite with their parents?,1
Thank you so much for your time and donation.,0
"I am not asking for an organ donation, but more of a financial one.",1
"Ok, thank you for your time and donation, have a great day!",0
I then can see the money at work.,1
Save the Children is proud to be named one of the MacArthur Foundation 100&Change Charities with Bold Solutions.,1
"Yes, it tugs at my heart to think of all of those children.",1
Have you heard of the Charity Save The Children?,1
"Yes, there is.",1
Ok thank you.,0
"Awesome, I'll head over there right now and support it thank you.",0
That makes sense.,1
What countries are helped through this organization?,1
"Yes, I support a few causes that I personally believe in very much.",1
thank you.,0
Thank you!!,0
thank you sir.,0
No thank you for the work that you do,0
"I do not do this ""only"" for the money, but to try and help any way I can.",1
Ok good to know.,1
"Almost 87% of all dollars donated go directly the programs supporting the children, so they have a very low overhead.",1
I have not heard of Save the Children before.,1
"yes, i guess i can.",1
Great! Thanks so much and I'm just so happy to be able to donate,0
They sound like they are a legitimate organization.,1
I definitely agree with that.,1
"Thank you, you too.",0
Should have went for deflection or dismissal.,1
"Thank you ""PERSON_1""",0
"For instance, millions of Syrian children have grown up facing the daily threat of violence.",1
It's a fact that small donations by large numbers of people can have an impact.,1
You as well. Thank you for the chat :),0
Thank you!,0
Thank you.,0
You are a wonderful person.,1
Thank you!,0
How are you today?,1
Hello how are,1
"I'm great, thank you.",0
"Thanks, especially Syria children affect more so I really worried about his future.",0
Thank you so much for taking the time to speak with me and also for your donation.,0
Thank you for telling me about this organization,0
Thank you for all the information,0
"that will be great, and make a lot of people happy",1
I just want to thank you for helping out this great charity.,0
I'd like to donate 5 dollar,1
Thank you and have a nice day,0
Thank you!,0
"I am well, thank you",0
Thank you so much for your donation!,0
Well that is good.,1
"Thank you, you too!",0
"i always thought that the money goes for other things and not the children , but i am spectral about this.",1
I have a story to share with you.,1
thank you.,0
Hey I'm fine.,1
"Yes, I do.",1
"Well, we at Save the Children would like to thank you for your donation and let you know that thanks to donors like you, children around the world are thankful",0
I dont think there is,1
"Yes, I've heard of it.",1
thank you for donating,0
I'm good with them doing that.,1
Are you willing to trust me enough to donate your task payment to help these children?,1
Awesome.,1
And thanks for asking me too.,0
Thank you!,0
"Thanks i will, i think thats 10 too",0
"Alright no problem, here it it  URL",1
I am doing well thank you.,0
you too.,1
Thanks for your time and effort.,0
how much would you like to donat to the charity now?,1
Thank you very much!,0
And thanks for asking me too.,0
Thank you so much.,0
"Hi there, how are you this morning?",1
No thank you as there is no guarantee to this. I'd rather donate locally,0
So what do we do now?,1
Thank you!,0
thank you.,0
hi,1
How are you today?,1
Thanks for your attention and help.,0
It is as easy as donating from this task.,1
"Save the Children is an international non-governmental organization that promotes children's rights, provides relief and helps support children in developing countries.",1
Thank you for doing this.,0
I like to donate money and time to charities that help children so I also want to thank you for educating me on this charity!,0
very good and you,1
I'm doing well thank you,0
"I can understand that, but in my experience with this organization they truly use the donations for the kids and have prevented many from starving to death.",1
"I'm doing well, thank you!",0
"But if you like to continue donating your welcome to do so, how much would you like to donate?",1
Thank you so much! What are you hoping your donation will help with?,0
That is awesome.,1
I saw a kid die in my hands once.,1
Glad I was in a position where I was able to help,1
"ok thank you sounds good,",0
God bless!,1
I would like that.,1
If did they amount was 0..,1
URL  Any amount of would be appreciated.,1
These children really need the assistance.,1
"Like food, place to live, safety, etc?",1
What about this charity.,1
"I am well, thank you",0
I have a soft heart for children,1
It help poor kids in need of food and shelter,1
Time and money donations are really two important aspects for charities.,1
Do you donate to any charities?,1
Thank you so much for even taking the time to consider it!,0
"Yes I am, thank you for asking.",0
"Oh, thanks for the website, I am sure that it has a lot of information that I could use to learn more about it.",0
No.,1
"Good, thanks!",0
Are you familiar with the organization?,1
"Yes I am, thank you for asking.",0
Thank you!,0
And thanks for asking me too.,0
Sounds like they do a lot of good for a lot of people around the world.,1
No thank you as there is no guarantee to this. I'd rather donate locally,0
"Well, thank you for wishing me well.",0
"Once again, thank you for your donation.",0
Agreed.,1
hi how are you,1
thank you very much,0
"Thanks, you too.",0
And generous.,1
thank you.,0
What does the charity do exactly?,1
How are you?,1
I always wonder how many people donate any bonuses that are offered to them.,1
"I am well, thank you!",0
It is!,1
"Ok, thank you for your time!!!",0
Excellent!,1
Thanks How much do you typically give to charity in a year?,0
Have you ever worked with children with were born to poorer families?,1
"If you think $.25 will get a child fed, we can do that.",1
"I haven't personally witnessed experiences first hand, however, it comes down to basic human needs.",1
"They have managed to single handedly reduce the infant mortality rate by 62 percent, can you believe that?",1
thank you sir.,0
Thank you!,0
The research team will collect the donation and send it to Save the Children.,1
"They are a charity we can trust, so I think we all should do our part to help the less fortunate",1
Great.,1
Thanks.,0
Thank you.,0
Okay. Thanks.,0
Hello!,1
"I am parent and I feel like I need extra help sometimes too , but knowing that I could REALLY help them makes feel like a better parent.",1
Thank you for your donation!,0
"Ok, thank you.",0
Thank you for your time,0
"you would help me , thank you for your conversation",0
Thank you,0
I am fine thanks.,0
wow! thanks on behalf of the organization! that is generous!,0
Thats fine,1
"I think it would be good to donate your payment to Save the Children, it could help alot of kids out",1
"Thank you so much,  you have no idea how much this will help the children in need!",0
Do you donate when you get the chance?,1
I understand and I do not want to take up too much of your time.,1
"Ok, well thank you for your time and telling me about this wonderful organization.",0
would you donate to this charity?,1
"You can even give part of your profits from this very HIT, you know.",1
"Yes, Well I thank you again for your donation and I wish you a very happy rest of your day!",0
Thank you For being able to be so kind hearted as well hope u have a great day and keep a smile on your face ;),0
thank you.,0
Thanks to you too.,0
"Save the Children is an international non-governmental organization that promotes children's rights, provides relief and helps support children in developing countries.",1
Thank you so much for donating!,0
And thanks for asking me too.,0
Just keep in mind that the children out here need you!,1
Yes I would donate,1
I have not.,1
Much better.,1
Thank you. You too,0
"On behalf of Save The Children, THANK YOU!",0
No thank you.,0
The name is Save the Children.,1
"Well, it was nice to meet you and thank you for agreeing to donate today!",0
Cool thank you.,0
Thank you.,0
Thanks.,0
That's an honorable reason. :),1
I have a cousin who works with MercyShip.,1
How much would you be willing to donate to Save the Children?,1
"Thank you, I'm sure the children will appreciate it.",0
Thanks!,0
Thank you very much.,0
"Even little bits can go a long way, you know?",1
Thank you and have a nice day,0
I heard a really heartbreaking interview with a Syrian child who lost his dad on NPR the other day.,1
This donation directly goes to children's charity called Save the Children and thanks you so much for this help.,0
What sort of assistance do they offer specifically?,1
"Often times I do ones that deal with local family shelters with children, cancer for children etc but many times I do Unicef and Save the Children.",1
Thank you so much for that,0
No thank you,0
A request by a children's charity for a donation.,1
"Great thanks, Im here to talk about the childrens charity.",0
I just want to thank you for helping out this great charity.,0
How are you ?,1
No thank you for the work that you do,0
I am sure there are people who need it more than me,1
Alright thank you for contributing to Save the Children.,0
Thanks!,0
If you are willing to give then I will too!,1
They do not waste any time and they get right to the world's problems.,1
I would like to donate $0.,1
Agreed.,1
That\'s good to hear that it\'s not all about filling some people\'s pockets.,1
Thank you so much.,0
Thank you. You too,0
to help save children that are less fortunate then most children.,1
I do United World wide or Food for the poor,1
"Very well, thank you.",0
.60 still sounds good to me.,1
"I am well, thank you",0
Thank you.,0
Thanks again.,0
"Thank you so much for your donation, every bit helps :)",0
Thank you.,0
No problem thank you for telling me about this wonderful charity!,0
"Thank you again, and have a great day.",0
Thanks for doing your part!,0
No problem.,1
"Also, thank you.",0
"I'd like more information, yes.",1
Thanks.,0
That great and thanks for your generousity!,0
Thank you!,0
thank you very much,0
There are no facts that prove that to be true.,1
thank you.,0
"How has ""Save the Children"" helped to aid in health, education and safety of the Syrian children?",1
I am writing to ask you to donate 10 dollars to save the children.,1
That sounds like a very nice cause.,1
"Thank you, have a great day!",0
Would you like to donate a portion of the earnings from this task to Save the Children?,1
spend lots of money on beer,1
thank you.,0
Thank you very much for your generous increase in the donation amount.,0
What is Save the Children about?,1
"awesome, thank you so much",0
And Save the Children is a great charity.,1
"I'm doing great, thanks.",0
thank you very much,0
You can choose any amount from 0 to all of you payment,1
Any donation will help.,1
How's it going?,1
how long was the charity been run,1
thank you for donating,0
Hey!,1
I'm doing great.,1
"Thanks for your dollar, the research team will collect all donations and send it to Save the Children.",0
"So many poor kids around the world don't have food, clothing, shelter.",1
Thank you for all the information,0
Hi!,1
"I'm doing great, thanks.",0
Thank you so much.,0
Thank you for your contribution!,0
Hello,1
People like you make the world better.,1
Thank you and have a great day,0
"awesome, thank you so much",0
I am so glad you are willing to donate.,1
Thank you.,0
Thank you!,0
it's going good so far this morning for me.,1
Thanks again!,0
"Thank you, I will do it for sure, have a nice day",0
Thank you for agreeing to make a donation.,0
"Ok, your donation to Save the Children is greatly appreciated!",1
Thank you,0
Thanks.,0
yes it would be a one time donation that will be taken from the payment from the task.,1
On behalf of this hit i wat to talk to you about a charity,1
"It is so unfair that any person in any country can go hungry,",1
Have you every tried donation through HITs?,1
I cannot thank you enough for that.,0
Thank you for letting me know.,0
I am impressed they are so responsive.,1
Thank you so much.,0
"yes, I think I have told about my donation and now waiting for the conversation to end.  Thanks.",0
You will also feel good about what you have done.,1
"Thank you, you too!",0
You would be doing a great service and the charity will be so thankful.,0
I was wondering the same thing.,1
"I know it is hard to trust people now a days, but think of it this way.",1
I am glad to help.,1
I'll look into the website and likely donate $5.,1
I think charities would recieve a lot more if the country would go after the 1% to help,1
"Yes, for sure.",1
"Sure, I will match your $0.50.",1
Thank you for telling me about this organization.,0
This really is a trustworthy organization and they do work for the children.,1
Thank you!,0
I'm glad that I can help others in need since I've been blessed a bit to help others.,1
Can I count you in for a donation?,1
Thank you so much.,0
"They also make it really easy to donate, and every little bit helps.",1
good thanks.What about you?,0
Ok-thanks-I will be waiting to hear from them,0
I'd be interested in donating to your cause,1
Exactly.,1
"Great, thank you very much",0
Ok-thanks-I will be waiting to hear from them,0
Thank you so much.,0
Thank you.,0
that sounds expensive,1
You are a part of the solution and you do not have to hope it is helpful.,1
oh ok thats fine,1
Have you ever heard of Save the Children?,1
Thank you so much.,0
yes they are..,1
"Thanks, that is awesome",0
"awesome, thank you so much",0
Thanks.,0
Thank you so much as every little counts and I appreciate your donation,0
I'd be willing to donate $1 to Save the Children.,1
Thank you for your recognition.,0
Thank you for your donation.,0
Thank you.,0
Thanks for talking me thru this today!,0
Thank you for your generous donation.,0
"Fine, thank you.",0
"Perfect, I will donate one cent as well to match you.",1
it is a trustable fund!,1
I see  thank you for your information.,0
Thank you for donating your time to the cause.,0
I suppose that is true.,1
Hey there how's it going?,1
These children die from hunger daily.,1
Or should we lock in your half payment?,1
How much can I count on you for?,1
You're making this take far too long!.,1
Thank you.,0
"Thank you so much, same to you!",0
can I confirm that you would also like to donate 5% of yours?,1
Thank you for taking the time to help assist the charity and I hope that you have a wonderful day!,0
"Sorry, typo!!",1
Are you hoping that the money goes to a certain cause like food or clothes?,1
Hello how are you today?,1
Me too.,1
It is very sweet.,1
"Very well, thank you.",0
Thank you for the donation,0
"You can find more information at their website,  URL",1
"Welcome, thanks for talking",0
"There are some wealthy people that are great philanthropists, but I think more people like you and I are needed to make even small donations.",1
"You can offer even the smalles amount from today's pay, like $0.05.",1
Thank you.,0
Thank you for all that you are doing.,0
"I'm doing swell, thanks for asking!",0
"Oh, thanks for the website, I am sure that it has a lot of information that I could use to learn more about it.",0
"I'm great, thank you for asking!",0
Thank you very much forthat info you have been very helpful!,0
That would be the most convenient thing for me.,1
It is very difficult to see on the news what is happening in Syria and the violence and terrorism that is going on in the country,1
I agree with you.,1
How much do you like to donate to the charity now?,1
"I started back in college, when an extra few dollars a month was a lot to give, and now that I've moved on in my career and life I'm thankful I'm able to give more.",0
i don' known it detailly,1
No thank you.,0
sure i will check this link.,1
That great and thanks for your generousity!,0
Thanks!,0
It is a great choice.,1
your payment today is .30 cnets.,1
yes.i am sure you can do more.there might be things you can cut from your budget,1
thank you very much,0
Thank you!,0
Could you pleas give examples of the large companies?,1
thank you so much!,0
This is a fine organization.,1
"Sure, what amount is a smaller pledge?",1
thank you.,0
"you would help me , thank you for your conversation",0
Thank you so much!,0
Thanks for telling me about it.,0
It is the least we can do.,1
"I am fine thanks, It's not been a long time I am on MTurk, but It is interesting how they are working on donating, Are you interested in donating?",0
I would like to donate 10 cents from this task to Save the Children please.,1
On the website there is a link to donate: https://support. URL ite/Donation2?df_id=1620&1620.donation=form1,1
"Save the Children is an international non-governmental organization that promotes children's rights, provides relief and helps support children in developing countries.",1
I would like to ask if you would like to help by donating what you make from this task to the organization which will be a great help...,1
How does that make you feel?,1
Hi! How are you doing today?,1
Thank you for helping...save the children.,0
You can also make a .50 cent donation through me from your compensation of this hit.,1
"If I have a chance to donate when I'm a bit more financially stable, I will donate more.",1
"I would be interested in doing do, however I must tell you I am generally very skeptical about charity orginizations in general.",1
Thank you again.,0
You are welcome and thank you for bringing my attention to such a well deserved charity!,0
"The photo would be nice, it would let me know and connect with someone I am helping.",1
Tell me more about this charity before I make a decision.,1
Can you please explain more about it?,1
"All right, thank you for your time.",0
"i really dont have a real opinion , but the world is dirty and everybody cheat.",1
Thank you again for your willingness to help with this wonderful organization!,0
"Great thanks, Im here to talk about the childrens charity.",0
I agree.,1
not as much as they should.,1
What is the charity?,1
thank you for putting time on effort on this.,0
I am doing well thank you.,0
"I am well, thank you",0
That makes sense.,1
Ok-thanks-I will be waiting to hear from them,0
"I am fine, thank you, Have you ever heard about the organization ""Save the Children""?",0
"Yes, they helped 32 million children in Africa in 2016.",1
Thank for answering my questions.,0
Yes exactly right.,1
thank you so much!,0
"Through our education, protection and emergency programs, we reached 638,000 kids in 2016 alone.",1
Thank you so much!,0
Kuddos to them!,1
No thank you.,0
how does the operation afford staff?,1
Thank you very much.,0
I'm not sure!,1
"Fine, thank you.",0
Do you donate at all?,1
Do you represent them?,1
Thank you.,0
The children from around the world will surely be thankful as well.,0
"Finally, I am also a fan of animal charities.",1
"Just to confirm, I'm donating 80% of my task amount.",1
"You have a lot of knowledge, thanks for sharing.",0
HOw much will you want to donate today?,1
I am really hoping you would consider donating to Riley Children's hospital.,1
"I know right, It is a big thing to do.",1
"Thank you for your time, and for the opportunity.",0
Right on so I will give $0.15  :),1
What are your thoughts?,1
I couldn't agree more  and the research team will help send the moeny to save the children for us on how much we decide to donate,1
Do you plan on donating too?,1
Have an awesome day and thank you again!,0
A small part maybe.,1
did they collect a lot of money for the children's?,1
John Cena is amazing.,1
yes sounds great.,1
Where did you get that information and who specifically is the money going to?,1
That was a hectic but really fun time for me and my kids.,1
Thank you.,0
"Thanks, especially Syria children affect more so I really worried about his future.",0
Thank you very much for you help!,0
"You have a lot of knowledge, thanks for sharing.",0
How did Save the Children help?,1
I'm not sure that I have.,1
Thank you very much!,0
Falls on morning timeslot and venue details will be shared shortly after we cosolidated the donators,1
Thank you!,0
Thanks!,0
I have seen a lot of people do the same.,1
who do they help,1
I cannot thank you enough for that.,0
"Awesome, I'll head over there right now and support it thank you.",0
"Yes, and then most are willing to provide proof that they actually donated money, so that is good.",1
I have to thank you again for your $1 donation.,0
good thanks.What about you?,0
No thank you as there is no guarantee to this. I'd rather donate locally,0
hello i am fine thank you,0
Thank you on behalf of these kids.,0
Do you know that charity's mission?,1
"No, I do not waste any money, Right now school is about to start and she has no school supplys or anything new for school.",1
please spread the good thoughts about children's charity...,1
Thank you very much forthat info you have been very helpful!,0
Thank you!,0
In 2017 they sent health experts to the Malawi to resuscitate and care for babies with low birth weight.,1
how are you?,1
Absolutely.,1
How long has this charity been around?,1
"Thank you for your time, and for the opportunity.",0
"Ok, well thank you for your time and telling me about this wonderful organization.",0
"I don't want to donate a dollar, but would consider donating something less.",1
"Through the help of sponsorships and donations, they're working to help children...",1
Have you been to the site?,1
No thank you,0
Have you ever thought about who the most vulnerable people are when a natural disaster strikes?,1
Thank you so much.,0
Ok thank you,0
"Thank you, have a great day!",0
Thank you once again for your donation and feel free to spread the word about the charity to others!,0
"There is too much suffering, too many children growing up in poverty and trauma.",1
"And thank you, I'm sure this week will be relaxing for me as well.",0
Thanks for the 5 cents.,0
Thank you for the donation,0
Thank you!,0
No thank you as there is no guarantee to this. I'd rather donate locally,0
"Yes, Thank you for time and attention, and thanks for helping.",0
"The children will thank you, do you think you can do a little more?",0
Thank you so Mich for your donation!,0
Thanks for your time too.,0
I'm doing alright.,1
The research team will collect all donations and send it to Save the Children.,1
absolutely thank you so much!!,0
Col.,1
"The research team will collect all donations and send it to Save the Children.""",1
Thank you.,0
Only in name.,1
No I havent.,1
"Yes, but I like to see where my money is going to help.",1
Thanks for your quick responses btw.,0
Rock on!,1
What's your feelings about giving to children's charities?,1
Thank you too.,0
"It was pretty good, hot weather but still nice and yours?",1
You can choose any amount from $0 to all your payment,1
Yeah - That would be great.,1
Thank you for the compliment and your generous donation !,0
"But, I do not work and I seldom donate due to the needs of our family.",1
"Thank you so much, same to you!",0
Crazy.,1
OK thanks.,0
Very well thanks.,0
Thanks.,0
This is for a good cause.,1
well if you want you can donate but it says it will be deducted out of your task payment,1
which I thought was pretty eye-opening.,1
"I usually donate a good part of my bonus in different studies, but I specially have a soft heart for children.",1
It sounds familiar.,1
Yes it does and thank you for the donation,0
"I want to tell you today about one of my favorite charities, Save the Children",1
My charity of choice is Save The Children.,1
Thanks for that.,0
"Thanks, that is awesome",0
I agree.,1
I definitely agree,1
Or do you also volunteer your time?,1
a penny couldn't hurt could it?,1
Great!,1
Thanks for doing your part!,0
"Not exactly, but I'm sure it's thousands",1
That's actually quite reasonable!,1
Would you be interested in donating some of your earnings today to Save the Children?,1
Thank you so much.,0
"On the Save the Children Website, there\'s a ""Donate Now!"" button, as well as large swaths of information regarding their activity, that is, how they use the money!",1
Thank you for being so informative and helpful!,0
Thanks for helping me help children.,0
I am sure they do.,1
What is the womens name that founded it?,1
I dont see why I wouldn't,1
"Thank you, I will do it for sure, have a nice day",0
Have a great day and thanks for the chat!,0
Thanks to you too.,0
Thanks again.,0
"OF course, it will be great for all around, my daughter to see that she should do things like this out of kindness and for the children , thank you",0
Thank you very much for your generous donation!,0
There is no better feeling than helping another person.,1
That's one reason I really like this one.,1
"Thank you for linking the website, I will check it out right now.",0
On behalf of Save the children i would like to say thank you for your donation and have a great day!,0
I saw a disheartening bstory on the news about some children that were injured due to that very violence.,1
"Again, it was a pleasure meeting you and many many thanks for your kind generosity in the form of a donation.",0
Does this organization spend the majority of their donations on the cause or are the higher ups lining their pockets?,1
"Recently, we will have been involved in the US-Mexico border crisis involved with separating children from their parents at the border.",1
You too and Thanks again!!,0
Always.,1
"ok cool, weve got a few more, any other charities",1
This is great.,1
"They do whatever it takes to save children, transforming their lives and the future we all share.",1
You can choose any amount from $0 to all your payment,1
"I would like to read some more information, probably on their website, then donate from there.",1
Thank you for your donation.,0
That is a great cause.,1
It is a great relief that there are people like you who still cares.,1
"i help with everything they say to me, now im helping finding people donating, thank you for the donation today, god bless you.",0
"Thank you, it will help out children in need.",0
I strongly believe in it and its values on helping children.,1
"Fine, thank you.",0
"Thank you ""PERSON_1""",0
So why do they deserve my money as opposed to other charities like St Judes or the Red Cross>,1
"Okay, if you don",1
"5%, that wonderful.",1
Thank you for letting me know.,0
We went out with family to eat and are just taking it easy and yourself?,1
Thank you for your time and effort.,0
You can donate as little as you want.,1
Thank you for being so informative and helpful!,0
I see  thank you for your information.,0
"No, thank you!",0
"Oh wow, so I could just go ahead and do like $25 million?",1
"Awesome, I'll head over there right now and support it thank you.",0
Goodbye.,1
I'm really passionate about children's rights no matter what background they are from.,1
I am doing well thank you.,0
thank you.,0
Thank you.,0
Yes I would be willing to donate $1,1
Thank you for your generosity!,0
"Oh, thanks for the website, I am sure that it has a lot of information that I could use to learn more about it.",0
Thank you for taking the time to introduce me to this charity!,0
Perfect thank you for the information.Is there a website where I can check it out and donate?,0
sure thanks again,0
"Ok, thank you.",0
Thank you again!,0
Thank you!,0
That is very interesting.,1
Thank you for your kindness.,0
Clothing?,1
Thank you very much.,0
Sure.,1
What are you primary motivations for making the donations?,1
Thank you again!,0
"I will look in to donating my time locally, thank you!",0
I do it once a year,1
It's a great organization and doesn't cost much to help a child in need.,1
Why are you talking about this charity instead of the others?,1
Thanks.,0
"Thanks, that is awesome",0
More about the charity?,1
good thanks.What about you?,0
I have never been to the site.,1
yes i have,1
They claim to provide relief and support to kids in developing countries.,1
"I'm doing well, thanks!",0
Thank you.,0
Thank you so much.,0
maybe there are children who may die without this money,1
The children from around the world will surely be thankful as well.,0
Have a great evening!,1
"I am fine, thanks!",0
Thank you so much.,0
"Thanks, I don't consider myself that great, but any little difference i can make makes me feel good about myself",0
Thank you so much! What are you hoping your donation will help with?,0
Thank you for your contribution!,0
Thank you!,0
I am doing well thank you and same here,0
"I'm well, thanks",0
"You know what, you've encouraged me.",1
Thank you so much for your time and donation.,0
What is in it for you if I donate?,1
I'm doing very well thank you!,0
So do I have your commitment to donating some today at the end of the HIT?,1
You're very welcome.,1
Ok-thanks-I will be waiting to hear from them,0
thanks.,0
"Great, thank you very much",0
You are a scallywag ninny!,1
Have you ever heard of it?,1
OK thanks.,0
"It is a charity that helps ensure children's rights to healthcare, education, safety, etc. all over the world",1
Thank you for your time and effort.,0
Thank you,0
I'm afraid I don't know anything about Save the Children.,1
I agree with that 100%.,1
There are children in war zones and under developed countries just begging for help.,1
I am well thank you and you?,0
I would like to personally thank you for that.,0
yes they will,1
Have you heard of it?,1
I think it is the least I could do.,1
ok thank alot,0
Any way I can help a defenseless child I will.,1
You could look at their website URL to get more information.,1
save the children is a good choice.,1
I'll check out that website later.,1
"thank you for the information, I think I am ready to donate",0
Is that correct?,1
yes do you donate money for this kids,1
Thank you very much.,0
You sound like a really kind person.,1
Thanks!,0
"Now I know I said any amount, but given the great cause this is, can you spare any more today?",1
Have you heard about Save the Children?,1
Thank you so much for your contribution.,0
Thanks.,0
I hope you do as well!,1
Have a wonderful day.,1
Hope you have a great day!,1
It is nice to know that!,1
Thanks for your time too.,0
I am fine thank.,0
yes I confirm .50,1
"I'm excited to tell you about it! it is an international non-governmental organization that promotes children's rights, provides relief and helps support children in developing countries.",1
Thank you too.,0
"thank you for the information, I think I am ready to donate",0
Thank you so much for your generosity.,0
"Ok, I thank you very much for your consideration!",0
"The children will thank you, do you think you can do a little more?",0
thank you again for the 5 cents donation.,0
"I am fine thanks, It's not been a long time I am on MTurk, but It is interesting how they are working on donating, Are you interested in donating?",0
oh ok. i love children's very much.,1
"Save the Children helps to ensure children's rights to health, education, and safety. Is this something that you care about?",1
URL Please make consciousness of this issue.,1
"Thank you, you too",0
Alright thank you for contributing to Save the Children.,0
"Thank you, it will help out children in need.",0
Thank you so much.,0
How much would you like to donate?,1
"See, Cassidy, no single one of us can fix all the problems in this world.",1
All I ask is that you donate a portion of your task payment to this charity to help the children.,1
I haven't heard of this one?,1
No problem thank you,0
Thank you so much.,0
"$1 will help a lot, but $2 would really help them reach kids around the world.",1
I'm doing very well thank you!,0
Thank you.,0
thank you for your support,0
How about you?,1
thank you.,0
"The children will thank you, do you think you can do a little more?",0
Thank you!,0
Have a great day!,1
I actually a  monthly donor,1
I am good thank you.,0
I think you are a wonderful person.,1
They do lots of TV adverts.,1
Thank you again.,0
Children are one of the worlds most important assets.,1
do you know save the children charity ?,1
"No, thank you!",0
"Ok, I thank you very much for your consideration!",0
"I have always believed that everyone can make a difference, but what was I doing?",1
Yes I also like to donate to the children without parents and relatives.,1
"I am fine, thank you, Have you ever heard about the organization ""Save the Children""?",0
Thanks you too,0
I cannot thank you enough for that.,0
thanks.,0
I like the idea that they are worldwide.,1
Thank you for your generosity!,0
Thank you very much!,0
I believe they have gotten better the last few years!,1
"Learn about the places we work, the challenges children face and the results we achieve, thanks to supporters like me and you.",0
Thank you.,0
Thank you and have a wonderful day,0
"Ok, I thank you very much for your consideration!",0
Thanks for having an open mind and doing what's right.,0
That's great! Thank you very much for your donation!,0
Thank you for your time.,0
Thank you so much for your contribution.,0
Its called Save The Children.,1
"However, this organization has been effective in helping others and all donations are matched.",1
How are you,1
I am not sure the exact details but more about their website is  URL,1
"No i do not have any kids, but I have a soft heart for kids.",1
Thanks for your attention and help.,0
It an agency that helps children in underdeveloped and developing countries.,1
Thank you very much!,0
Thank you for participating!,0
"Yes, I would love some information.",1
"I started back in college, when an extra few dollars a month was a lot to give, and now that I've moved on in my career and life I'm thankful I'm able to give more.",0
I guess there are more people than we know who grew up with no worries.,1
Do you have children?,1
Are any fund going to help the the children in Hawaii after the volcano and hurricane?,1
Would you like to donate as well?,1
And I thank you,0
Ok thank you,0
I am pretty sure they do.,1
Thank you for the compliment and your generous donation !,0
therefore we should do our best to make that happen,1
I am going to Kenya in December and I may try to see if there is anywhere there that I can donate some money.,1
"Wow, that's very generous.",1
Thank you so much for that,0
Thank you for your donation!,0
"Ok, thank you so much for your help.",0
would you like to know more about this wonderful fund?,1
The founder of save the children heard about the family and learned of Bruces story .,1
I also send him little care packages every so often.,1
Pretty convenient.,1
Save the Children is a great organization that looks out for the well being of children in need.,1
They're a great charity I support.,1
Have you ever donated to them?,1
"I also must clarify with you about your donation, if you so choose too.",1
"NO, WE CAN PUT 100% TO THE CHILDREN USE ONLY, SO YOU CAN TRUST OUR ORGANIZATION.",1
"That's awesome, what other countries does it support besides Syria?",1
hello i am fine thank you,0
Thank you for your time and effort.,0
Thank you!,0
I just copied and pasted what they said.,1
What are they about?,1
"Great, thank you!",0
We are here to talk about a childrens charity.,1
"That really isn't an answer to the previous question, though",1
What would you consider an acceptable contribution?,1
Alright thank you for contributing to Save the Children.,0
Thank you for being so giving.,0
hmm..interesting i will consider that..how would i contact them,1
Hi!,1
"yes, I think I have told about my donation and now waiting for the conversation to end.  Thanks.",0
Thank you for your donation!,0
Thank you again!,0
Thank you for chatting with me.,0
we are about making a donation to a fund named save the children,1
Thanks for your help and have a good Turk day :D,0
I can do that,1
"We deliver lasting results for millions of children, including those hardest to reach.",1
Thank you again!,0
OK thanks.,0
"Since I am a nursing student and paying for tuition out of pocket, my donation amount may not be too great but I would like to donate something.",1
"That is wonderful, whenever there are charity events or donations being taken.",1
Thank you once again for your donation and feel free to spread the word about the charity to others!,0
I DO,1
We are actually involved in that as well and helping to reunite the kids with their families.,1
I took a look at the website.,1
"Yes you can write them letters and they can write you back, thanks!",0
Thank you.,0
It makes me angry to know of so many children in danger in the world.,1
It hurts my heart.,1
people who have king heart must join as a member or sponsor a child i too refer some friends in m y circle,1
I'm doing well thank you,0
"And thank you, I'm sure this week will be relaxing for me as well.",0
What type of agreement are they talking about?,1
Would like to receive a thank you from Save the Children?,0
"As I mentioned previously, for ensuring children's rights to health, education, safety, etc.",1
I'm in the United States.,1
Wow!,1
Thank you very much for your generous donation!,0
You are very welcome and thank you for being so generous!,0
Oh i see.,1
Thanks for the information.,0
Thank you for agreeing to make a donation.,0
Thank you for your donation.,0
It sounds like a meaningful charity.,1
"We are a top rated charity, and have been around for nearly 100 years!",1
I'm so glad we can partner to provide some more light to this ever darkening world.,1
"I'm doing well, thank you!",0
Any little bit helps.,1
Thank you so much.,0
I may give a few cents,1
You are very welcome and thank you for being so generous!,0
that would be great.,1
I'm getting ready to spend the day volunteering for my favorite charity!,1
I'm doing very well thank you!,0
Some people donate 100$ and some only donate $1.00.,1
Thank you very much.,0
Thanks again.,0
Thank you!,0
"I will look in to donating my time locally, thank you!",0
"Okay, that sounds great!  Thanks!",0
Thank you so much.,0
Thank you!,0
"No, I didn't know but thank you for telling me!",0
"Thank you very much, have a nice day.",0
Thanks again for chatting with me.,0
thank you.,0
"Given your love for children and your work, would you be willing to donate a small amount to Save the Children?",1
Have you ever considered donating to them?,1
Do you happen to be a parent?,1
thank you.,0
"If half the people in the world just donated 10 cents to such charities, then we would raise a LOT of money.",1
How much do you like to donate to the charity now?,1
I wish I could give more.,1
I do what I can to give back.,1
wow! thanks on behalf of the organization! that is generous!,0
"Thanks i will, i think thats 10 too",0
The research team will collect all donations and send it to Save the Children.,1
I sponsor 3 children.,1
So i'd really like to thank you for your interest and time.,0
You are welcome.,1
Thanks!,0
"I'm doing well, thank you!",0
"right, well i feel horrible only saying $0 but i will say $0.00 because i want to go the website with my daughter and look it over and then donate there so she can be part of it",1
It is a one time thing.,1
You can help care for them medically and ensure they have the education needed to succeed in life.,1
ok I support that,1
How many years has Save The Children been doing charity work?,1
You're welcome!,1
"Yes you can write them letters and they can write you back, thanks!",0
Thanks.,0
no i havent,1
"When it isn't available, I think it's important to provide for them if we can.",1
"Okay thank you, the charity really appreciates your donation today and thanks you, how much would you like to do?",0
As of right now i honestly would but i dont have the funds for it if their are other ways im albe to get others to donate as well and help out in any way possible i will be more then willing to do so..,1
Thanks very much for your time.,0
Wonderful!,1
Thank you for taking the time to introduce me to this charity!,0
"Across the United States, more than 14 million children, or 1 in 5, grow up in poverty.",1
"Thank you very much, you have no idea how much this helps.",0
"Thanks, especially Syria children affect more so I really worried about his future.",0
you are welcome,1
How much would you like to donate now?,1
Absolutely.,1
Thank you.,0
What areas of the world do they cover?,1
one cent then i can,1
Thank you for the lovely chat and educational information.,0
"Thank you, that is wonderful and you will help a tremendous amount!",0
Thanks for telling me about it.,0
You are welcome and thank you for bringing my attention to such a well deserved charity!,0
Thank  you,0
You can choose anywhere from .01 to the full amount.,1
I went on and looked around.,1
"Thanks for the info, guess I am skeptical.",0
"Yes you can write them letters and they can write you back, thanks!",0
"No I didn't, but I now donate to them.",1
I might reconsider donating then.,1
Im fine thank you.,0
Thank you.,0
Thanks.,0
good thanks.,0
On behalf of Save the children i would like to say thank you for your donation and have a great day!,0
Thank you for your donation.,0
"And thank you, I'm sure this week will be relaxing for me as well.",0
Have you heard of the group named Save the Children?,1
Every little bit helps.,1
"Sure, I'm happy to donate half the payment for the HIT",1
Thanks again.,0
Donate to Save the Children.,1
I am fine thank.,0
Thank you very much forthat info you have been very helpful!,0
"Thank you, you too!",0
Thanks!,0
Can you contribute?,1
"Is there like, an average donation or something?",1
"Enjoy they walk, I hope it isn't too hot like here.",1
"yes of course, are you willing to donate such money?",1
I was thinking that there are children all around the world that are in need and one charity in particular called Save the Children,1
Have an awesome day and thank you again!,0
I also like to save the children.,1
Save the Children organization is a blessing to the world.,1
"I'm doing well, thank you!",0
"Okay, thank you.",0
Thanks to you too.,0
Clear financial reports are a very good thing.,1
Well nice talking to you so I am going to Donate 70% and you will do the 30% .,1
I am fine thank.,0
i am donating .30 cents for your organization.,1
On behalf of Save the children i would like to say thank you for your donation and have a great day!,0
I am trying to understand how it is decided what child in need gets the help.,1
No I was blessed when I was a kid and I was allowed to be one,1
"I am, Save the Children is a wonderful, greatly needed charity.",1
"No, I have not hear that",1
Yes it does and thank you for the donation,0
They are a blessing to humanity,1
Thank you!,0
OK thanks.,0
Thank you for taking the time to introduce me to this charity!,0
Perfect thank you for the information.Is there a website where I can check it out and donate?,0
It was great chatting with you.,1
"Hello, how are you?",1
"Hello, I would like to talk to you about making a donation to Save the Children",1
I live with my parents and I just bought a car last week which caused me an overdraft which I won't be caught up on until this coming Friday.,1
I know it is crazy.,1
interesting.,1
And thanks for asking me too.,0
i will donate more than $100,1
"it is sad, i agree with you",1
I agree.,1
Thanks for sharing.,0
Ditto for their problems with the energy company in 2013.,1
Thank you.,0
"It can help a lot of kids - from the hungry in the US, to the children literally being killed in war zones.",1
Thank you for your donation!,0
"0, 'hi..I;m mike",1
"Thank you ""PERSON_1""",0
To talk about suffering people and children for a minute?,1
Thank you again for your willingness to help with this wonderful organization!,0
Thank you very much.,0
What exactly do they do?,1
Thanks for your attention and help.,0
I love it when celebrities bring attention to causes.,1
I agree.,1
Thank you for chatting with me.,0
"I don't think you have to donate by the rules of the chat, but when you think about it, it's often the first, smallest donation that can be the hardest and the most rewarding.",1
What type of cause are you in?,1
What country receives the most aid?,1
Is this donation a one-time thing?,1
"Thank you, you too.",0
"I don't want you to donate any more than you want, so if you want to donate how much do you to do?",1
"It's a shame, but I want her to know her rights so that she is never taken advantage of by someone in a higher position of power.",1
It was great talking to you and meeting someone who has a big heart like me :),1
"they are good too, but this one I prefer",1
"thanks, same to you.",0
"The children will thank you, do you think you can do a little more?",0
Thanks!,0
Wow they really have a far reach.,1
"cool, you just have to agree to give some amount of your bonus, you can give how much you want.",1
"Thanks for your dollar, the research team will collect all donations and send it to Save the Children.",0
Thank you!,0
"Yes they are very trustworthy, and they have been around for a long time",1
How are you?,1
How is the weather for you?,1
Are they a non profit organization?,1
"Millions of children die each year due to poor health and so having a nutrition program, ensure's that children will grow up healthy.",1
"Well, thank you for wishing me well.",0
Hello.,1
Would like to receive a thank you from Save the Children?,0
Thank you and I do not want to be rude but I am straight talking person,0
Thank you. You too,0
I see  thank you for your information.,0
thanks,0
What service does this charity provide?,1
Very much so.,1
"Thank you so much, same to you!",0
I'm sorry,1
"If you pledge to contribute the reward from this task, that will feed a starving child for a full day!",1
Do you do a lot of charity work.,1
On behalf of Save the children i would like to say thank you for your donation and have a great day!,0
Good thanks!,0
yes I have two a boy and a girl.,1
"If it's not too much to ask, I would like you to consider donating perhaps more.",1
thank you for your approach.,0
Sounds great. Is there are reason that you have chosen to raise money for Save the Children?,1
"Thanks, that is awesome",0
It's good to be able to help someone else out and have it be easy and painless.,1
I see  thank you for your information.,0
I saw a children die once,1
how much of the money is put to work?,1
OK thanks.,0
You can choose any amount from $0 to all your payment.,1
Thank you for being so informative and helpful!,0
Those kids are growing up in tents and being bombed every day.,1
"It's an organization that raises money for children all over the world in need, such as children from war torn countries like syria",1
Thank you!,0
"Yes, thank you.",0
Its all good bud.,1
I'm aware of how to donate and how easy it is.,1
Thank you for your time,0
That's encouraging.,1
I want to thank you again for bringing awareness to this important charity.,0
This is true but alot of charities don't represent the individuals they portray to help.,1
How are you?,1
Thank you so much.,0
do you donate often?,1
What is my payment?,1
You too and Thanks again!!,0
Thank you so much.,0
"Thank you, you too sir.",0
"Thank you, I would like to make a 50 dollar donation but first.",0
Have you ever heard of the organization Save the Children?,1
"yes, I think I have told about my donation and now waiting for the conversation to end.  Thanks.",0
"Thank you so much for your donation, every bit helps :)",0
Thanks again for donating.,0
All of the money they collect goes straight to helping children in war torn parts of the world and places that have suffered natural disasters.,1
Thank you.,0
Are you aware of the large amount of children in developing countries that could use assitance?,1
Does this money provide help for the kids in their own country or is it used to bring these children over to the United States?,1
"So if you would like to help locally, can you commit to doing that?",1
ok great i have one for you also.,1
I don't understand what you mean,1
Are you sure you don't want to reconsider?,1
Wow!,1
Same here.,1
i asked in the previous chat what is the procedure to donate?,1
For more info:  URL s/what-we-do/where-we-work,1
"That's wonderful, thank you so much!",0
actually i am not donating like this.. if i would like to donate money i will give food and clothes to the kids directly,1
I'm good thank you!,0
Do your family or friends donate to such causes?,1
The research team will collect all donations and send it to Save the Children.,1
"That being said, would you still like to donate $1 to the Save the Children charity, starting to make a difference in a childs life?",1
Oh!,1
going out to eat is always a fun way to spend time together.,1
I'm very sorry I can't donate more tonight.,1
Ok thank you,0
And thank you.,0
How much do you like to donate to the charity?,1
That's wonderful!,1
and that the rain holds out.,1
"I'm well, thanks",0
thats good children deserve it,1
Ok done.,1
I hope you have a nice day!,1
As long as there are good people like you in the world I am sure we will be able to raise enough,1
Any amount of money can help.,1
Children hold the future of the world.,1
Ok thank you,0
Thank you!,0
It is so sad.,1
"Your a great person and thanks again, have a nice day.",0
I am doing well thank you and same here,0
"Also, when a child is sick, they sometimes don't have the funds for proper healthcare, so unfortunately they die.",1
"Thank you, that is wonderful and you will help a tremendous amount!",0
Have you ever been to the Save the Children website?  URL,1
Thank you.,0
And we hope our numbers reflect that amount of love and effort that goes toward what we do.,1
nope 1 is cool,1
Right.,1
You can choose to donate some or even all of your task payment for this hit directly to Save the Children.,1
"Thank you so much,  you have no idea how much this will help the children in need!",0
"We deliver lasting results for millions of children, including those hardest to reach.",1
Yes most definitely i totally agree with you!,1
"very good today, just turking",1
This donation directly goes to children's charity called Save the Children and thanks you so much for this help.,0
Ok-thanks-I will be waiting to hear from them,0
Thank you for your donation.,0
Thank you on behalf of these kids.,0
I don't think i've heard of that.,1
thanks will do the same,0
Would 60% of the task payment be enough?,1
Thank you so much.,0
Thanks for sharing.,0
thank you very much,0
How does it make you feel?,1
"On behalf of Save The Children, THANK YOU!",0
I know.,1
I am doing well thank you.,0
"At the end of this chat, we'll both have an opportunity to donate a portion of our task payment to Save the Children.",1
"On my side I don't have information about the task, only that we are trying to come up with a donation agreement.",1
I know I have.,1
Thank  you,0
Nothing is just given to us soooo I am not going to give away something that I work for unless I want to do so.,1
Thank you for your time.,0
"Yes, But I donated about 0.20 cents.",1
Thank you so much for your contribution.,0
Sure I would,1
Thats very kind of you.,1
I don't,1
Thank you.,0
Me too.,1
Thank you so much! What are you hoping your donation will help with?,0
Thanks for having an open mind and doing what's right.,0
"Save the Children supports many important childhood related causes, like helping to provide education and nutrition support to disadvantaged children.",1
Do you have any friends or coworkers you might be willing to donate as well?,1
Thanks for the information.,0
No thank you,0
Where does the other 10 cents go then?...and I guess it's a good thing I decided to give them that dollar then =),1
I just read they are going to be helping victims of the Hurricane in Hawaii.,1
no I have not...what is it about?,1
Thank for answering my questions.,0
"I wish I could give more, but I am broke",1
"Sure, as long as you can help me out as well... you see, I have a child that is overseas, in a warzone.",1
THey help children who are less fortunate,1
Good luck to you!,1
"Yes, $1 - thank you",0
I donate money to save the children,1
Thank you!,0
"That is great to hear, however.",1
"thank you,I just want to help this world and especially the children within it and save the children is doing that job",0
Thank you very much for you help!,0
"It was nice talking, thanks for all you do.",0
hi.,1
"Very well, thank you.",0
Thank you and I do not want to be rude but I am straight talking person,0
Thank you for your donation and for supporting children in need.,0
Thank you.,0
"their charity will take any amount of payment, if you are interested",1
Thought this was hypothetical.,1
sounds good thanks,0
"Thank you, you too.",0
"Save the Children is and how their donation is essential to help ensuring children's rights to health, education, safety, etc.",1
Thank you so much.,0
"Yes, they need all the help they can get there after the missiles and chemical attacks",1
Thank you so much for your contribution.,0
I understand financial strain I my self have been struggling.,1
I understand.,1
Sounds good to me lol,1
Thank you so much for your generosity.,0
"Thank you for linking the website, I will check it out right now.",0
"No, but I see the work being done everyday in my community..",1
Changing children's lives now.,1
Thank you again for donating $10 to Save the Children.,0
It's hard to ensure the money goes to the actual children tho,1
"Thank you too, have a good night!",0
thank you very much,0
No thank you.,0
"I am not a member, but i donate.",1
"For instance, millions of Syrian children have grown up facing the daily threat of violence.",1
"If you are a US citizen, Save the Children also has US initatives including emergency funds, advocacy programs, and education, among others",1
I am fine thank.,0
Thanks for sharing.,0
I do hope I can help and that my small donation does some good for a child.,1
"No, thank you!",0
"Cool, Thanks for your donation of $0.15 The research team will collect all donations and send it to Save the Children.",0
Are you going to donate anything at this time?,1
OK thanks.,0
Have you heard of them?,1
"That is fantastic, thank you!",0
Yea?,1
sounds good thanks,0
Thanks!,0
Thank you for your generosity!,0
So you dont actually know how they use the koney?,1
Not that I know of. T,1
Thank you so much.,0
I already did for some websites.,1
thank you.,0
Thanks again for donating.,0
Save the Children is able to give away nearly everything they gather.,1
Thank you so much for your generosity.,0
Ok-thanks-I will be waiting to hear from them,0
Have you donated to a similar charity?,1
Thank you and have a great day,0
"Thank you, I will do it for sure, have a nice day",0
"Awesome, thank you!",0
Thank you for introducing me to another great charity that is trying to do good work.,0
"Welcome, thanks for talking",0
Thank you!,0
I mean did you go talk to the families of the kids in your neighboorhood how you know they are not helping there???,1
THanks to Save the children.,0
That serves a purpose too!,1
Thank you!,0
Thanks.,0
"I think lack of funds is always a moot point, because there's never enough",1
"All right, thank you for your time.",0
"Hey, I am fine!!",1
They have a lot of credibility and are typically viewed as a great organization.,1
tell to family and friends is a first step,1
"Yes, Well I thank you again for your donation and I wish you a very happy rest of your day!",0
thank u sir,0
I feel like sometimes people don't understand how even just a few dollars can make a difference in people's lives.,1
No thank you as there is no guarantee to this. I'd rather donate locally,0
"choosing anywhere between $0 and all of your payment, how much would you like to donate?",1
"I think I have once before, in a grocery store I believe",1
I do funds when first i saw one poor children looking for his food and he did not received after that i am thinking why i can help to other poor peoples and i willed to donate some funds to some poor peoples and charities,1
Sure I will donate 20 cents.,1
Thank you for asking.,0
"In places like the middle east or southern Asia, even the smallest donation can go a long way.",1
"Not only are they ravaged by the volcano, now a hurricane.",1
You could also mention their rating from the BBB.,1
No it is Save the Children,1
Thank you.,0
Thank you for chatting with me.,0
And thank you.,0
Thank you for agreeing to make a donation.,0
Thank you very much for your generous increase in the donation amount.,0
Thank you for your help!,0
Thanks for your time and effort.,0
That is very kind of you to spread the word about this charity.,1
"Thank you again, and I hope you have a wonderful day!!!",0
I wish they can help even more countries,1
I believe everyone can join to help.,1
Would you like to set up a one time donation for $30 or would you prefer to do it monthly? We can accept all major credit cards and Paypal for your convenience.,1
No thank you for the work that you do,0
They fundraise and advocate for children suffering from disasters or war or poverty.,1
How do I make sure my money is being used for that purpose?,1
thanks again,0
"Oh, yes.",1
Thank you also.,0
This is an important cause though.,1
I am so happy to hear that.,1
"Ok, thank you so much for your help.",0
Sure let's do it.,1
"With save the children, money is most important, since they can use it to get all of the necessary needs for children met.",1
Thanks for that.,0
I understand that but how much does the charity keep in order to keep the charity running,1
It is a good charity and any little bit will help,1
"I will look in to donating my time locally, thank you!",0
Any amount I believe is good.,1
Thank you once again for your donation and feel free to spread the word about the charity to others!,0
Thank you,0
"Hey, not feeling really good today, stomach ache :(",1
How do you feel?,1
Have an awesome day and thank you again!,0
Thanks for your time too.,0
"Well, thank you for wishing me well.",0
Do you know how much of the donations actually make it to children and how much is used for administrative costs?,1
I will save the ones you mentioned and will definitely search about them.,1
That doesnt sound very good,1
"Great, and can i bring family members to the donation event?",1
Isn't it wonderful!,1
I remember reading about some questionable charities following hurricanes in Haiti and Puerto Rico.,1
"Thank you so much,  you have no idea how much this will help the children in need!",0
Yes!,1
That's great! Thank you very much for your donation!,0
Thanks!,0
"Yes, I am thinking of donating to a childrens charity and I can now consider Save The Children.",1
They are a fantastic charity.,1
And giving a donation is an ethical choice.,1
Thanks!,0
Thank you.,0
Thank you very much forthat info you have been very helpful!,0
That is awesome!,1
Great!,1
It is a charity that helps hungry children in need.,1
"Okay, I would definitely donate to them!",1
Thank you for telling me about this charity,0
of course i could do so from my paypal,1
Thank you for your donation.,0
Thanks!,0
hello i am fine thank you,0
Thank  you!,0
"Okay, thank you.",0
"Great, thank you!",0
Thanks!,0
Thanks again for supporting such a great cause! :),0
"I'm doing well, thanks!",0
Would you like to know more about the charity first?,1
Thank you!,0
I am not sure if you are aware but the research team for this task will collect any donations we make from the payment of the task  and send it to Save the Children,1
Thank you.,0
"Aww, that would be so considerate of them!",1
would be happy to donate.,1
"I'm doing swell, thanks for asking!",0
Thanks for having an open mind and doing what's right.,0
Thank you so much!,0
Thank you again for the donation.,0
But am upset about something I just learned,1
"Hello, how are you today?",1
Thank you for donating your time to the cause.,0
I have to make it more than 3 words,1
"As I recall, for save the children, they were given a bad reputation back in the '90s due to their excessive spending on administration costs vs. program expenditures.",1
How are you?,1
Thank you for telling me about this charity,0
I would hate to think a child would die with no food when I could ask people to help.,1
Thank you so much for your donation!,0
"Like I said, it goes to Save the Children and any amount helps.",1
How about I match you on what you decide you can afford to donate.,1
Thanks for your quick responses btw.,0
Thank you,0
I am fine thank.,0
Thanks again for chatting with me.,0
I figured they just tried to help children in under developed countries.,1
thank you very much,0
You do make a point.,1
That's wonderful!,1
"Whatever you choose to do or the amount you want to give, I feel like you've changed my mind about charity, not the other way around, so I want to thank you for that.",0
I wish I could help all the children in the world.,1
Thank you so much for that,0
Thank you again!,0
You are a good person my friend,1
"Any amount over 0$ can be donated, even as little as a few cents and everything helps!",1
Where does it mainly operate?,1
"I absolutely have, most recently to support children who were separated from their parents entering the country.",1
Thank you.,0
Thanks for the info I will check it out,0
I hope I can still participate in the chats without donating.,1
I also want to assure you that Save the Children Makes huge impact on childrens lives internationally.,1
thank you so much for this.,0
Thank you for your recognition.,0
I hope you have a great day as well!,1
Thank you.,0
I wanted to help and want to help with a donation,1
Thank you for the information you provided.,0
"You can choose any amount, from nothing to your full compensation.",1
Thank you!,0
"There are big groups working with them, like IKEA and Walt Disney Studios.",1
Thank you so much!,0
Thanks.,0
Thanks for doing your part!,0
Thanks.,0
I am doing well thank you.,0
Thank you so much for your generosity.,0
"Especially childrens charities, children are so innocent and deserve the best chance at life.",1
I have only been to Mexico and that was an eye opener.,1
"For example, myself being from Albuquerque New Mexico, the number of homeless children and teenagers is heartbreaking. And what about you?",1
"which year was this, was it previously?",1
hello how are you,1
Thank you for your time and information!,0
You would be doing a great service and the charity will be so thankful.,0
62% is amazing.,1
It's difficult to know nowadays if your money is actually going to the children.,1
Good thanks.,0
Thank you.,0
"Awesome, you'll be happy you did :)",1
I'm not sure how much I'd be willing to donate.,1
I have a very rudimentary understanding.,1
"Ok, thank you.",0
Thank you!,0
I see  thank you for your information.,0
"Hello, hope your great today.",1
In what ways do they help children?,1
Thank you and have a great day,0
okay done.. thanks,0
"Very well, thank you.",0
Im fine thank you.,0
"Thank you so much,  you have no idea how much this will help the children in need!",0
I am a single mother and fiances are pretty tight at the moment.,1
Thank you so much!,0
Unfortunately I don't have much money right now to help.,1
Thank you for taking the time to help assist the charity and I hope that you have a wonderful day!,0
Thank you very much.,0
Thanks for having an open mind and doing what's right.,0
how much are you willing to donate today?,1
But private donations certainly help.,1
Thank you so much for that,0
Thank you so much! What are you hoping your donation will help with?,0
that is very sad.,1
How exactly does the money help the cause?,1
so now what,1
"Thank you so much, same to you!",0
I felt safe and secure in my home.,1
The researchers are looking for people to donate part of their payment for this study to this charity.,1
Hey!,1
thank you sir.,0
But I believe that exceeds what you will receive for this task.,1
I donate to many local charities in my city.,1
Thanks for sharing.,0
"I am fine, thank you, Have you ever heard about the organization ""Save the Children""?",0
Thank you for your generous donation.,0
"Save the Children is an international non-governmental organization that promotes children's rights, provides relief and helps support children in developing countries.",1
"Sadly, this task will only let you donate the whole 2 dollars.",1
Thanks!,0
"I am well, thank you!",0
"I am doing good, thanks for asking.",0
"North Carolina, I've been to Florida once, it's nice.",1
I can do the .30 I will be making from this task.,1
How do you feel about donating to a children's charity?,1
thank you again for the 5 cents donation.,0
Okay.,1
Do you have questions?,1
Thank you so much for your generosity.,0
"Hi, I am doing well.",1
"no, i've never heard about it",1
Yes it is.,1
"Thanks, have you ben to their site yet?  URL",0
I know if my child was in need I would hope people like us would make a donation - no matter how small.,1
This is where your donation would help make a difference for these children.,1
I still haven't decided for sure though.,1
"yes, fifteen cents",1
The research team will collect all donations and send it to Save the Children.,1
How are you?,1
"Right, it will probably have to be 80% of my task payment then.",1
Thanks again!,0
"Sure, let's do it.",1
In my personal life I do pay attention to all the details and the reviews of charities.,1
How about you?,1
I want to donate at least 50 dollar maximum would be 200 dollar.,1
Thank you so much.,0
Thanks!,0
"I know, it is a really great organization.",1
"Thank you so much, same to you!",0
"Thanks for the donation, do you know how to submit this task?",0
"Yes they can, thanks again",0
A productive activity to fill your free time with.,1
thank you.,0
"It was nice talking, thanks for all you do.",0
How much money do you waste on candy or cookies every year?,1
"Thank you, I'm sure the children will appreciate it.",0
Or is it just save the children?,1
Do you know where they have offices?,1
"Thanks, warmest regards from Alabama",0
Glad to hear it.,1
"Thanks for the donation, do you know how to submit this task?",0
Thank you for your time,0
ok.,1
"Sounds good, thank you!",0
thank u sir,0
"hi,it was another day",1
What part of the world will it go to?,1
Thank you!,0
"Thank you, have a great day!",0
"Thanks, you too.",0
there are so many wars and so many natural disasters,1
Thank you.,0
and what country or countries are these children located in,1
"I haven't, is that a charity?",1
I am from USA.,1
That's very kind of you.,1
"Id like to make a donation, how do I do that",1
Are you planning to donate?,1
Thanks for your time too.,0
Thank you!,0
"On behalf of Save The Children, THANK YOU!",0
I am fine thank.,0
"That sounds good, thank you for being charitable.",0
"So I wanted to explain a little about the Save the Children foundation, and why donating is important..",1
"These kids families were murdered and they live in rubble that used to be their home, nobody to care for them and they only eat what they can find off the street from the dead.",1
It would be really helpful if you donated to Save the Children fund!,1
No problem thank you for telling me about this wonderful charity!,0
Thank you for letting me know.,0
Alright thank you for contributing to Save the Children.,0
"It is going alright, thanks",0
The full amount would be 30 cents.,1
Thank you!,0
Thank you for your donation!,0
Thank you for chatting with me.,0
How much do you want to donate?,1
I have!,1
"no this one time is good, thanks",0
"I  work in an office setting as well, I guess we are to talk about childrens charity's.",1
"Thanks for the donation, do you know how to submit this task?",0
We are lucky to have help if needed they have no one to turn to.,1
I see  thank you for your information.,0
It's been great chatting with you and I hope you enjoy your weekend.,1
You can slo sign up & stay connected on our website with your email and phone number.,1
I'm going to give $1 as well :),1
"Yes, Well I thank you again for your donation and I wish you a very happy rest of your day!",0
Thank you for your help!,0
wow how awsome it will really make a difference and i'm so happy we can both help to make a difference (double high five ),1
Oh that's great and makes me feel better!,1
Thank you for agreeing to make a donation.,0
But I think most can donate a dollar,1
thanks.,0
I was just looking through the morning mail.,1
Thank you very much forthat info you have been very helpful!,0
Thank you for chatting with me.,0
Thank you very much for your $10 donation to Save the Children.,0
Thank you.,0
where do you came from?,1
no problem.,1
Thank you for donating your time to the cause.,0
$0.25 is a good amount,1
"Yes, $1 - thank you",0
What if I match your donation?,1
"I'm doing fine, thank you.",0
Cool thank you.,0
You are welcome and thank you for bringing my attention to such a well deserved charity!,0
"I am fine thanks, It's not been a long time I am on MTurk, but It is interesting how they are working on donating, Are you interested in donating?",0
"No, I didn't know but thank you for telling me!",0
"I'm well, thanks",0
"Thank you, but no.",0
"I'm very well, thank you.",0
You are very welcome and thank you for being so generous!,0
"They help children make sure they have access to health resources, education, and safe environments.",1
Thank you for your time and effort.,0
What else can you tell me about the charity?,1
Staff are volunteers.,1
For the past 3 or 4 years,1
Thank you so much for that,0
"yes, sometimes with non profits",1
yeah i know how donation works.,1
"Great thanks, Im here to talk about the childrens charity.",0
Thank you For being able to be so kind hearted as well hope u have a great day and keep a smile on your face ;),0
You are more than welcome.,1
Hi...,1
You can go to their website if you want more info... URL,1
"Thank you, I'm sure the children will appreciate it.",0
Thank you again for donating $10 to Save the Children.,0
Thank you again!,0
"they either have parties, or they travel to those countries.",1
No thank you,0
I think it's 10 exchanges,1
no problem thank you for donation 0.60 to save the children,0
do they help lots of kids,1
This donation directly goes to children's charity called Save the Children and thanks you so much for this help.,0
Thanks for helping me help children.,0
"I hate to be so prejudicial, but I care about the kids around me more than ones I cannot see!",1
Do you have any kids?,1
"Hello, how are you today?",1
"Yes I am, thank you for asking.",0
Thank you for your kindness.,0
Thank you very much for your generous increase in the donation amount.,0
its an NGO that helps children around the world.,1
Thank you very much forthat info you have been very helpful!,0
"Yes, I have.",1
"From what I have learned, by donating $500, another organization will match the donation with a minimum $500 donation.",1
It has been a pleasure chatting with you and donating your task pay to this fine cause should get you some good Karma for the remainder of your day!!,1
"YES SURE,",1
Thank for answering my questions.,0
I would if I had at least $200 in my bank account.,1
Yes.,1
thanks again,0
"Hmm, hope you don't ever need help one day...",1
How much do you like to donate to the charity now?,1
Thank you for your time.,0
wow! thanks on behalf of the organization! that is generous!,0
"Thank you very much, you have no idea how much this helps.",0
Thank you so much!,0
i am interesting,1
"It's not that we don't all have our own struggles, but it's just on a completely different level.",1
"Fine, thank you.",0
One dollar is so valuable to them.,1
thank you for your approach.,0
Thank you for taking the time to help assist the charity and I hope that you have a wonderful day!,0
"Thank you, that is wonderful and you will help a tremendous amount!",0
"Well I hope you have a wonderful day and on behalf of the charity and the children it is going to, thanks for your help.",0
Thank you for your contribution!,0
Thanks again!,0
That is awesome.,1
thank you again for agreeing to donate a portion to save the children.,0
The research team will collect all donations and send it directly to Save the Children.,1
oh see I think I get it now your just selfish and dont care about kids is that about right?,1
How much do you like to donate to the charity now?,1
thanks again,0
"ah, I see, that's very heartbreaking to here.",1
That's good because hurricanes have devastating effects.,1
"Yes, Definitely i will donate this year",1
Thank you very much for you help!,0
Save the Children is an amazing organization.,1
Thanks to you too.,0
Those kids suffer quite a lot and dont really have anyone to help them.,1
Good morning.,1
thank you again for the 5 cents donation.,0
Thank you!,0
Thank for answering my questions.,0
Thanks so much.,0
Thank you for your recognition.,0
Do you know if they are a trustworthy organization?,1
Hi have your head of save the childrens?,1
They have been providing great services for kids for over 10 years,1
The weather is totally hit or miss.,1
thank you again for agreeing to donate a portion to save the children.,0
You have a great soul.,1
I would like to see part of my purchase will be donated,1
What sorts of things do they do to ensure those things?,1
"I worry that my money won't actually go to the children, that it'll just be paying for someone's job at the charity.",1
Thank you.,0
Thank you for taking the time to introduce me to this charity!,0
I like to donate money and time to charities that help children so I also want to thank you for educating me on this charity!,0
Even just a small donation helps.,1
How do people donate to the charity?,1
"They are ranked very highly with groups that rate charities such as Forbes, BBB and other charity rating groups.",1
"Good, thanks!",0
"I'm doing well, thanks!",0
yes is true im so sad for helping this children,1
I know Syria is a mess recently,1
I would like to tell you about the organization Save the Children.,1
I'd love to hear more.,1
You would like to donate a dollar a day?,1
Thanks.,0
Thank you very much forthat info you have been very helpful!,0
"That's right, thanks for showing me the page, I will help many children, today I want to sponsor 3",0
They work 100% on donated funds.,1
SO one last time how much exactly would you like to donate to the charity now?,1
Thank you so much.,0
"Ok, sounds great!",1
Okay I am interested but I wouldn't want to donate my entire task payment.,1
Do you have personal experience?,1
I need to think about it.,1
No thank you.,0
I prefer to know that the donation I am making big or small is actually going to be going to a trustable fund.,1
I think you can still make a difference.,1
No thank you for the work that you do,0
I encourage you to donate as much as you can,1
Helping children in countries that are very war torn or in some form of conflict is what we help in.,1
thank you.,0
yes i am.,1
Have you ever donated?,1
Save The Children is transparent,1
Thank you so Mich for your donation!,0
"And specifically, where does that money go towards?",1
"Yes you can write them letters and they can write you back, thanks!",0
Thank you.,0
at the moment i would have to say 0 because i don't know to much about the charity...sorry,1
I was thinking I'd give $1.50 or something,1
Thank you for your generosity!,0
You would be doing a great service and the charity will be so thankful.,0
And thank you.,0
Thanks.,0
"Yes, $1 - thank you",0
Great it will be taken straight from the payment,1
I do believe I would like to donate some money to the Save the Children charity.,1
Thank you so much.,0
Will you donate the same amount back to me?,1
Thank you for asking.,0
Thank you so much :),0
Which charity would that be?,1
"Yes, I am. :)",1
Thanks you too,0
"Great, thank you very much",0
You are welcome and thank you for bringing my attention to such a well deserved charity!,0
"yes, I think I have told about my donation and now waiting for the conversation to end.  Thanks.",0
Please confirm the amount you would like to donate out of the money you are making from this task.,1
Are you a top rated charity?,1
"Fair enough, but not everyone has the means to give",1
"Yes you can write them letters and they can write you back, thanks!",0
"Awesome, I'll head over there right now and support it thank you.",0
"I'm afraid for me, their reputation is still bad.",1
Im fine thank you.,0
thank you so much for offering your help for childrens' donation,0
"thank you for the information, I think I am ready to donate",0
"I'm kinda broke at the moment, though.",1
"Tell me more about ""Save the children.""",1
Oh my goodness I meant to say trustworthy.,1
That sounds pretty good.,1
Can you tell me more?,1
I'm good!,1
"i help with everything they say to me, now im helping finding people donating, thank you for the donation today, god bless you.",0
yes very good idea,1
He's doing much better now though!,1
Thank you so much :),0
Thank you,0
"Save the Children is a worldwide charity that give children access to healthcare, safety, and advocacy thanks to donations like yours.",0
Cool thank you.,0
Thank you for your donation!,0
Sounds fantastic.,1
"I'm well, thanks",0
"Oh wow, shocking news.",1
"That's wonderful, thank you so much!",0
No thank you.,0
I do believe you have to go to  URL,1
I am doing well thank you.,0
Thank you for agreeing to make a donation.,0
I think I need to actually start donating.,1
How are things for you now?,1
"I think about the little face I saw and since it was so long ago, I wonder if each and every one is okay -- still alive.",1
"Welcome, thanks for talking",0
No problem thank you,0
My family has been involved with charities due to our business.,1
No thank you for the work that you do,0
"Oh, thanks for the website, I am sure that it has a lot of information that I could use to learn more about it.",0
"We can help by making a donation which is essential to help ensuring children's rights to health, education, safety, etc.",1
Thank you.,0
I've just been reading about a charity called Save the Children.,1
"Well, STC has already pledged to help the kids in Hawaii.",1
Fantastic!,1
Thank you for participating!,0
What you are doing is really good.,1
That is amazing!,1
"Donation to this organisation is essential to help ensuring children's rights to health, education, safety, etc.",1
I've been in a similar boat recently.,1
hopefully many more people help out so that they can get food and medicine,1
"As long as my donation gets to the children, I will donate to the charity",1
"Yes you can write them letters and they can write you back, thanks!",0
The children from around the world will surely be thankful as well.,0
"Well I hope you have a wonderful day and on behalf of the charity and the children it is going to, thanks for your help.",0
Oh that's great.,1
"Ok, I thank you very much for your consideration!",0
I do have a web-site to to give you if to if you like to see if it was the same one you looked at.,1
What do we need to work out and what would this donation be for?,1
did you donate any amount to children's charity?,1
"Did you know over 1,000 children were killed in Syria in just the first 2 months of 2018.",1
St Jude's is another great organisation.,1
Thank you very much for your generous increase in the donation amount.,0
"I thank you very much, with what you know about save the children",0
I do what I can in my own community and the town comes together this time of year to make sure each child has school supplies.,1
Donate some money maybe?,1
Thank you.,0
thank you.,0
I would like to personally thank you for your donation today!,0
"Hi, can I interest you in making a donation to Save the Children?",1
How are you?,1
Is the donation tax deductible?,1
I am well thank you and you?,0
Nope.,1
yes I can.,1
Thank you very much!,0
How are you?,1
"No, I didn't know that they are helping children near to us.",1
Great and you,1
Thank you for introducing me to another great charity that is trying to do good work.,0
would donating one penny help,1
"Again, no thank you",0
I hate to push but is there any chance you could give just $0.25?,1
Thank you.,0
sure thanks again,0
Thank you for your recognition.,0
the ones that help children specifically,1
Thanks very much for your time.,0
You can just type the amount here you'd like to donate and it will be recorded for them to see.,1
So I gave been assigned the role here to get you to make a donation to the Save The Children Foundation.,1
That's good to know that they're reputable.,1
I'm doing very well thank you!,0
It really helps you shift your perspective about your own personal significance on this planet.,1
Thank you!,0
Thank you!,0
"Its almost like you want to see paper work proof, I told you where your donation goes either you want to donate or not?",1
They sometimes don't put the money that is donated into the right projects.,1
The information is coming from the person who provided this hit.,1
Thanks so much.,0
Great! Thanks so much and I'm just so happy to be able to donate,0
Thank you for participating!,0
"It was nice talking, thanks for all you do.",0
You are very right.,1
Would you like to donate money to this charity?,1
This makes me angry and was wondering if it did the same for you?,1
"Well, it was nice to meet you and thank you for agreeing to donate today!",0
I like that they provide educational support for the children.,1
Thank you for your donation!,0
Thanks for talking me thru this today!,0
"Whatever you choose to do or the amount you want to give, I feel like you've changed my mind about charity, not the other way around, so I want to thank you for that.",0
"As you know, unfortunately, everyone wasn't born into the same opportunities.",1
"you would help me , thank you for your conversation",0
Thank you so much! What are you hoping your donation will help with?,0
I would like to donate $2 then.  Thank you!,0
Doing ok here.,1
"Thanks, warmest regards from Alabama",0
That would be fine.,1
And how do you make sure some local warlord doesn't get in the way of the charity?,1
Thank you for the information you provided.,0
"Actually, their own website may be a biased barometer of their giving.",1
I have to respectfully question the necessity -- don't my taxes already go towards billions of dollars of foreign aid?,1
Thank you and have a wonderful day,0
Thank you for the donation,0
That's great!,1
Thank you very much.,0
"I think  it's important to support initiatives to help children get a good education, and have the things they need to go to school and learn.",1
I couldn't agree more.,1
I already read few of their reports on their website.,1
Do I have a choice of how much to donate?,1
Tell me as much as you can about the organization.,1
Is there any other information you can share with me that I shuld know about?,1
thanks so much!,0
"That is fantastic, thank you!",0
"Ok, thank you.",0
Thanks How much do you typically give to charity in a year?,0
Thank you for the donation,0
Are you interested in donating?,1
"Okay, thank you.",0
I wouldb but I don't have any money right now.,1
"yes, I think I have told about my donation and now waiting for the conversation to end.  Thanks.",0
Thank you very much.,0
Thank you once again for your donation and feel free to spread the word about the charity to others!,0
You can choose any amount from $0 to all your payment.,1
"YES, I KNOW THE BEST CHARITY , THAT NAME IS SAVE THE CHILDREN, DO YOU KNOW THE CHARITY.",1
I am so excited that you agree!,1
I would be okay with donating $0.10 from the task payment towards the charity.,1
Thank you and God Bless!,0
Thank you for your time and effort.,0
And it could seriously help several children in countries that don't have it.,1
U.S. How about you?,1
0k Here is a .25,1
This is so exciting to us.,1
Thank you so much for your kindness and have a great day.,0
"Ok, thank you for your time!!!",0
"This conversation actually, but any charity that helps children is alright in my book",1
"Sorry, no.",1
Thank you for your time.,0
"It is going alright, thanks",0
Are you interested in making a donation to Save the Children?,1
We have many children who starve and die of hunger.,1
Yes it does.,1
what is the donation for?,1
"Well, thank you for wishing me well.",0
Thank you so much as every little counts and I appreciate your donation,0
"awesome, thank you so much",0
I am thinking about it.,1
Thank you!,0
"I'm very well, thank you.",0
Thank you once again for your donation and feel free to spread the word about the charity to others!,0
"In the first two months of 2018 alone, 1,000 children were reportedly killed or injured in intensifying violence.",1
I am well today thank you.,0
Thank you.,0
Thank you for your time,0
"In this particular format, we can only accept money.",1
Thank you for helping...save the children.,0
"ok thank you sounds good,",0
I am wondering if you regularly give to charity?,1
Thank you for your donation!,0
"Thank you very much, have a nice day.",0
"That's great, it sounds like it's an issue you really care about then, why not put some of that effort into a charity that's doing really great work like Save the Children?",1
Where does the other percentage of donations go?,1
No thanks.,0
No thank you,0
That great and thanks for your generousity!,0
"Yes, I do",1
Everything is completly real and on the up and up.,1
"I am fine, thank you, Have you ever heard about the organization ""Save the Children""?",0
Thank you so much for that,0
I plan on giving my payment for this exercise to Save the Children based on my research.,1
No thank you for the work that you do,0
It feels great,1
Wow thank you!,0
It's a great NGO that is really making a difference in developing countries.,1
between 5 - 100,1
That's true.,1
You can donate any amount you like.,1
Well the have a great cause.,1
"True, especially if you take part in donating.",1
Do you have access to their overhead and admin costs breakdown vs. what they actually spend on programs?,1
There are thousands that need help,1
Thank you so much.,0
"You can do that locally for certain, but time is money, and right now just a dollar would go a long way in saving lives.",1
Wow!,1
You as well. Thank you for the chat :),0
Im fine thank you.,0
I figured!,1
Will we also be helping children soliders?,1
Thanks for being aware of that particular nuance.,0
A donation could help these children greatly.,1
I am so glas!,1
Save the children have been fight child hunger and disease for many years We have made a big inpact in these children's lives over the many years.,1
Now you're just messing with me intentionally.,1
Just got back from the gym,1
"How do they define ""Program services"", and do they have independent verification of those findings?",1
Thank you very much.,0
Wow thank you!,0
We would like you to help.,1
5.00 a week would feed one family for a week.,1
Thanks for doing your part!,0
Would like to receive a thank you from Save the Children?,0
I would love to travel there one day.,1
Wow thank you!,0
I'm doing well. Thanks.,0
What do you like about them?,1
Thank you again!,0
Helping kids in impoverished nation is a really noble thing to do.,1
Thanks so much.,0
Would you be interested in donating to Save the Children?,1
Ha ha.,1
Thank you so much.,0
Thank you very much.,0
"No, I haven't heard of Save the Children.",1
i'm happy with that.,1
"That's wonderful, thank you so much!",0
You're welcome!,1
"Thank you very much, you have no idea how much this helps.",0
Thank you for your time,0
Thank you very much for your generous increase in the donation amount.,0
"they feed the children where is a child in difficulties , they now are helpin Hawaii with the hurricane",1
Think about the unnecessary money that you spend on small things everyday like a snack or bag of candy.,1
Thank you for your kindness.,0
Thanks so much.,0
"I can't give you too many details, but trust me, donating the entire 2 would GREATLY benefit you.",1
Thanks!,0
Even it's 5 dollars,1
I will donate 0,1
No thank you.,0
And thank you.,0
"Just enjoying the sunny day and trying to help out a charity I am working on, Save the Children.",1
"I'm great, thanks.",0
Thank you :),0
Thank you so much for donating!,0
My mother and father both have a PhD so their jobs made possible for us to be able to cover all that and so much more,1
They provide whatever is needed.,1
How many children do they serve each year and how much of a donation are you talking about?,1
Thank you very much for you help!,0
I don't eat candy.,1
myself and Save the Children thank you for your time,0
Thank you!,0
Thank you so much!,0
Okay.,1
Thanks for the oppertunity.,0
"I am fine, thanks!",0
Thank you so much for that,0
"Thank you so much, same to you!",0
That's awful.,1
I was just reading about an organization called Save the Children.,1
Thank you for your donation!,0
Thank you for helping...save the children.,0
Thank you!,0
Thank you for your donation!,0
"It's a good thing, indeed.",1
thank you again for agreeing to donate a portion to save the children.,0
That would be fine with me.,1
I think any amount you give (especially more) will definitely help and I want you to know that it would be deducted from you task payment.,1
"Thanks, especially Syria children affect more so I really worried about his future.",0
It will everything helps,1
I hope those kids get the money they need.,1
How much do you think that I should give?,1
Thank you so much :),0
You are welcome and thank you for bringing my attention to such a well deserved charity!,0
Whether you give a little or a lot.,1
"Thank you ""PERSON_1""",0
Same as at every point in history.,1
"I would love to help them a little bit (as per my ability), it will also helpful for those children to have a better life than the others.",1
Hi!,1
I am good thank you.,0
Thank you for donating your time to the cause.,0
"Thank you, you too",0
"Thank you ""PERSON_1""",0
"You make a very good point, sir, but what if everyone felt that way!",1
"I agree on that most of the time, but this organization does wonderful things for these children.",1
Your donation will be directly deducted from your task payment.,1
"Thank you very much, have a nice day.",0
The life of a child is always worth saving.,1
I think money that goes to kids is a super important cause.,1
Because I like children,1
"In the first two months of 2018 alone 1,000 children were reportedly killed or injured in intensifying violence",1
Thank you so much.,0
"Well, we at Save the Children would like to thank you for your donation and let you know that thanks to donors like you, children around the world are thankful",0
What is my payment for this task?,1
i might donate as well,1
"I am well, thank you.",0
It sounds familiar but I'm not sure.,1
"you would help me , thank you for your conversation",0
Thank you so much! What are you hoping your donation will help with?,0
Thanks for making me aware of this charity!,0
Thank you very much.,0
"Thanks i will, i think thats 10 too",0
Not everyone has it so it's good that you appreciate it,1
"Thank you, it will help out children in need.",0
Definitely a charity that I could stand behind and support.,1
These organizations only ask for a small amount that we may spend on coffee each day or snacks we don't need.,1
Ah ok very nice.,1
Originally founded immediately after World War I when so many children were orphaned and/or homeless.,1
Do you make donations?,1
"CT, and 9 out 10 of the money goes to the children which is great unlike other charties",1
The majority of all donations collected goes directly toward the mission of helping children in developing counties.,1
"Unfortunately, I have to take care of my kids, too, and can't afford to help more.",1
Save the children.,1
Thanks for your quick responses btw.,0
Would you like to know more?,1
Thank you.,0
I already work full-time to make ends meet.,1
Thank you so much.,0
"Fine, thank you.",0
thank you for your approach.,0
I feel many people take that for granted.,1
good thanks.What about you?,0
How are you today?,1
Most definitely does  and hope it will make someone else feel 10 times just as great,1
Thank you so much :),0
"What if your children were in a position these kids are in, wouldn't you want someone to help them?",1
I simply want you to know what a great thing you are doing by donating and that your donation of 0.60 is going to help so many.,1
The research team collects all the donations people elect to give and send them to save the children to help support the work that they do globally.,1
They have provided the tents.,1
"Yes, Well I thank you again for your donation and I wish you a very happy rest of your day!",0
thank you for donating,0
yes of course,1
"no this one time is good, thanks",0
"Your a great person and thanks again, have a nice day.",0
"maybe say ""I will donate .10 of my .30 payment.""",1
No thank you.,0
absolutely thank you so much!!,0
What kind of aid do they give?,1
thank you.,0
No thank you.,0
Thank you again.,0
Thanks so much.,0
Have a great day and thanks for the chat!,0
"Thanks, that is awesome",0
Hi.,1
Thank you.,0
What is your opinion about children's charity?,1
Thank  you!,0
Yes it does and thank you for the donation,0
Thank you so much.,0
I would like to personally thank you for that.,0
Thank you for telling me about this charity,0
No thank you,0
A dollar?,1
I would love to.,1
Thank you for supporting the children of the world.,0
"I am well, thank you.",0
Any little bit helps.,1
Hi,1
thank you!,0
yah?,1
"ITS A VERY GOOD CHARITY, I SO MANY TIMES DONATE THEM THE MONEY ARE ANY THINGS DIRECTLY GO THE CHILDREN ONLY.",1
"Hmm, I can do maybe 100.",1
Thank you.,0
You will as well for all the hard work you're putting towards this magnificent charity.,1
"I worry about those kids too, so I understand.",1
"Thank you, that is wonderful and you will help a tremendous amount!",0
Thanks again for chatting with me.,0
"It is going alright, thanks",0
Thanks for your quick responses btw.,0
Sad but true.,1
Thanks!,0
"Their goal is to promotes children's rights, provides relief and helps support children in developing countries.",1
Thank you so much for donating!,0
"Again, it was a pleasure meeting you and many many thanks for your kind generosity in the form of a donation.",0
Thank you very much.,0
i'm glad to help,1
Millions of syrian children have grown up facing daily threats of violence this will be a step towards saving children world wide!,1
Then would you be willing to donate all of the money you make on this hit to the organization?,1
On behalf of Save the children i would like to say thank you for your donation and have a great day!,0
Not today but I'll definitely save the website for the future.,1
Thank you for your recognition.,0
That's understandable.,1
I am doing really good.,1
"It's a shame what's going on, I hope the problem gets rectified soon.",1
Correct?,1
Thanks for making me aware of this charity!,0
"Great, thank you!",0
"Very well, thank you.",0
No thank you,0
Thank you!,0
"That's wonderful, thank you so much!",0
Like only 50% of your donation actually helps children.,1
thank you for this conversation,0
Thank you so much.,0
Hello!,1
It seems vaguely familiar but I never paid attention specifically.,1
"And we're not asking for a lot, just some or all of your incoming payment for your task.",1
hi how are you,1
to help some of the kids is the biggest satisfaction you took in life,1
Thank you.,0
"All right, thank you for your time.",0
Thank you!,0
I want to be assured that overhead costs are minimized.,1
"Thank you, have a great day!",0
You can choose any amount from $0 to all your payment.,1
Thank you so much.,0
"Thank you very much, have a nice day.",0
Thank you Glad I was able to help  this organization with my donation,0
Alright.,1
I would not be interested in a charity that only targets children.,1
OK that sounds reasonable.,1
This has caused further hardship on an already hardened country.,1
I'm doing very well thank you!,0
thanks!,0
Thanks!,0
"I am doing good, thanks for asking.",0
That's awesome!,1
Thank you so much.,0
"I am doing good, thanks for asking.",0
Hello there!,1
okey.,1
How much do you like to donate to the charity now?,1
"Thanks, that is awesome",0
"Ok, thank you.",0
Every bit helps?,1
Do you have any other questions?,1
I hear you.,1
I feel much better donating to places where I feel confident that the money  is going to where they say it will.,1
Every gift makes a world of difference for a child in need.,1
Thanks!,0
Thanks for your attention and help.,0
Thank you for your donation!,0
Have a nice day!,1
I usually put some money for this cause yearly,1
I cannot thank you enough for that.,0
It was quite the scandal and they became a watchword for bad charities.,1
Thank you for your donation.,0
Your donation will be directly deducted from your task payment.,1
wow! thanks on behalf of the organization! that is generous!,0
"Thanks, I don't consider myself that great, but any little difference i can make makes me feel good about myself",0
Thanks.,0
Thank you for your donation.,0
Ya...,1
I have not.,1
"you make me feel sad :( it hurts me to see the picture of the children, I want to donate everything",1
The children need your help.,1
Charity is very important.,1
Were you able to read a little about the charity Save the Children?,1
And I thank you,0
OK thanks.,0
"So, what social issue hits closest to home for you?",1
Thank you very much.,0
"I am fine, thank you, Have you ever heard about the organization ""Save the Children""?",0
Thank you so much for telling me about this.,0
Thank you very much.,0
"I usually like to help financially too, since I do not have many off days to join event.",1
thanks again,0
"I will look in to donating my time locally, thank you!",0
"Thank you so much,  you have no idea how much this will help the children in need!",0
How much do you agree to?,1
"Exactly, I feel the same way sometimes, but think if everyone in the US gave a nickel, that's over 16 million dollars",1
And did you know that only 5% of the money the charity raises goes administration (salaries for their employees) and stuff?,1
That makes sense and I do like the money to be spread to everyone.,1
Thank you.,0
"Thank you ""PERSON_1""",0
How much are you donating?,1
Sorry to hear about your financial troubles!,1
I'm doing well. Thanks.,0
That's great that they help people in the U.S. as well!,1
Would you like to donate to a Charity called Save the Children?,1
"Okay thank you, the charity really appreciates your donation today and thanks you, how much would you like to do?",0
"Ok, well thank you for your time and telling me about this wonderful organization.",0
It's awesome to see the smiles on their faces!,1
Greetings!,0
Thank you so much.,0
Thank you.,0
Thank you.,0
Thank you.,0
"Yes, I would :)",1
"ok thank you sounds good,",0
Very well thanks.,0
Thank you for taking the time to introduce me to this charity!,0
Thank you for your donation as i guarantee you donation goes towards to the children,0
Doing well myself.,1
Thank you very much!,0
I see  thank you for your information.,0
Thank you so much! What are you hoping your donation will help with?,0
Save the Children even breaks down where exactly your money goes on their website.,1
"No, I have not.",1
Lmao!,1
okay done.. thanks,0
How much of a donation are you looking for from me?,1
I did a 5k fun for save the children charity.,1
"Thank you very much, you have no idea how much this helps.",0
But if I die from starvation...its your fault <_<,1
Would like to receive a thank you from Save the Children?,0
"Thank you very much, have a nice day.",0
Specially in countries at war children are helpless.,1
"Thank you, I would like to make a 50 dollar donation but first.",0
good thanks.,0
"Thank you for donation, there will never be enough people like you in the world!",0
It will make a big difference to Save the Children.,1
"Save the Children, the organization i mentioned before has been helping out a lot in the region.",1
every parent and I and my family donate $ 100 for the children in need,1
Thank you for letting me know.,0
Thank you so much for your donation!,0
I hear you.,1
that's good to hear.,1
"Yes they can, thanks again",0
"Welcome, thanks for talking",0
You too and Thanks again!!,0
"I would not be willing to donate, because I have never seen any impact made by their organization.",1
I'm doing well thank you,0
Thank you.,0
No thank you,0
You can get further details from  URL,1
Thank you!,0
We should donate to them!,1
"Again, it was a pleasure meeting you and many many thanks for your kind generosity in the form of a donation.",0
Great! Thanks so much and I'm just so happy to be able to donate,0
no $5 to spend us,1
Thanks for helping me help children.,0
I was just thinking about all the kids going back to school and saw a story about places to drop off school supplies for kids in need,1
I might.,1
Thank you for your contribution!,0
Have a great day and thanks for the chat!,0
"I think we have to complete 10 turns, so here's to another one!",1
Are you still interested?,1
I used to manage a store and we often picked childrens charities to give to.,1
Thank you for taking the time to introduce me to this charity!,0
You're welcome.,1
HAve you herad abot Save the Children organization?,1
Excellent.,1
"Thank you again, and I hope you have a wonderful day!!!",0
"And thank you, I'm sure this week will be relaxing for me as well.",0
How much would you like to donate ?,1
We ensure children's unique needs are met and their voices are heard.,1
I am good.,1
Lol.  I'm not a bot......,1
I agree because as you have seen the commercials of the individual holding a little child asking for donations and all he is doing is getting to play with peoples emotions well with our organization we cut the cost of an actor and use that money to help the children,1
Thanks.,0
Good day...,1
"I'm doing great, thanks.",0
Thank you!!,0
okay done.. thanks,0
"Hi, how are you today?",1
Thank you for telling me about this organization.,0
Thank you.,0
"Cool, Thanks for your donation of $0.15 The research team will collect all donations and send it to Save the Children.",0
"Not too bad, all things considered",1
"Okay, thank you.",0
Thank you for supporting the children of the world.,0
Thank you so much :),0
Thank you.,0
"Yes they can, thanks again",0
That great and thanks for your generousity!,0
Thanks for having an open mind and doing what's right.,0
Thank you so much.,0
Thank you.,0
"The violence in Syria is one of the saddest things happening in the world today, as far as I know.",1
How much would you like to give?,1
"It is going alright, thanks",0
"Ok, I thank you very much for your consideration!",0
"Thank you, you too!",0
"The Save the Children Fund, commonly known as Save the Children, is an international non-governmental organisation that promotes children's rights, provides relief and helps support children in developing countries.",1
Ok thank you,0
thanks.,0
Thank you again!,0
yes it is a very positive organisation,1
Hello would you please donate to help save the children?,1
Each year hundreds of thousands of little ones are benefited.,1
Thank you so much for your time and donation.,0
Thanks for your time too.,0
i was just looking for a charity to donate to,1
I trust you.,1
"I used to donate here and there, but since I\'ve started working on MTurk, I donated few charities though HITs.",1
"Thank you for donation, there will never be enough people like you in the world!",0
Do you think that small of an amount would really help someone?,1
thank you very much,0
Thank you for chatting with me.,0
Thank you so much!,0
"But you have a full time job, food, shelter and I'm sure you have family and friends.",1
yes i give very much money,1
That's great! Thank you very much for your donation!,0
This organization helps children's rights and supports children living in developing countries,1
"Thank you, you too sir.",0
"yes i have heard of it, it is very good what they are doing.",1
It varies for different regions of the world.,1
"In the first two months of 2018 alone, 1,000 children were reportedly killed or injured in intensifying violence.",1
You as well. Thank you for the chat :),0
Thank you.,0
Thank you.,0
Thank you very much!,0
Are you donating to them?,1
"Thanks, you too.",0
Thanks for agreeing to donate!,0
Thank you so much as every little counts and I appreciate your donation,0
"No, there are other charities that do a much better job in my opinion that I already donate to, such as Compassion International and World Vision for international children's relief, and my local food shelter.",1
thank you.,0
Thank you for participating!,0
They're a world-famous trustworthy charity.,1
I haven't.,1
Sounds good.,1
I do..,1
Thank you for your kind donation.,0
Thanks for the information.,0
yes of course,1
"Hello, have you ever made a charitable donation?",1
Yes it does and thank you for the donation,0
"Thanks very much, nice speaking to you.",0
Thank you.,0
Most people (unlike me) seem to like children so those charities don't have any trouble.,1
"We talk a lot about children in other countries, but there's a lot of need for American children too.",1
Yes I do every year,1
They keep administrative costs low so that more funding goes to children's programs.,1
Children are the future and unfortunately too many of them don't get the quality of life that we take advantage of today.,1
"I usually donate to big organizations myself, and I have a soft heart for children",1
Thank you for chatting with me.,0
ARE YOU INTRESTED TO DONATE SOME FUNDS TO CHARITY TO SAVE SOME CHILDRENS,1
"Thanks i will, i think thats 10 too",0
a couple of cents or a couple of dollars might not make a difference in your life but it can make a huge impact on some child's life,1
Thank you!,0
"In the U.S. and around the world, they give children a healthy start in life, the opportunity to learn and protection from harm.",1
"No, I haven't.",1
"Thanks, warmest regards from Alabama",0
Thank you.,0
I'm planning on donating most of my earnings today.,1
Thanks again for chatting with me.,0
"you would help me , thank you for your conversation",0
"Besides donating and raising awareness, is there any other way I can help Save the Children?",1
I agree.,1
No its not.,1
I think that's fair,1
I can't donate now because my money is not here yet.,1
"Ok, thank you for your time!!!",0
Sorry Im getting off topic.,1
"A minimum donation of 10 cents would be appreciated, which is a third of the money received for this task.",1
thank you very much,0
Thank for helping to the cause.,0
Maybe I'll consider donating to them,1
What made you interested in this charity and not another one?,1
Thank you for your donation and for supporting children in need.,0
Thanks for the information.,0
"Thanks, you too.",0
I really have my heart on the Save the Children and the fact that it can be done right from the task makes it so much easier,1
Great! Thanks so much and I'm just so happy to be able to donate,0
"Ok, thank you for your time and donation, have a great day!",0
"There is such a lack of support right now in developing countries, and Save the Children really focuses on that.",1
Thanks again.,0
Convince your partner their donation will make a tangible impact for the world,1
Small donations are better than nothing at all!,1
An example would be Uniceff,1
"I will look in to donating my time locally, thank you!",0
i guess were done here,1
Any amount of donation would help in this cause.,1
"On behalf of children worldwide, thank you for your kindness.",0
Thank you again for donating $10 to Save the Children.,0
Hi how are you?,1
Hello there!,1
Thank you so much.,0
I know it is possible for everyone to have enough food and water.,1
Thank you for your contribution!,0
I am fine thank.,0
They give you an option at the end of the HIT to donate even 0.01 would be very helpful....,1
I'm sure that Save the Children will put it to good use!,1
The way things are going I don't expect to experience any thing close to that again.,1
Shelter?,1
Thank you and have a great day,0
Thank you so much for telling me about this.,0
Thanks.,0
That's good to know.,1
"Thank you, I will do it for sure, have a nice day",0
Have you ever donated to a charity?,1
Have you heard of an organization called Save the Children?,1
Thank  you,0
The research team is helping an organization called 'Save the Children'.,1
Thank you so much!,0
Ok-thanks-I will be waiting to hear from them,0
"Yeah, I mistimed that.",1
"Yes I am, thank you for asking.",0
Thank you for your kind donation.,0
Greetings!,0
It takes a lot to fix this country already so your effort is definitely astounding.,1
"Ok, thank you.",0
The children from around the world will surely be thankful as well.,0
I hope your day is the same!,1
Thank for answering my questions.,0
"That is wonderful, thank you for all the information.",0
The money will have a large impact.,1
Thanks very much for your time.,0
It was really nice chatting with you.,1
We also over several outreach programs in countries around the world.,1
"Awesome, I'll head over there right now and support it thank you.",0
One of those ways is to contribute to Save the Children.,1
Your donation will be directly deducted from your task payment. You can choose any amount from $0 to all your payment ($2).,1
"yes, in fact ill most likely give ten thousand",1
what is save the children,1
Thank you.,0
We should start increasin our contribution to Save the children program and make consciousness for other people to join as well,1
"Yes, Well I thank you again for your donation and I wish you a very happy rest of your day!",0
I'm not sure about religious organizations but several large companies partner with them.,1
Thank you for supporting the children of the world.,0
Thank you for your donation!,0
THanks to Save the children.,0
Thank you for your donation!,0
thank you so much!,0
How much do you like to donate to the charity now?,1
"Hello, how are you today?",1
I am interested in donating most of my task payment.,1
Thanks.,0
Ok if you need means you take that amount.,1
That's great of you!,1
"Yes, Thank you for time and attention, and thanks for helping.",0
OK thanks.,0
"Also, did you know that not only are they helping children worldwide, they're helping children very near to us?",1
I would like to ask if you would want to make  small donation to this cause,1
I am fine thank.,0
"Thanks, I don't consider myself that great, but any little difference i can make makes me feel good about myself",0
Thank you for the donation,0
Appreciate your consideration of doing such an act for a greater course.,1
Thank you for your donation as i guarantee you donation goes towards to the children,0
Ok thank you,0
"This should be the tenth response, I suspect we will be able to submit",1
They have even less than your daughter has.,1
Thank you!,0
"Did you ever have to worry about having enough to eat, where to live, etc?",1
Thank you.,0
I think everyone can do their part.,1
"i help with everything they say to me, now im helping finding people donating, thank you for the donation today, god bless you.",0
"Okay, that sounds great!  Thanks!",0
Thank you so much for your contribution.,0
i am about to donate to make-a-wish and hope you will too.,1
Thank you once again for your donation and feel free to spread the word about the charity to others!,0
"Thank you again, and have a great day.",0
On behalf of Save the children i would like to say thank you for your donation and have a great day!,0
Really sad situation.,1
ok thank alot,0
Thank you so much!,0
Thank you so much.,0
Thanks to you too.,0
I just want to make sure you are happy with your donation before we proceed.,1
"I'm doing well, thanks!",0
How much of a donation would one have to make to feed a family for a week?,1
Please donate your fee to this important charity or at least part of it.,1
"Thank you, I would like to make a 50 dollar donation but first.",0
"This charity puts a focus on this under 5, at-risk group.",1
Thank you.,0
Thank you so much for telling me about this.,0
thank you for this conversation,0
Yes that is an amount I feel comfortable with.,1
Countries all over the world for example Africa.,1
Thanks again.,0
"Well I hope you have a wonderful day and on behalf of the charity and the children it is going to, thanks for your help.",0
Thank you for telling me about this charity,0
absolutely i will support them.,1
"I didn't really do that much last week, but it was still relaxing.",1
There are people helping but its a drop in the bucket.,1
This donation directly goes to children's charity called Save the Children and thanks you so much for this help.,0
I will donate 10 cents,1
"No, anything that catches my eyes, or I find them on gofundme, what about you?",1
"Most people take for granted what they have in their lives, while there are so many thousands who do not even have the basic necessities.",1
Thank you.,0
Have you ever heard of Save the Children?,1
I would like to donate $2 then.  Thank you!,0
Thank you so much for your time and the effort you are putting towards this very reputable charity!!,0
Thank you for your time.,0
Thanks so much.,0
OK thanks.,0
"Ok, thank you for your time!!!",0
Save the Children!,1
Cool thank you.,0
I will give .20,1
things must be always clear to the public eyes .,1
"I'm not sure if they do tours, but you can check out their contact info at  URL",1
I also do alot of local volunteer work.,1
okay done.. thanks,0
Thank you!,0
Thank  you,0
That's great.,1
"I say, if you have enough than give to others",1
"Hey, how's it going today?",1
Thank you for introducing me to another great charity that is trying to do good work.,0
Thanks again for donating.,0
"No, thank you!",0
I'm doing well thank you,0
Nope that would be all for today.,1
Ok-thanks-I will be waiting to hear from them,0
Thank you for helping...save the children.,0
Thanks!,0
I have a small budget but know any amount matters.,1
Thank you!,0
Yes it does.,1
Yes he is a force for good and was saved out of tragedy.,1
"it's great,I can't complain",1
Thank you again!,0
how much would be appropriate for you?,1
Thank you for letting me know.,0
"Well, we at Save the Children would like to thank you for your donation and let you know that thanks to donors like you, children around the world are thankful",0
"same here, this organization publishes brief financial reports on its website.",1
Thank you again for donating $10 to Save the Children.,0
"Thank you, you too!",0
Thank you!,0
Thank you!,0
"Aha their are 10 minimum chat turns required, we are almost there.",1
"On behalf of children worldwide, thank you for your kindness.",0
Thank you so much.,0
I want to thank you again for bringing awareness to this important charity.,0
It just so sad to see children from developing countries die from easily preventable deseases,1
"Thanks very much, nice speaking to you.",0
Most come from individuals like you.,1
And thank you.,0
Thanks.,0
hello i am fine thank you,0
"OF course, it will be great for all around, my daughter to see that she should do things like this out of kindness and for the children , thank you",0
I will donate I'm just not sure how much.,1
Thank you for all that you are doing.,0
I believe their goal is to really help the children.,1
Thank you.,0
"You have a lot of knowledge, thanks for sharing.",0
Yes.,1
"Ok, thank you for your time and donation, have a great day!",0
Good morning!,1
Not bad.,1
Thank you so much!,0
thank you for donating,0
Once I decide to make the donation what should I do next?,1
"World Wildlife Fund: WWF, I like to support animals too if I can",1
What specific causes the charity donate to?,1
I donate a portion of my paychecks to feed the children. Do you have a favorite charity?,1
"Thanks, that is awesome",0
They are helping everywhere.,1
Thank you so much for your time and the effort you are putting towards this very reputable charity!!,0
I enjoyed this.,1
I would say that is generous,1
Would you like to donate,1
"Thank you again, and I hope you have a wonderful day!!!",0
"On behalf of children worldwide, thank you for your kindness.",0
Thanks for your help and have a good Turk day :D,0
"It's called Save the Children and we work towards helping disadvantaged children around the world have adequate food, shelter and healthcare.",1
thanks.,0
That sounds amazing!,1
Do you make donations on line or mail it in?,1
That makes sense.,1
It makes me furious.,1
Thank you for your help!,0
"OF course, it will be great for all around, my daughter to see that she should do things like this out of kindness and for the children , thank you",0
They've educated many children who have gone on to do important medical and other life saving jobs.,1
"At the end of the task, the research team will collect the donations and send it to Save the Children.",1
What is your opinion about children's charity?,1
thank you so much for this.,0
"Great, so do we keep talking for like 4 more turns?",1
Ok cool!,1
"Thank you very much, have a nice day.",0
"Africa, Asia, and the US are the top regions receiving aid from Save the Children.",1
Thank you so much.,0
Thank you very much!,0
I do agree 100%  How would I go about finding this charity?,1
Thank you for your generous donation.,0
OK yes I am aware of this organization,1
Thank you very much.,0
How much would like to donate,1
It hurts my heart when I see those children's charity commercials.,1
Good thanks!,0
"Sounds good, thank you!",0
Most of these children have grown up facing the threat of daily violence.,1
Thank you so much for your generosity.,0
Thank you.,0
I am well thank you and you?,0
Thank you again!,0
You can find it at  URL,1
ohh thats nice of you surely i too have an opinion in this charity and i will donate as much i can possible and share with my friends,1
Thank you so much!,0
the research team collects all donations and sends it to Save the Children. :-),1
Oh gosh you totally can.,1
Ok thank you.,0
Save the Children is an international non-governmental organization.,1
"Thanks for your dollar, the research team will collect all donations and send it to Save the Children.",0
"Efforts Focus on Restoring and Improving Early Learning and Education Programs, Helping Children Emotionally Heal, Building Resilience, Preparing for Next Emergency",1
Thanks for the 5 cents.,0
At least my initial donation.,1
"Yes, the charity sounds like it does a lot of great work.",1
Thank you.,0
I am from the Midwest.,1
myself and Save the Children thank you for your time,0
"Thank you I am not trying to get you to donate any more than that, I just want you to realize what a great impact you will be making on the world..",0
Thanks for your donation.,0
Thank you so much for your donation!,0
Thank you buddy.,0
That great and thanks for your generousity!,0
"hello, do you like charities ?",1
Thanks.,0
Thank  you!,0
And I thank you,0
Thank you!,0
Thanks.,0
Save the children sounds like a wonderful charity to donate to,1
yes i am,1
Even if you may have a few pennies that are left around can be collected and help the children. Would that be something you are willing to do?,1
Hello,1
Thanks for that.,0
Thanks.,0
thank you very much,0
Thank you so much as every little counts and I appreciate your donation,0
Thank you so much.,0
Thanks for your attention and help.,0
Thank you for your generous donation.,0
Thanks for making me aware of this charity!,0
Thank you for your donation and for supporting children in need.,0
yes! i said that's a fair point.,1
Thank you For being able to be so kind hearted as well hope u have a great day and keep a smile on your face ;),0
I'm like you.,1
How much money do you spend on candies that can be helping children in need?,1
"I am doing fine, thanks for asking.",0
I like to learn as much as I can about an organization before donating.,1
Thank you!,0
Remember to pass along our info to friends and family. Thank You and good night!,0
It's non governmental and international.,1
Greetings!,0
How does the sponsorship work?,1
Thank you for introducing me to another great charity that is trying to do good work.,0
Thanks.,0
"I'm doing fine, thank you.",0
We are pretty lucky to have been born in the United States.,1
I also want to make sure my donations are not going into the pockets of money hungry CEO's.,1
Good thanks.,0
"That's wonderful, thank you so much!",0
"yeah sure, why not",1
I would like to donate $10,1
That's great! Thank you very much for your donation!,0
Thanks again for donating.,0
Thank you on behalf of these kids.,0
No thank you,0
Thank you!,0
"As I said before, you are free to choose anywhere between .01 and the full payment amount for the task :)",1
I already checked it out and it seems pretty good.,1
"Yes, Well I thank you again for your donation and I wish you a very happy rest of your day!",0
"Yes, Well I thank you again for your donation and I wish you a very happy rest of your day!",0
"I'm good,how are you?",1
It sounds like we need more people like you in the world.,1
Perfect thank you for the information.Is there a website where I can check it out and donate?,0
That's a thought.,1
The research team will collect all donations and send it to Save the Children.,1
Thanks and I think we can submit now,0
Thank you so much for donating!,0
I want to thank you again for bringing awareness to this important charity.,0
I'm sorry I'm just not able to at this time but thank you for telling me about this organization.,0
"In fact, I'm going to match your .50 and donate a $1.",1
Good thanks!,0
Greetings!,0
I've been given no info about the charity.,1
It could be any amount from $0 to what your payment for this task would be.,1
"That is fantastic, thank you!",0
The research team gathers all the donations and send it all to Save the Children.,1
Thanks very much for your time.,0
Yes that is correct,1
I feel the same way.,1
Thanks.,0
"Thank you I am not trying to get you to donate any more than that, I just want you to realize what a great impact you will be making on the world..",0
Many of the families that come to us have young children.,1
I agree with that.,1
"Yes I have , how much do you spend on unnecessary stuff like a bag of snack or candy.",1
I am one of those people who cant watch the commercials of the suffering kids or pets.,1
"That sounds good, thank you for being charitable.",0
"Medicine, safety, etc?",1
Thank you so much.,0
I'd like to recommend a donation to Save the Children.,1
Thank you so much!,0
"I am well, thank you",0
I bet the kids there are in need.,1
Thank you for your donation!,0
URL here is a link to the save the children website.,1
Thank you.,0
"I am also here to help children in underprivileged areas, by supporting the Save the Children Charity",1
Thank you,0
Thank you.,0
"Well, we at Save the Children would like to thank you for your donation and let you know that thanks to donors like you, children around the world are thankful",0
I do,1
You can choose any amount from $0 to all your payment.,1
thank you so much for offering your help for childrens' donation,0
Thank you very much!,0
Thank you and I do not want to be rude but I am straight talking person,0
Thank you!,0
How long has it been around?,1
No problem thank you for telling me about this wonderful charity!,0
"hi..pete, hows your life",1
Thank you again.,0
"The children will thank you, do you think you can do a little more?",0
How would I go about this?,1
No thank you,0
Thank you very much for you help!,0
100% of your donation will go directly to Save the Children.,1
That seems worthwhile.,1
You can find more information at  URL,1
"We can't help everyone, but we can focus one cause at a time.",1
thank you.,0
Thank you.,0
Thank you for being so giving.,0
"I am fine, thanks!",0
Thank you for your help!,0
I am volunteering for the charity called Save the Children.,1
I will have to read up more about the organization before i just give my money up because there is fake charities in the world,1
That is awesome.,1
"NO BUT, ITS A INTERNATIONAL NON-GOVERNMENTAL ORGANIZATION TO THE CHILD",1
I am glad I can help in anyway that I can.,1
thank you and hope it helps,0
How much would you be willing to donate today?,1
That is very impressive.,1
Thank you for your donation!,0
"Yes, Thank you for time and attention, and thanks for helping.",0
The great part is that it can be any amount that you would like to donate. Sound fair?,1
thank you for your support,0
Do you know of a good one?,1
They are the most vulnerable in society.,1
The research team will collect and send the donations to the charity.,1
Thank you.,0
could you name a couple of examples please?,1
Thank you for the lovely chat and educational information.,0
Oh absolutely!,1
"Yes, Thank you for time and attention, and thanks for helping.",0
Yes I know I will donate 5 dollars,1
i am a person positive and help the children,1
On behalf of Save the children i would like to say thank you for your donation and have a great day!,0
I just know it!,1
I have seen information about this organization before,1
i know it will,1
Thank you so much for even taking the time to consider it!,0
You can donate as much as you want,1
"Thank you, you too!",0
Thank you for the information you provided.,0
It seems like a great cause.,1
Thank you so much for your generosity.,0
"Your donation is essential to help ensuring children's rights to health, education, safety, etc.",1
There are so many issues in this world it is hard to do something about or figure out how to help but this is a step in the right direction.,1
"Thats great, Thank You",0
How much would you like to donate?,1
"Thank you, I'm sure the children will appreciate it.",0
"I'm doing swell, thanks for asking!",0
Thank you!,0
"It appears that there is an option to donate some of your earnings, and the research team will collect all donations and send it to Save the Children :)",1
They are currently working to reunity the children who were separated from their parents at the US-Mexico border.,1
"You can select a child according to your choice by age, gender",1
"Thank you, you too",0
Thanks so much.,0
sounds good thanks,0
Where do you live and what are you doing to help the children?,1
"There is an organization that is international , non governmental that tries to reduce the suffering.",1
Millions of Syrian children have grown up facing the daily threat of violence.,1
really?,1
thank you and hope it helps,0
i really hope this will somehow help to enhance the current situation of kids who are in need of money,1
hello i am fine thank you,0
Thank you for helping...save the children.,0
Thanks for your quick responses btw.,0
"Thank you for your time, have a great day.",0
Thank you so much for your time and the effort you are putting towards this very reputable charity!!,0
I agree!,1
The children need your help to ensure that they have a fighting chance at their future.,1
Thank you!,0
As little as $0.05 would be of great help or how much ever you would like to donate from this bonus.,1
Thank you so much!,0
No thank you,0
I am good thank you.,0
"ok, I understand that.",1
Thank you again for the donation.,0
I'm doing well thank you,0
I'm good thank you!,0
thank you for your approach.,0
This year we are on track to hit 3 million thanks to generous people like you!,0
"By people like you, making a a donation of just $1 a day, you can feed a child for a month.",1
"I'm doing well, thank you!",0
"Oh, that's great!",1
"you would help me , thank you for your conversation",0
Do you work for them or have you donated with them before?,1
I will take the option of donating into consideration.,1
And thank you.,0
Does it have commercials on tv?,1
"Save the Children is an international organization that is not involved with any government, and they're able to promote children's rights and support kids in developing countries.",1
i wonder what a reasonable donation amount would be.,1
Thank you.,0
Thank you!,0
Does this sound like a good charity to you?,1
Thank you so much.,0
"Sounds good, thank you!",0
Thank for helping to the cause.,0
Not having to worry about those things while growing up.,1
"I am still thinking, though, that the small donations made from these hits are so easy to donate and can really add up if we all pitch in together!",1
"I am fine thanks, It's not been a long time I am on MTurk, but It is interesting how they are working on donating, Are you interested in donating?",0
"thank you,I just want to help this world and especially the children within it and save the children is doing that job",0
When I get my next paycheck I will go to the website and donate.,1
"I'm doing fine, thank you.",0
wow! thanks on behalf of the organization! that is generous!,0
What are you doing to help?,1
"thank you for the information, I think I am ready to donate",0
Okay just to confirm how much would you like to donate to Save the Children?,1
Thank you and have a wonderful day,0
"Thanks, you too.",0
If you would like to make a donation you can now?,1
"Awesome, thank you!",0
Thank you.,0
"Yes, few dollars can save a child or can help a family to survive for a month.",1
I completely agree!,1
Greetings!,0
"It was nice talking, thanks for all you do.",0
Thank you for your kindness.,0
Go on...,1
I'm not sure if you're familiar with Hurricane Harvey that devastated part of South Texas but Save the Children is still assisting the affected children and families long after most organizations have washed their hands.,1
That is impossible at this time.,1
I think I can definitely afford $1 a day.,1
"Ok, thank you for your time!!!",0
Yes it is!,1
thank you.,0
"Ok, thank you for your time and donation, have a great day!",0
i'm glad you asked!,1
I think so.,1
Thank you,0
Thanks.,0
Hello,1
Ok thank you.,0
Thank you!,0
Cool thank you.,0
Thank you.,0
"I don't think so, what do they support?",1
"And thank you, I'm sure this week will be relaxing for me as well.",0
Thank you very much.,0
thank you.,0
"Again, it was a pleasure meeting you and many many thanks for your kind generosity in the form of a donation.",0
where is this organization based?,1
Thank you so much for your time and the effort you are putting towards this very reputable charity!!,0
"You should be able to choose any amount on your side, and when the task is over you should recive and email from the research team!",1
"oh ok, who is they?",1
sure thanks again,0
thank you so much for this.,0
"From Haiti to Peru, Save the Children work to save lives every day, ensuring children are protected, healthy and able to learn.",1
Thank you!,0
"yes, I think I have told about my donation and now waiting for the conversation to end.  Thanks.",0
They work in many countries across the world.,1
They help children all around the world.,1
The children from around the world will surely be thankful as well.,0
Actually I like these kind of HITs.,1
"Yes, $1 - thank you",0
Thank you!,0
This time I like to do 0.50 since I also know that the charity is legitimate.,1
"Thank you for your time, have a great day.",0
Are there different tiers for donations available?,1
Thank you!!,0
"Great thanks, Im here to talk about the childrens charity.",0
They have a website.,1
You're right.,1
Thank you!,0
Would you consider making a donation?,1
Thanks for your time too.,0
I was growing up in poverty so i know how it feels,1
Yes it is truly up to us to help the millions of children in Syria who have grown up only knowing violence,1
I am not sure they exact number of years,1
Yes I have.,1
Ok how much do you need?,1
Ok can i get the update about this charity how they are spending money and what way they help those children,1
Thank you.,0
How do you receive payments?,1
I would be fine with that.,1
Thank you.,0
Hello!,1
How much would you like to donate today?,1
There are several children around us who are below poverty line and needed a helping hand.,1
Or how about an office pool to raise money?,1
"Hello, would you be willing to donate some of your money to save the children?",1
Something as small as .05 could help.,1
Their support can make the difference between making a charity reach its goals or not.,1
You are a good person.,1
What kinds of things do children's charities do?,1
There are so many so called charities that keep almost all of the donated funds and only a few pennies of each dollar actually go towards the need.,1
It seems like Syria seems to be a high stakes area.,1
Thank you very much.,0
"And the fact that not much of the donation actually get to the ""cause"".",1
That is good.,1
Have you heard of it?,1
Thanks again for donating.,0
"I'm doing swell, thanks for asking!",0
"No, i haven't actually.",1
How much would you like to donate?,1
Thank you so much!,0
"Sure, I will donate 50 cents to them.",1
Thank you.,0
"Considering the monumental need, there is always a need for funding. Even small donations have a huge impact.",1
You can also volunteer if you're in the area of any of these children at our program centers.,1
But I do get it.,1
"no this one time is good, thanks",0
thank you.,0
Thank you for telling me about the charity.,0
Yes I would like to make a donation.,1
"Whatever you choose to do or the amount you want to give, I feel like you've changed my mind about charity, not the other way around, so I want to thank you for that.",0
"I typically give less than that, because I also give to my local church and other local organizations in my city.",1
Thank you for supporting the children of the world.,0
Thank you and have a wonderful day,0
"I'm not sure if they have a car, but I am happy to tell you more about the foundation.",1
Thank you so much for that,0
Thank you.,0
Thank you so much for your kindness and have a great day.,0
We ensure children's unique needs are met and their voices are heard.,1
thank you!,0
Thank you.,0
Think about those poor kids.,1
Thank you for supporting the children of the world.,0
Thank you for participating!,0
"That is fantastic, thank you!",0
I am good thank you.,0
Hi!,1
Thank you for your donation and for supporting children in need.,0
"No, thank you!",0
I am unclear as to whether or not this is a real donation or just discussion for the sake of the task,1
Thank you,0
Thank you for all that you are doing.,0
so what is this about anyway?,1
"Thank you for your time, and for the opportunity.",0
You would be doing a great service and the charity will be so thankful.,0
Thank you.,0
Both Africa and USA currently have the highest number of children in need.,1
Save the Children provides support to children in need in 120 countries.,1
Sounds like great work.,1
"thanks, same to you.",0
"Thank you, I would like to make a 50 dollar donation but first.",0
Thanks for your time too.,0
On the website?,1
Thank you and I do not want to be rude but I am straight talking person,0
"Thank you, you too",0
The researchers will pass that donation on to the charity at the end.,1
Thanks for doing your part!,0
I am reviewing the site right now.,1
Last year we raised 2.5 million dollars.,1
yeah i know,1
Thank you!,0
Thanks!,0
Thank you so much for your time and the effort you are putting towards this very reputable charity!!,0
Were you aware of this fact?,1
Did they provide housing for kids that went against their culture beliefs?,1
Thank you for your donation.,0
Thank you so much for your time and donation.,0
"Your a great person and thanks again, have a nice day.",0
Thanks for making me aware of this charity!,0
Thanks for the 5 cents.,0
Thank you for your donation and for supporting children in need.,0
"Thank you, but no.",0
Thank you for your generosity!,0
Thank you for helping...save the children.,0
Thank you.,0
thanks!,0
Thank you for your help!,0
ok nice.,1
Thank you so much!,0
Ok thank you.,0
Thank you!,0
Thank you for all the information,0
Thank you very much!,0
I will happily donate my whole payment for this task. :),1
Well I should be getting off here soon.,1
I was going to ask you if you would be interested in donating to Save the Children.,1
"I am well, thank you!",0
Right.,1
"The Save the Children Fund, commonly known as Save the Children, is an international non-governmental organisation that promotes children's rights, provides relief and helps support children in developing countries.",1
"It was nice talking, thanks for all you do.",0
"I thank you very much, with what you know about save the children",0
I would like to donate $5 monthly.,1
"Yes, I have heard that about them too.",1
Thanks for having an open mind and doing what's right.,0
I will donate 0.05 cents today.,1
"I'm great, thanks.",0
Thank you for doing this.,0
thanks so much!,0
We have to make clear about how this organization work,1
Thank  you!,0
"That is wonderful, thank you for all the information.",0
good thanks.What about you?,0
thank you so much for offering your help for childrens' donation,0
Great!,1
"On behalf of Save The Children, THANK YOU!",0
Like a shelter or a free counseling place or a food bank.,1
"Thank you again, and I hope you have a wonderful day!!!",0
"Have you ever heard of a charity called, Save the Children?",1
No thank you as there is no guarantee to this. I'd rather donate locally,0
How much would you donate if given the chance to help a childrens charity?,1
"Thank you so much for your donation, every bit helps :)",0
OK thanks.,0
Thanks again!,0
Good Morning!,1
thank you so much for offering your help for childrens' donation,0
"Oh, thanks for the website, I am sure that it has a lot of information that I could use to learn more about it.",0
maybe 5 dollars,1
"Like our animal shelter, a low income housing group, foster care organziations, etc",1
"Ok, thank you.",0
However I am not getting a reward from this hit.,1
"I don't know if this is any interest of yours, but I'd like to see if you'd be interested in learning more about and possibly donating to a charity today!",1
"Also, thank you.",0
I will donate 10 cents of my 30 cent payment.,1
have you checked out the site yet?,1
Thank you!,0
Thank you.,0
They do wonders for under privileged kids.,1
Thank you!,0
"I have no problem donating the entire $2, and I agree, every bit does help!",1
Thank you!,0
"Hey, hows it going",1
One thing you could do is agree to contribute what you make just from this one task we are doing right now.,1
They are already helping the kids affected by the flooding in Hawaii.,1
"That sounds good, thank you for being charitable.",0
Thank you.,0
How much do we have to share with them?,1
Thank you for taking the time to help assist the charity and I hope that you have a wonderful day!,0
"Well, thank you for wishing me well.",0
Save the children also provides options for mental health help.,1
"I'm doing great, thanks.",0
I'll donate half of that.  So $1.,1
Good thanks.,0
I feel sorry for them and would like to help them as much as possible,1
Thanks so much.,0
Thank you for chatting with me.,0
Exactly.,1
"You have my attention, however this HIT is running Very long for 2 bucks already.",1
thank you so much!,0
Thank you very much.,0
definitely.,1
"Lol, I guess we have to chat a few more turns.",1
Thank you so much.,0
"Your donation will go towards helping the fight for children's rights to health, education, safety and so on.",1
I just want to thank you for helping out this great charity.,0
"Were your basic needs met like food, place to live, water, etc?",1
thank you.,0
oh that sounds good..how do they help,1
Thank you so much for donating!,0
sure.,1
Half of 1 dollar?,1
Thank you. You too,0
Thank you.,0
Thank you.,0
"Yes, Well I thank you again for your donation and I wish you a very happy rest of your day!",0
I feel that this is very generous of you.,1
Did you know that you can donate a little of the money you are earning today to them?,1
Thank you for asking.,0
Thank you again for donating $10 to Save the Children.,0
This really is a great place to donate to.,1
Thank you for your time and effort.,0
I have to thank you again for your $1 donation.,0
People that demand perfect victims can donate to children's charities; I don't do that.,1
"On behalf of Save The Children, THANK YOU!",0
"Yes, Thank you for time and attention, and thanks for helping.",0
Save the Children is also transforming the lives of Africa's children.,1
"The children will thank you, do you think you can do a little more?",0
neither do i!,1
I have.,1
"Yes, I believe they sponsor children in need.",1
Thank you!,0
Thank you Glad I was able to help  this organization with my donation,0
"It would be in the best interest of all of us to have healthy well educated children, especially in developing countries where children suffer the most. Don't you agree?",1
That might be a good idea.,1
"I like to research organizations first to see if the money I give is really going to the cause, or if it is wasted by high overhead costs.",1
What is the charity and what do they do?,1
Thank you!,0
thank u sir,0
"Thanks, I don't consider myself that great, but any little difference i can make makes me feel good about myself",0
100$ donate for group,1
Thank you for your donation.,0
"thank you,I just want to help this world and especially the children within it and save the children is doing that job",0
Your donation will help children who cant afford help and are living through hell on earth.,1
thank you for putting time on effort on this.,0
"Fine, thank you.",0
Alright thank you for contributing to Save the Children.,0
Is there a monetary goal set for the year?,1
I don't know I haven't found anyone good ones,1
thank you for putting time on effort on this.,0
Thanks again for chatting with me.,0
Are you talking about around the world or in the states?,1
Thank you.,0
I wish you well.,1
No problem thank you for telling me about this wonderful charity!,0
"Be the change you want to see in the world, right?",1
Thank you for your recognition.,0
"See, I believe that the children are our future.",1
"I do not work for them, I work on behalf of them.",1
The amount will be deducted from your task payment.,1
"Did you have any worries about food, shelter, safety, etc.?",1
I am thinking I only want to donate .10,1
I'm glad you're enjoying it.,1
thanks will do the same,0
How are you doing today?,1
Thank you for your time.,0
OK thanks.,0
Can we make it $1.50?,1
"Yes, thank you.",0
Thank you so Mich for your donation!,0
I would love to do that.,1
Thank you very much!,0
HI GOOD MORNING,1
yes i will.,1
thank you for donating,0
"I will look in to donating my time locally, thank you!",0
"I will look in to donating my time locally, thank you!",0
I have donated 15 years of my life to charity,1
Thanks so much.,0
I'm doing very well thank you!,0
This is a great charity and I will match you .10 cent payment.,1
Thank you.,0
"Well, the opportunity would be able to help fight world hunger by donating to Save the Children.",1
Thank you very much for your $10 donation to Save the Children.,0
It might look small but I am sure it will end up big,1
I think it is better to help children yourself.,1
Your donation will be directly deducted from your task payment.,1
Enjoy your day also.,1
"Well thanks, Cassidy.",0
Thanks!,0
Thanks!,0
Im fine thank you.,0
thanks.,0
Thank you for your generous donation.,0
Thank you!,0
"Great, thank you!",0
Thanks you too,0
You are welcome and thank you for bringing my attention to such a well deserved charity!,0
"Hi, good morning!",1
Thank you for all that you are doing.,0
It is an organization that helps raise money to help the children around the world,1
"We all need money, but this is a special cause and the money is not too much.",1
They believe that children make up 20% of our population but are 100% of our future and I couldn't agree more.,1
Thank you so much.,0
"Thanks, warmest regards from Alabama",0
"Yes, Save the Children also provides aid to children in poverty in the US through education, protection, and emergency programs.",1
Thanks for your quick responses btw.,0
i got it.,1
do you live in the states ?,1
I would like to personally thank you for that.,0
"I'm not, if you're wondering :) If you are you're pretty good.",1
"Thanks, warmest regards from Alabama",0
"Again, no thank you",0
thank you for donating,0
"Oh, that is something for me too.",1
thanks will do the same,0
I cannot thank you enough for that.,0
"yes those are the exact prices, should we donate that much?",1
"thank you,I just want to help this world and especially the children within it and save the children is doing that job",0
Yes they did.,1
Thanks for your time and effort.,0
"I know, and I'm not really sure if they would deduct any real money.",1
What makes them untrustworthy?,1
Thanks very much for your time.,0
Thank you for your generosity!,0
"How about you, Cassidy?",1
thank you.,0
Im very good how are you doing today?,1
Almost 100 years!,1
Thank you.,0
I hope that it makes a difference!,1
Do you know about Save the Children?,1
Then definitely donate the full two.,1
Mostly working on surveys,1
I think that it is so important that the money goes to the children and not to salaries.,1
thanks,0
"Thanks, I don't consider myself that great, but any little difference i can make makes me feel good about myself",0
Thank you so much as every little counts and I appreciate your donation,0
Do you agree?,1
"Thank you I am not trying to get you to donate any more than that, I just want you to realize what a great impact you will be making on the world..",0
Thank you for your donation as i guarantee you donation goes towards to the children,0
"It is going alright, thanks",0
"Yes they can, thanks again",0
I wish this wasn't true.,1
hello,1
Thank you so much.,0
I am sorry I am unable to help.,1
"I am well, thank you!",0
Thank you.,0
"Thank you so much,  you have no idea how much this will help the children in need!",0
That is true that it requires very little money to help children in developing nations.,1
Thanks for doing your part!,0
I am not sure,1
I haven't,1
The researchers will use this chat to determine how much of your reward to donate and will see that you have earmarked it for Save the Children's US efforts.,1
Good luck to you,1
Though MTurk they should raise quite a bit.,1
I donate to them regularly.,1
NO TAX AND HOW MUCH DO YOU LIKE TO DONATE TO THE CHARITY NOW?,1
Greetings!,0
"Thanks for your dollar, the research team will collect all donations and send it to Save the Children.",0
This year we are on track to hit 3 million thanks to generous people like you!,0
Thank you very much.,0
I am willing to agree to 5 percent of my income for 6 months about 800 dollars.,1
Glad this worked out!,1
"I am well, thank you!",0
No problem thank you,0
As of Feb 2018 they were rated 97% transparant and an 88% total rating.,1
A donation of just $1 can help feed a child for 5 days.,1
Thanks very much for your time.,0
I would love to make a donation today.,1
Thanks for doing your part!,0
I was meaning to offend you.,1
I would like to donate $2 then.  Thank you!,0
nice to hear this from you...,1
"I'm doing fine, thank you.",0
sure thanks again,0
ok thats great.,1
Go for it.,1
Thanks for agreeing to donate!,0
Thank you.,0
No thank you as there is no guarantee to this. I'd rather donate locally,0
Thank you very much.,0
Perfect thank you for the information.Is there a website where I can check it out and donate?,0
And I understand wanting to see it done local.,1
"Awesome, thank you!",0
And thanks for helping!,0
"And thank you, I'm sure this week will be relaxing for me as well.",0
I may donate something!!,1
I have heard about them.,1
I hope you have a great rest of your day.,1
However big or small.,1
How much money do you spend on unnecessary stuff like a bag of snack or candy?,1
Oh that is really a great idea.,1
The rest?,1
Thank you on behalf of these kids.,0
Thank you For being able to be so kind hearted as well hope u have a great day and keep a smile on your face ;),0
no i have not but i am interested!,1
Thanks.,0
I see  thank you for your information.,0
Maybe it is a blind trust but there's really no way to know for sure if they use the money correctly unless you are the person handling the money.,1
Thank you!,0
"Awesome, I'll head over there right now and support it thank you.",0
"yes, I think I have told about my donation and now waiting for the conversation to end.  Thanks.",0
"Aww, that's really considerate of you.",1
No thanks.,0
sounds good thanks,0
Thank you for your generosity!,0
"Once again, thank you for your donation.",0
the children do,1
Thank you.,0
Thank you again.,0
Where do I sign up?,1
What would my money do exactly,1
it makes me good,1
"They work on education, hunger, health and emergency issues.",1
I'd like to talk about the charity Save the Children.,1
Thank you so much.,0
"Yes, $1 - thank you",0
Thank you for helping...save the children.,0
"Yes, it\'s a great cause.",1
Thank you for helping...save the children.,0
Thanks for the 5 cents.,0
Where are you located,1
I am doing well thank you.,0
"I'm great, thank you.",0
That is a good idea.,1
I'd rather give to Ronald McDonalds especially since I know people who have personally benefited.,1
Thank you and have a great day,0
This is true.,1
I guess so,1
I just want to thank you for helping out this great charity.,0
Thank you for your donation!,0
"And thank you, I'm sure this week will be relaxing for me as well.",0
"Thank you for linking the website, I will check it out right now.",0
"Yes, they are.",1
i happen to favor unicef since my kids collect for halloween and kids count monies as part of class project.,1
They are also involved in emergency response and global advocacy.,1
Thank you!,0
This donation directly goes to children's charity called Save the Children and thanks you so much for this help.,0
I'd like to see how the money is dispersed in the company,1
I still do not want to make a donation from this money.,1
Would you be able to provide some monetary support to this charity and help them Save the Children.,1
i understand but i just don't feel comfortable donating yet.,1
"Well, thank you for wishing me well.",0
"Hi, how much do you like to donate to the charity now",1
If you would just agree to donate some of your earnings from this hit them it would go much quicker.,1
"Neither of us are donating to each other actually, which is probably a good thing.",1
"Thank you very much, you have no idea how much this helps.",0
Thanks for being aware of that particular nuance.,0
your donation will make such a huge impact for some children,1
I'd like to know what specific ethnicity are we supporting,1
"Thank you, that is wonderful and you will help a tremendous amount!",0
I would be glad to.,1
Thank you.,0
Thank you so much!,0
That's great! Thank you very much for your donation!,0
Most of these children will never know what it is like to go into a store and purchase something of such luxury.,1
"Your welcome, it is a good feeling to help others in need.",1
How do you feel about donating to childrens charities?,1
Every month I always try to donate a little to charity,1
If we can donate alot to these organizations alot can be accomplished in the world.,1
thank you and hope it helps,0
Oh OK!,1
Thank you for the donation,0
"Thank you so much,  you have no idea how much this will help the children in need!",0
URL YOU GO AND DONATE TO THE WEBSITE.,1
"Well thanks, Cassidy.",0
Are you?,1
sounds good thanks,0
Thank you for the information.,0
Thank you for being so giving.,0
Thank you so much!,0
how do i trust the organiation?,1
Thank you for your donation and for supporting children in need.,0
"I am fine, thank you, Have you ever heard about the organization ""Save the Children""?",0
"And sometimes even a small help is a lot, thinking many others will do the same.",1
"Can you confirm your donation in a number amount with the $ sign, just to avoid confusion?",1
"Thank you I am not trying to get you to donate any more than that, I just want you to realize what a great impact you will be making on the world..",0
exactly.,1
I think I can give $25.,1
"No, I can do it.",1
I try to teach her about her rights because I think it is so important to know them.,1
We all do what we can to help each other.,1
You too and Thanks again!!,0
sure thanks again,0
Thanks for helping me help children.,0
thank you.,0
I am doing well thank you.,0
Thank you.,0
"Oh thank you so much, you have no idea how much that .50 will mean to those children, thank you very much and have a wonderful night you blessed soul.",0
"Whatever you choose to do or the amount you want to give, I feel like you've changed my mind about charity, not the other way around, so I want to thank you for that.",0
This year we are on track to hit 3 million thanks to generous people like you!,0
They lead Head Start and Early Head Start programs in this country which really ensure that kids get a great start in their educations,1
"I'm great, thanks.",0
It seemed grimy not to,1
"Thank you too, have a good night!",0
Wow that is very generous!,1
Your donation will be directly deducted from your task payment.,1
"Again, no thank you",0
I am sure that you have seen pictures of the bombing in Syria and the murder of innocent children in places like Nigeria and Somallis where terrorists are bombing their villages.,1
Thanks for your time and effort.,0
I don't work cause I already retired.,1
"Ok, thank you so much for your help.",0
Have you ever though about donating to Save the Children?,1
Thank you for telling me about this organization.,0
No thank you.,0
You too.,1
That's great! Thank you very much for your donation!,0
Hi.,1
"Yes, I am sure that is it.",1
"Hi, I'm in Hawaii!",1
okay done.. thanks,0
I've heard of it.,1
"Ok, well thank you for your time and telling me about this wonderful organization.",0
You are such a good personality ..,1
Well that's disappointing.,1
Thank you.,0
They serve children worldwide,1
Thank you!,0
That will have such a big impact on their lives.,1
I understand that.,1
It does.,1
"I'm very well, thank you.",0
"Welcome, thanks for talking",0
Have an awesome day and thank you again!,0
Thanks so much.,0
I am also going to donate .15 cents.,1
No thank you.,0
It is really so heartbreaking when you see all of these kids not having enough to eat.,1
sounds good thanks,0
Do you believe that children in need deserve help from others?,1
I'm good thank you!,0
The researchers of this hit will make sure the money goes to save the children.,1
That sounds wonderful!,1
That's wonderful!,1
Thanks to you too.,0
Thanks again!,0
I will have no discomfort discussing suffering people.,1
You're the part of the solution!,1
Thank you and have a nice day,0
I don't believe they can actually do that haha,1
I am doing this for charity.,1
"Thanks, that is awesome",0
thank you.,0
Thank you so much for that,0
Hey,1
Would you consider donating to Save the Children?,1
That very interesting and good work.,1
They have a lot of information there.,1
Thank you very much.,0
Thank you!,0
oh okay then thats awsome to hear,1
I would like to personally thank you for your donation today!,0
1000 children were killed or injured and the donations can address these problems.,1
No problem thank you,0
Thank you.,0
all of it seems a little steep!,1
Thank you so much for donating!,0
Thank you so much.,0
I believe it is- I've seen commericals for it on TV before....,1
okay im fine with that,1
thank u sir,0
"Yes they can, thanks again",0
How do I sign up?,1
Thank you very much.,0
yeah I heard a little bit about on how children are suffering.,1
Wonderful.,1
if it's what I think they have everything in their hands,1
I don't really remember much about it but I know the basics,1
Yes that is a common way.,1
Alright thank you for contributing to Save the Children.,0
And thanks for helping!,0
"In the first two months of 2018 alone, 1,000 children were reportedly killed or injured in intensifying violence.",1
You know there is an organization I donate money also too.,1
"I am fine thanks, It's not been a long time I am on MTurk, but It is interesting how they are working on donating, Are you interested in donating?",0
How do you help?,1
Thank you.,0
"Ok, thank you.",0
Thank you for your kindness.,0
Have you thought about giving to the Save the Children charity?,1
I will tell friends and family to visit the charities website also.,1
"Thank you very much, you have no idea how much this helps.",0
Would you be interested in donating once you've learned more about them?,1
"He has no parents ,no one that cares about him",1
Thanks to you too.,0
How long has the organization been established and what is the success rate of the program?,1
Thank you for your contribution!,0
Rainy morning here.,1
Thanks for your help and have a good Turk day :D,0
That is impressive.,1
hello!,1
It was such a pleasure to chat with you.,1
Thank you!,0
"Great thanks, Im here to talk about the childrens charity.",0
You're right!,1
"Oh, great.",1
so would you donate your earns from this task??,1
That's great!,1
Thank for helping to the cause.,0
"I am great, just enjoying some coffee on my deck.",1
I am doing well thank you and same here,0
"no this one time is good, thanks",0
Thank you for your donation!,0
Thank you for chatting with me.,0
I am doing good and you?,1
and the money goes complety to the charity or does a part stay for handeling and administration,1
"Thank you for your time, have a great day.",0
Only about 25% goes to the management/staff of the charity.,1
How about 15?,1
How much do you want to donate?,1
"I donate to my local charities, plus the United Way.",1
You are quite welcome!!,1
Thank you so much.,0
"Whatever you choose to do or the amount you want to give, I feel like you've changed my mind about charity, not the other way around, so I want to thank you for that.",0
with the hurricane coming soon.,1
I usually just try to go with half for these things.,1
Thanks!,0
thank you.,0
I see  thank you for your information.,0
Thank you also.,0
"In the first two months of 2018 alone, 1,000 children were reportedly killed or injured in intensifying violence.",1
Thank you very much for your generous increase in the donation amount.,0
I do not have children of my own and am not able to have them.,1
"Welcome, thanks for talking",0
Thanks to you too.,0
Thank you.,0
"I am doing good, thanks for asking.",0
Thank you so Mich for your donation!,0
Thank you so much.,0
"yes, I believe i have , is it for kids with Cancer?",1
"Thank you for your time, and for the opportunity.",0
Are you familiar with them?,1
Thank you for your donation!,0
Thank you!,0
"That's wonderful, thank you so much!",0
i did only charity walks and rare to take the donations,1
Thank you so much for that,0
good thanks.,0
No thank you as there is no guarantee to this. I'd rather donate locally,0
It makes me so sad to know that some children are having a hard time even finding clean water to drink.,1
I think about them so often.,1
Thank you!,0
Millions of children in Syria alone face the daily threat of violence.,1
Everyone should involve as much as possible...,1
Yes it does and thank you for the donation,0
ok thank alot,0
"No, thank you!",0
Thank you.,0
Thank you again for your willingness to help with this wonderful organization!,0
"For instance, millions of Syrian children have grown up facing the daily threat of violence.",1
I just do not have the funds available.,1
Thank  you,0
You are welcome and thank you for bringing my attention to such a well deserved charity!,0
Send over rights?,1
terrible thing that happens,1
I don't really see much in the way of internet ads.,1
Oh yeah.,1
I am 100% sure I am going to donate 80%-100% of my earnings for this survey to (Save the children) It will make me feel good to help Little helpless children.,1
"I will look in to donating my time locally, thank you!",0
Yes.,1
The research team will collect donations and send it to Save the Children.,1
hello i am fine thank you,0
"Again, it was a pleasure meeting you and many many thanks for your kind generosity in the form of a donation.",0
Thank you for your donation!,0
Be specific in what your asking?,1
Does this sound like something you might want to be a part of?,1
Do you have any particular hobbies that you enjoy?,1
Thank you so much for donating!,0
OK thanks.,0
are you interested in helpin childrens?,1
I definitely will check it out.,1
Thank you so much.,0
That is interesting.,1
Any idea if that is a real charity?,1
"As you can tell, it's something I'm very concerned about!",1
"Great, thank you!",0
Thank you.,0
"In 2016, we reached nearly 3 million children in need.",1
"And I'm only familiar with the name with organization that make dreams come true, but nonetheless would like to learn more about them.",1
Thank you so much for your time and the effort you are putting towards this very reputable charity!!,0
We can all do something - donate a little bit or volunteer to try to help.,1
nice working with you.,1
"There is organisation called Save the Children and donations are essential to ensure children's rights to health,education and safety.",1
I want to give a donation to help them.,1
"I thank you very much, with what you know about save the children",0
Thank you very much forthat info you have been very helpful!,0
Thank you also.,0
"That's really awesome, are they more in need of supplies or monetary donations?",1
I would like you to donate at least half of your money doing this hit to save children its your moral obligation.,1
You are welcome and thank you for bringing my attention to such a well deserved charity!,0
"Save the Children is a foundation that runs world-wide with a focus on providing health, education, protection, hunger elimination, emergency aid, and global advocacy.",1
"Thank you very much, you have no idea how much this helps.",0
Can I ask if you have ever donated to a charity before?,1
are you donating?,1
I'll pay $0.30 surely,1
"That sounds good, thank you for being charitable.",0
yes.,1
"well, I'll match your 5.00, does that sound cool?",1
"True, but there - the kids are lucky to get a meal a day.",1
thank you for your approach.,0
"Welcome, thanks for talking",0
Thank you for the information.,0
How long have you been doing that?,1
thank you sir.,0
Thats awesome!,1
Thanks again for donating.,0
I work with my local goverment in policy development and people like you really make a great impression on the policy that is created.,1
Good thanks.,0
Oh I see so they have a website that I could learn more about them.,1
"I am fine, thank you, Have you ever heard about the organization ""Save the Children""?",0
"Education, food and water, something else?",1
Thanks for being aware of that particular nuance.,0
"You have a lot of knowledge, thanks for sharing.",0
I agree it's for a good cause.,1
This will be my first time donating to this organization so sorry if I have a lot of questions about it.,1
Thank you for agreeing to make a donation.,0
I can spare $25.,1
Thank you.,0
"No, I didn't know but thank you for telling me!",0
Thank you so much! What are you hoping your donation will help with?,0
Where can I go to send it?,1
"Oh thank you so much, you have no idea how much that .50 will mean to those children, thank you very much and have a wonderful night you blessed soul.",0
Hey!,1
"Great, thank you!",0
Will you be that miracle and help a child like Bruce today?,1
"Again, no thank you",0
Thank you for agreeing to make a donation.,0
Thank you!,0
thanks.,0
Ok thank you.,0
Thank you for chatting with me.,0
How much of it would you be willing to donate?,1
Thanks for making me aware of this charity!,0
Thank you.,0
I would like to personally thank you for that.,0
I have not!,1
"Thank you for linking the website, I will check it out right now.",0
how's the weather?,1
Great!,1
Thanks so much.,0
"Thanks i will, i think thats 10 too",0
Thank you,0
We get $2.00 for this HIT so let's donate $1 each and make serious impact for children!,1
They serve all African countries and all continents except Antartica.,1
Thank you for taking the time to help assist the charity and I hope that you have a wonderful day!,0
Do you feel it is improtant to help the children of the world to get them a good meal atleast 2 times a day,1
"yes, I think I have told about my donation and now waiting for the conversation to end.  Thanks.",0
"it's a Monday, but a good start to the week!",1
"Have you ever heard of the charity, Save the Children?",1
Thank you.,0
Thank you so much!,0
"They do work around health, education, etc.",1
"Yes, Well I thank you again for your donation and I wish you a very happy rest of your day!",0
Have you heard of children getting separated from their family at the US-Mexico border?,1
Very well thanks.,0
Do you know if this is tax deductible?,1
You can choose any amount from $0 to all your payment.,1
Great! Thank you for your donation!,0
"Thank you again, and have a great day.",0
A couple bucks and it's a few meals for someone.,1
They provide help to children all across the globe and stand up for children's rights.,1
They also donate their own time and resources,1
Thank you so much for your time and donation.,0
"perfect,  The research team will collect all donations and send it to Save the Children",1
"Not only in the USA, but around the world.",1
Yes I would.,1
This allows doctors to go to other countries?,1
The research team will collect all donations and send it to Save the Children.,1
I am doing well thank you.,0
Thanks for helping me help children.,0
"Yes, I think I would be will to donate to the cause.",1
McDonalds does a charity that helps house families near hospitals so they can be together during a hospital stay.,1
That's a great amount.,1
But we can't help them directly.,1
I strongly identify with their causes and goals.,1
"well, I've already promised 10.",1
Where is the charity based out of?,1
"That is fantastic, thank you!",0
Thank you,0
Thank you very much for you help!,0
Hi!,1
It's nice to know that people are donating to such a great cause,1
"Thanks, that is awesome",0
Good thanks.,0
"So many kids out there need a home, after all!",1
sure thanks again,0
"We\'re doing this drive for ""Save the Children,"" and we were hoping for you to donate.",1
Cool thank you.,0
sure thanks again,0
thank you for donating,0
THanks to Save the children.,0
"Ok, well thank you for your time and telling me about this wonderful organization.",0
"Very well, thank you.",0
You as well. Thank you for the chat :),0
Thanks.,0
How much do you like to donate to the charity now?,1
thank you for your approach.,0
Fine...,1
Thank you so much!,0
I mean $1 to you and I in the United States is really not much but to children in developing countries it is huge when all added up together for the Save the Children program,1
While im in the grave cause I didnt have enough money to buy that bag of chips....,1
the operation has risks,1
Thank you For being able to be so kind hearted as well hope u have a great day and keep a smile on your face ;),0
"Thank you for linking the website, I will check it out right now.",0
Thank you again for the donation.,0
"Your help could really make a difference in a child's life, think of a child who didn't have enough to eat, just a small bit of help may have saved them, are you sure you're not interested?",1
I am doing well thank you and same here,0
Will I be getting any sort of reward as well?,1
do i close this window now,1
How are you today?,1
Thank you,0
I am not sure what you are talking about.,1
What country is in the most need right now?,1
Thank you very much!,0
Thank you for your time.,0
Thank you for your kind words.,0
Thanks for doing your part!,0
I would like more information to be sent to me so I could look into it,1
oh thats great i would donate 5 dollars then,1
It will go to a trustable fund.,1
"This organization is called Save the Children and your donation can help ensure children't rights to health, education, and safety.",1
Infomercials don't impress me.,1
"Those of us who got lucky, can always lend a hand in our own ways.",1
"I am well, thank you",0
"Thanks for your dollar, the research team will collect all donations and send it to Save the Children.",0
Thank you so much for telling me about this.,0
"Okay thank you, the charity really appreciates your donation today and thanks you, how much would you like to do?",0
"Yes, definitely.",1
Good thanks!,0
No i am not can you explain?,1
Perfect thank you for the information.Is there a website where I can check it out and donate?,0
"I am well, thank you",0
"Cool, Thanks for your donation of $0.15 The research team will collect all donations and send it to Save the Children.",0
I am fine thanks.,0
sure thanks again,0
"Ok, I would like to.",1
Thank you for donating your time to the cause.,0
Thank you!,0
Thank you so much!,0
No thanks.,0
Let me get you that information!,1
Very well thanks.,0
Warm and rainy here.,1
Thank you very much for you help!,0
Thanks so much.,0
Thank you so much for your generosity.,0
Thank you for your time today.,0
thank you and hope it helps,0
"Thanks for your dollar, the research team will collect all donations and send it to Save the Children.",0
Not Today but surely ASAP,1
Thanks.,0
"Thanks very much, nice speaking to you.",0
That is when I first heard of it as well.,1
"for sure we must do something, but many people are blind, they see just the green of the money, they dont interact with people to see whats their problems are, i really want to help go in africa or some place but i dont know how i can go with a organization.",1
Thank you again.,0
Okay.,1
"You have a lot of knowledge, thanks for sharing.",0
good thanks.What about you?,0
that sounds meaningful.,1
"Okay, that sounds great!  Thanks!",0
That great and thanks for your generousity!,0
"I am here to let you know about this amazing international foundation called Save the Children that promotes children's rights, provides relief and helps support them in developing countries.",1
"Awesome, thank you!",0
"I am well, thank you.",0
Haha that's true!,1
Good Morning!,1
"I am fine, thank you, Have you ever heard about the organization ""Save the Children""?",0
Thank you,0
I completely understand that.,1
So we don't even need to use Paypal.,1
It's called Save The Children and it's really helpful for kids who aren't as lucky as us and are born in countries that are ravaged by war.,1
"Hi, how much do you know about Save the Children?",1
Hello,1
Thank you.,0
"Thanks i will, i think thats 10 too",0
"Thank you I am not trying to get you to donate any more than that, I just want you to realize what a great impact you will be making on the world..",0
We're talking about children in need.,1
Thank you.,0
Thanks for your time and effort.,0
"Great, thank you!",0
"I am fine, thanks!",0
Yes it does and thank you for the donation,0
Thank you once again for your donation and feel free to spread the word about the charity to others!,0
"Okay, that sounds great!  Thanks!",0
Or they would usually say maybe next time,1
"Thank you for your time, have a great day.",0
And thanks for helping!,0
hi,1
My nephew had to get taken into the hospital not too long ago and I just got the letter in the mail saying they used Save the Childrens donation money to help him.,1
Of course I am very interested to donate funds to charity,1
I see  thank you for your information.,0
I have.,1
They may end up being homeless and going to food pantries.,1
you've donated something to the kids lately,1
They work mostly in developing countries.,1
Thank you so Mich for your donation!,0
Ok.,1
"Thanks, especially Syria children affect more so I really worried about his future.",0
i understand.,1
No problem!,1
"I am fine, thank you, Have you ever heard about the organization ""Save the Children""?",0
Thank you!,0
Anything will help.,1
I donate to Save the Children.,1
Thank you for introducing me to another great charity that is trying to do good work.,0
You have a good day.,1
"I live in a very rural area, people in my town are extremely poor and it still amazes me how they will take what little they have and take care of each other.",1
Thanks for doing your part!,0
Thank you,0
Thank you.,0
Once the children have a safe environment the next priority is to improve their lives via education and other resources.,1
"Well, thank you for wishing me well.",0
No need to share more information,1
"I am doing fine, thanks for asking.",0
They look really good.,1
I didn't realize that.,1
"aw, really ?",1
"Yes, thank you.",0
When we click done that donation box will appear - it should be pretty self-explanatory.,1
Thank you for filling me in on information regarding the charity,0
Thank you for your time.,0
Thank you again for the donation.,0
How much were you thinkin?,1
I understand.,1
"If only they had parental support, but in war-torn countries like Syria their parents are being killed in wars or are fighting for their country, they have no help and that's why they need your support, please find it in your heart to just give a little bit tonight, that's all I'm asking.",1
"no this one time is good, thanks",0
They are the weak ones in my eyes.,1
"I am a teacher, so I have a lot of compassion",1
thank you for your approach.,0
Thank you!,0
Thank you so much!,0
thank you so much for offering your help for childrens' donation,0
Thank you for all the information,0
thank you so much for this.,0
"I'm good, and you?",1
Thank you :),0
"And while the current immigration crisis is a relatively new problem, they stand ready to help in whatever capacity they can.",1
Thank you for chatting with me.,0
Thank you For being able to be so kind hearted as well hope u have a great day and keep a smile on your face ;),0
Thank you for being so informative and helpful!,0
A donation of 0.60 can address these problems,1
"No, I think they mean reducing your payment for this study and giving the difference to Save the Children.",1
"Thank you again, and have a great day.",0
Thank you and I do not want to be rude but I am straight talking person,0
"yes, I think I have told about my donation and now waiting for the conversation to end.  Thanks.",0
Thanks.,0
"Well, it's been nice talking to you.",1
Would you be interested in that?,1
"Ok, thank you for your time!!!",0
"Just some ver basic info, Save the Children is an international non-governmental organization that promotes children's rights, provides relief and helps support children in developing countries.",1
Thank you.,0
I'm doing well. Thanks.,0
How much of the donations goto the children and the effort?,1
I don't make a lot.,1
"thanks, same to you.",0
Thanks and I think we can submit now,0
Your donation would be directly deducted from your task payment.,1
Let's make a donation.,1
Thank you very much forthat info you have been very helpful!,0
"Yes, it is called Save The Children, it is an organization dedicated to ensure safety, education, health and other basic needs for kids in poor countries",1
well do you have faith in this kind of organizations?,1
"Whatever you choose to do or the amount you want to give, I feel like you've changed my mind about charity, not the other way around, so I want to thank you for that.",0
"Oh thank you so much, you have no idea how much that .50 will mean to those children, thank you very much and have a wonderful night you blessed soul.",0
You have to name a specific amount then I match it.,1
Thank you again for donating $10 to Save the Children.,0
"The organisation promotes policy changes in order to gain more rights for young people, especially by enforcing the UN Declaration of the Rights of the Child.",1
I typically give to local charities that use the funds to help in the community.,1
"no, I need to though!",1
Thank you for donating your time to the cause.,0
It's not an argument.,1
it's an organization that helps support kids impacted by warzone violence,1
"It was nice talking, thanks for all you do.",0
thank you.,0
this is really true,1
"Okay, thank you.",0
Thank you for your kind donation.,0
Of course I do.,1
Thank you very much for your $10 donation to Save the Children.,0
I am fine thank.,0
"I'd like to try and donate at regular intervals, like every month.",1
I think Disney World participates too.,1
I have.,1
Okay.,1
"Thanks, especially Syria children affect more so I really worried about his future.",0
I haven't counted but we must be very close.,1
I'm not going to donate.,1
thank you and hope it helps,0
I have a few payments set up monthly.,1
How does that equate to reporting financial information?,1
I will donate $10 also.,1
"Hey, I am doing well",1
Thank you for your donation!,0
Thank you so much.,0
"I feel like I\'ve heard of it, but don\'t know a lot about it.",1
thanks,0
I think this is all very interesting stuff.,1
Im fine thank you.,0
Thank you and have a wonderful day,0
"I'm great, thank you for asking!",0
And you too.,1
"Hello, what do the Save the Children Federation do?",1
"Ok, thank you so much for your help.",0
no i dont,1
Thank you for telling me about this organization,0
sounds good thanks,0
Have a great day and thanks for the chat!,0
I wish I could do more.,1
"No, I honestly don't have any money.",1
Thank you.,0
What is a typical donation?,1
I could maybe do less as well?,1
thank you.,0
I can not donate until 10 chat turns.,1
"Yeah, that sounds great. I love donating to charity. I think it is important to help those less fortunate.",1
"thanks, same to you.",0
"Thanks, that is awesome",0
My mom is on the board for a few nonprofits that we attend fundraisers for.,1
No thank you as there is no guarantee to this. I'd rather donate locally,0
"Yes, Thank you for time and attention, and thanks for helping.",0
That is quite a milestone.,1
Where can I read more about this organization and possible give a donate?,1
Every bit helps.,1
"I'm doing well, thanks!",0
Thanks for the information.,0
thank you again for the 5 cents donation.,0
"doing fine, what about you",1
I hope that is the case as I hate to read about children in danger.,1
"Thank you I am not trying to get you to donate any more than that, I just want you to realize what a great impact you will be making on the world..",0
Thanks.,0
I would like to personally thank you for that.,0
Thank you.,0
You are welcome and thank you for bringing my attention to such a well deserved charity!,0
"I knew it was a large number, which is one of the things I was thinking Save the Children could help with",1
"Fine, thank you.",0
thanks will do the same,0
Thank you.,0
"Yes, I believe it is good to be ethical.",1
Thank you so much for taking the time to speak with me and also for your donation.,0
"Thank you for your time, have a great day.",0
Thank you.,0
you are an excellent human being,1
That's a good outlook.,1
Really relevant.,1
Most of those places have so much overhead not much actually goes to the cause,1
Thank you again,0
I think I would feel good about half and if you are inclined to donate as well that would be fabulous.,1
Thank you!,0
"If you'd like to donate a few more cents, that would help even more children get out of poverty and live a much more clearer life.",1
ok fine...,1
Thank you.,0
Thank you.,0
"Cool, Thanks for your donation of $0.15 The research team will collect all donations and send it to Save the Children.",0
"Well, we at Save the Children would like to thank you for your donation and let you know that thanks to donors like you, children around the world are thankful",0
Boy and girl.,1
Did you know that?,1
Thank you.,0
Thanks and I think we can submit now,0
"you would help me , thank you for your conversation",0
Ok thank you,0
Ok thank you,0
"Thank you for your time, have a great day.",0
Can the kids count on you?,1
Thank you for your time today.,0
Could I pledge $1/day to start with?,1
Thank you very much for your $10 donation to Save the Children.,0
I would gladly give my earnings to this charity.,1
"Thank you, it will help out children in need.",0
I am well today thank you.,0
Thank you so much!,0
thanks!,0
I am well thank you and you?,0
Thank you so much!,0
Thank you for your time.,0
Thank you for the information.,0
"Great thanks, Im here to talk about the childrens charity.",0
I certainly am not wealthy but still try to make donation as often as I can.,1
"mmmm that is interesting, I did not know that statistic.",1
We are all trying to survive in life.,1
Thank you.,0
Of course!,1
"Toward children's health, education, or safety?",1
"No, not all of it will stay in the United states",1
I feel heartbroken for some of these kids.,1
Thank you!,0
"I am fine thanks, It's not been a long time I am on MTurk, but It is interesting how they are working on donating, Are you interested in donating?",0
I will just ask you to consider how you would feel if your child was danger like many children are.,1
Sure thing.,1
You too,1
You could find that out here at this website.,1
thank you.,0
let's do 1,1
What amount would you feel comfortable donating?,1
you donate for this children,1
lol,1
Thank you For being able to be so kind hearted as well hope u have a great day and keep a smile on your face ;),0
Thanks for doing your part!,0
"I will look in to donating my time locally, thank you!",0
"Thanks to our growing community of child sponsors, we increased our impact and reach ??Â¸??Â¸ helping 29% more children than we did in 2014",0
The rains over the past two days have been awful.,1
That is very generous.,1
i will do it as soon as the chat ends.,1
"I had heard about the McDonald's charity and see the change box, but I did not know much about it until a customer told me his son used their services when i was getting food once",1
Thank you.,0
Thank you again for donating $10 to Save the Children.,0
"Thanks, have you ben to their site yet?  URL",0
what donations are we talking about?,1
No thank you for the work that you do,0
xx,1
How much would you like to put towards that?,1
"I started back in college, when an extra few dollars a month was a lot to give, and now that I've moved on in my career and life I'm thankful I'm able to give more.",0
Thank you again for donating $10 to Save the Children.,0
"Well, we at Save the Children would like to thank you for your donation and let you know that thanks to donors like you, children around the world are thankful",0
Thank you for the compliment and your generous donation !,0
Thank you. You too,0
That is amazing!,1
I bet it's especially good around Christmas when people are in the spirit of giving.,1
"Yes, I do.",1
Thank you for telling me about this charity,0
I am good with donating $10 right now.,1
I see  thank you for your information.,0
"Whatever you choose to do or the amount you want to give, I feel like you've changed my mind about charity, not the other way around, so I want to thank you for that.",0
How much do you like to donate to the charity now?,1
Oh I didn't know that.,1
"i have in the past, good cause",1
hello i am fine thank you,0
Thanks for your time too.,0
I wonder how much 50 cents converts to for them.,1
"I know how hard it can be to be healthy, so I want to help kids get the treatments they need.",1
Whatever my task payment will be.,1
Is there a minimum to donate?,1
Thanks for your donation.,0
Thank you very much.,0
Thank you so Mich for your donation!,0
"Sometimes it's more a matter of convenience, too.",1
"ok, thankyou for your time.",0
Thanks for talking me thru this today!,0
"give me a minute , let me see",1
"Thank you, you too sir.",0
"Thanks for the info, guess I am skeptical.",0
Do they help kids in the US?,1
The research team will collect all donations and send it to Save the Children.,1
"Thanks for the info, guess I am skeptical.",0
"No, I didn't know but thank you for telling me!",0
Ok.,1
This year we are on track to hit 3 million thanks to generous people like you!,0
sounds like a good charity.,1
Do I need to do anything else to make sure I get the money donated?,1
Just so you can have an idea that we use 9 out of 10 dollars directly on the children.,1
No thank you as there is no guarantee to this. I'd rather donate locally,0
"They value children's education greatly which not only enhances the ability for these innocent children to learn skills that can be applied in the workforce, but it also gives them a safe and positive place to be which can't be guaranteed otherwise for some of them.",1
How did you get involved in an opportunity like that?,1
"Thanks, that is awesome",0
More money but I enjoy giving the time,1
Thanks!,0
Thanks.,0
Wow thank you!,0
Thank you for filling me in on information regarding the charity,0
I completely understand that.,1
I glad we can help.,1
You sound very passionate about them.,1
"Thank you, you too",0
Thank you and have a nice day,0
Thank you.,0
"Yes, because it is an international non-governmental organisation that promotes children's rights, provides relief and helps support children in developing countries.",1
Thank you.,0
Thank you very much for you help!,0
"Oh, thanks for the website, I am sure that it has a lot of information that I could use to learn more about it.",0
thank you very much,0
Good thanks!,0
No thank you.,0
I would like to donate $2 then.  Thank you!,0
"Good, thanks!",0
I just looked up Save the Children on Charity Navigator and they give the org an 88.3 rating out of 100 including a 97 for transparency.,1
I think the charity sounds pretty good.,1
Thanks again for supporting such a great cause! :),0
YES I ALSO DONATE 50 DOLLAR TO THEM AND I AM VERY TO DONATE THEM AND THANK YOU  FOR  DONATE.,0
Go ahead and tell me how can I help,1
Thanks for sharing.,0
Save the children is a good organization.,1
"Thanks for the donation, do you know how to submit this task?",0
"Awesome, I'll head over there right now and support it thank you.",0
Would you do it?,1
What about you?,1
It may -- but at this point I really still have no idea what Save the Children is and I would want to research it anyway before I would agree to give money to it.,1
I would like to donate $2 then.  Thank you!,0
"Yes, absolutely.",1
Thank you for telling me about this organization,0
Thanks!,0
yes thats nice,1
Thank you!,0
Very well thanks.,0
I like knowing that my donation is helping children that otherwise would suffer.,1
Thank you!,0
Thank you.,0
I'll donate $10,1
Do you have any kids?,1
children's charity this one,1
They do for sure.,1
Thank you again!,0
Thank you for your donation!,0
"Thanks, warmest regards from Alabama",0
"Yes, it will be nice to know that I was able to give to them.",1
I'm great.,1
"Thanks i will, i think thats 10 too",0
"No, thank you!",0
"Hi, I hope you are well today!",1
Thank you for your donation!,0
Thanks!,0
"Thank you again, and I hope you have a wonderful day!!!",0
Thank you so Mich for your donation!,0
thank you.,0
Thank you!,0
"Definitely, I will donate my $0.30.",1
Many times they say they will and use their own funding based upon our replies.,1
"That's wonderful, thank you so much!",0
Thank you so much.,0
thank you so much!,0
They certainly do and they are well established so you cna be certain they are going to use the money in a good way.,1
I think you can donate as little as one cent.,1
But think of all of the poor children.,1
Bucket lists are all well and good but sometimes we help out now.,1
Like I said those are opinions.,1
Thank you for your guidance.,0
"Even though I can't donate much, at least it will do some good.",1
Thank for answering my questions.,0
What do you think?,1
Thank you so much.,0
"Ok, thank you so much for your help.",0
You can choose any amount from $0 to all your payment.,1
Yes it is.,1
thank you for your support,0
Have a great day!,1
"great, yeah i think we can",1
"Of course I have no way of knowing no matter what you answer, but are you a real person?",1
Thank you so much!,0
"i help with everything they say to me, now im helping finding people donating, thank you for the donation today, god bless you.",0
Thank you for your donation as i guarantee you donation goes towards to the children,0
Yes they are everywhere.,1
i will like to know about the opportunity first,1
That makes me feel much better.,1
you never know who you could be helping,1
"You will not see how it directly impacts one child, but instead think about focusing on how your donation would impact multiple children and families!",1
No problem thank you for telling me about this wonderful charity!,0
okay done.. thanks,0
"However, donating to charity does help those even less fortunate than me, so I try to carve out some money here and there to help out.",1
Thank you for taking the time to help assist the charity and I hope that you have a wonderful day!,0
"I'm doing well, thank you!",0
"Thanks, especially Syria children affect more so I really worried about his future.",0
Thank you for letting me know.,0
Thank you!!,0
You too and Thanks again!!,0
"No, I can't say I have.",1
Thanks again!,0
"Learn about the places we work, the challenges children face and the results we achieve, thanks to supporters like me and you.",0
Thank you for supporting the children of the world.,0
Thanks you too,0
Yes it does and thank you for the donation,0
I think so too!,1
"Okay thank you, the charity really appreciates your donation today and thanks you, how much would you like to do?",0
"thanks, same to you.",0
"Thanks to our growing community of child sponsors, we increased our impact and reach ??Â¸??Â¸ helping 29% more children than we did in 2014",0
"It would be easy for you to get it back but for the children, this would be huge",1
Thank you.,0
Thank you and God Bless!,0
Thank you,0
thank you for donating,0
Thank you.,0
I would like to donate but I am not a huge fan or donating just for promotion?,1
"Sounds good, thank you!",0
No thank you.,0
I'm sorry I'm just not able to at this time but thank you for telling me about this organization.,0
ya fine morning what about you,1
Thank you so much for donating!,0
Thank  you,0
I think it is important to support children from all walks of life.,1
I would like to donate $2 then.  Thank you!,0
They didn't choose that life.,1
IT looks really good and professional.,1
Thank  you,0
"Sounds good, thank you!",0
I would like to personally thank you for your donation today!,0
Thank you very much for you help!,0
Sure,1
okay done.. thanks,0
i dont know,1
What countries has the charity worked in recently?,1
Do you need more info about this program?,1
You would be doing a great service and the charity will be so thankful.,0
Incredible!,1
These donations will be able to help so many children!,1
Thank for answering my questions.,0
Thank you for the compliment and your generous donation !,0
same thanks for the advice have a good one keep spreading love,0
Does this money that goes for donation stay here in the United States?,1
"Save the Children International's CEO Helle Thorning-Schmidt earned $299,136 in 2017.",1
I am doing well thank you.,0
Thank you!,0
"If that was the case, than we might not be in this problem.",1
Thanks How much do you typically give to charity in a year?,0
"I'm doing fine, thank you.",0
most people aren't very generous even when faced with facts about others who are worse off.,1
"Thank you very much, you have no idea how much this helps.",0
"Thank you for donation, there will never be enough people like you in the world!",0
Would like to receive a thank you from Save the Children?,0
"well, I'm glad to hear such a good news from this organisation.",1
Thank you For being able to be so kind hearted as well hope u have a great day and keep a smile on your face ;),0
I have but I can't say I am very familiar with what they do.,1
Have a great day.,1
they sound like a good charity to donate to,1
"Your donation would help ensure children's rights to health, education, and safety.",1
Thank you so much.,0
I would like to dotate $0.20.,1
"That would be great! To confirm, How much do you like to donate to the charity now?",1
Thanks for agreeing to donate!,0
Thank you for filling me in on information regarding the charity,0
The money would at least go to a good cause.,1
I just want to thank you for helping out this great charity.,0
Thank you for supporting the children of the world.,0
Thank you!,0
Thanks for the information.,0
thank u sir,0
Well all of the donations that are collected go to children around the globe to make sure that their rights are protected.,1
"Nope, what do you recommend?",1
I think it would be great if we both did,1
"So, are you interested in charities that help save the children?",1
thank you.,0
Thank you so much.,0
Those commercials make me so sad!,1
Have you ever been on their website?,1
Thanks for your help and have a good Turk day :D,0
I am fine thanks.,0
No thank you for the work that you do,0
thank you.,0
Greetings!,0
"It's a non governmental program that promotes the rights of children, and provides relief to these children in developing countries",1
Do  you volunteer any where?,1
Hiya,1
"You have a lot of knowledge, thanks for sharing.",0
ANything else I should know about this charity?,1
I can't imagine how terrible it must be for a child to grow up inside a war zone.,1
I feel that it would be easy to donate.,1
By directly asking for aid.,1
Thank you so much! What are you hoping your donation will help with?,0
Thank you for your guidance.,0
You're very welcome!,1
"So whatever you donate I can donate as well, and can actually help each other donate to the kids.",1
Oh really?,1
What have you heard people say or have seen online about the charity?,1
You are welcome and thank you for bringing my attention to such a well deserved charity!,0
The donation will go towards food and/or aiding them with their health.,1
YES I ALSO DONATE 50 DOLLAR TO THEM AND I AM VERY TO DONATE THEM AND THANK YOU  FOR  DONATE.,0
Do you know how someone can get involved?,1
"Thanks i will, i think thats 10 too",0
yes i would,1
Hi...,1
Great.,1
Thank  you,0
"I thank you very much, with what you know about save the children",0
Thank you very much!,0
Thank you.,0
Where is the charity located?,1
So lets agree we both can give $1 of of bonus.,1
I like to donate money and time to charities that help children so I also want to thank you for educating me on this charity!,0
I've been working really hard to save every dollar that I can to make sure I can pay my bills.,1
I'll give 5 cents.,1
Thanks for talking me thru this today!,0
"I wouldn't force anyone to donate anything, but if you could swing even 50 cents, that would cover 1 vaccine round for 1 child.",1
"I mean, a penny is nothing in the grand scheme of things.",1
Of course you work for everything you own.,1
Good thanks.,0
It doesn't take much sacrifice to think of small ways to help!,1
"For instance, millions of Syrian children have grown up facing the daily threat of violence.",1
"of course i would, its the least i could do to help the children in the world.",1
Thank you for your contribution!,0
Thank you.,0
Have a great weekend! :),1
"Yes, surely there is a good charity that can help children.",1
That's totally fine!,1
Thank you!,0
It's just part of living on the Gulf.,1
hello i am fine thank you,0
Thank you!,0
Ok-thanks-I will be waiting to hear from them,0
I want you to think about what it means to save a child thats in trouble and how by saving that child you find new hope in your own life.,1
"If Save the Children helps those children who are orphaned or injured like this, then it is an amzing organization.Is that what this applies to?",1
do you ever get tired of being awesome?,1
What kind of payments do you take?,1
Same.,1
"Is there anything you'd like to ask, or any way I can convince you to send a little more to Save the Children in the interests of the kids they work to help?",1
sure thanks again,0
"Wow, that is so good to hear.",1
"Hello, I am fine, how about you?",1
It is very kind of you.Please spread the word on your family and friends,1
thank you for putting time on effort on this.,0
"yes I do, because it is need.",1
Thank you for your time and effort.,0
Any organization who promotes rights for those who don't have the platform to speak up is a wonderful charity.,1
"Cool, Thanks for your donation of $0.15 The research team will collect all donations and send it to Save the Children.",0
thank you.,0
i hope you have a good day,1
You're awesome,1
"Yes, I have.",1
Thank you.,0
Hello?,1
thank you!,0
"Yes I don't mind if there is a feature I can turn on where every hit I do, a few cents go to the charity of my choice.",1
maybe,1
Thank you again.,0
okay done.. thanks,0
"Ok, thank you so much for your help.",0
i am also laughing .didn't tell anything,1
It is in terms of values.,1
How much would you like to donate today?,1
"Thank you for linking the website, I will check it out right now.",0
"yes, I think I have told about my donation and now waiting for the conversation to end.  Thanks.",0
Thank you for your donation!,0
"Oh, that sounds nice.",1
I can donate $0.50.,1
Thank you.,0
I am well thank you and you?,0
Thank you for agreeing to make a donation.,0
"They mostly help kids in the African continent, but also in Asian countries like Nepal and Butan, where there is simply no way for kids to access education unless their parents are rich.",1
"Yes, it is a worthy organization and I do believe that it helps in many substantial ways.",1
Thank you for all that you are doing.,0
"Great thanks, Im here to talk about the childrens charity.",0
A few cents a month is all it takes to help change a child's life.,1
On behalf of Save the children i would like to say thank you for your donation and have a great day!,0
That's great! Thank you very much for your donation!,0
What about the after school programs they have right here in the US or the head start programs that they offer in many rural areas?,1
Thank you once again for your donation and feel free to spread the word about the charity to others!,0
The children from around the world will surely be thankful as well.,0
YES I ALSO DONATE 50 DOLLAR TO THEM AND I AM VERY TO DONATE THEM AND THANK YOU  FOR  DONATE.,0
The donation will be taken from your payment for this task.,1
I sometimes question charities that I don't really know,1
Is it reputable?,1
How do you feel about donating to Save the Children?,1
"Well, thank you for wishing me well.",0
Save the Children works to provide relief in countries like that.,1
Thank you very much forthat info you have been very helpful!,0
"Sounds great, your generosity will go great lengths!",1
"That's great, it will be very much appreciated.",1
Give me your details i will send you later on.,1
Thank you.,0
"On behalf of Save The Children, THANK YOU!",0
"For example, 34% of the money donated goes to health & nutrition services and programs, 21% to education, 11% to emergencies, 11% to HIV/AIDs, etc.",1
Do you know what these children are suffering from and what the money will be funding?,1
What would you prefer to see your $5 go to specifically?,1
Thank you,0
"That's wonderful, thank you!",0
"OF course, it will be great for all around, my daughter to see that she should do things like this out of kindness and for the children , thank you",0
Because you keep asking the same question for someone that conversing about donating to a charity.,1
Thank you so Mich for your donation!,0
I feel really torn about the crisis.,1
If you're an adult and you're homeless it's a very different situation than being 6 years old and homeless.,1
"Yes, I was really surprised too.",1
I could maybe help can you tell me more about it where is it based out of and how much will actually be used for the cause?,1
respond with your mturk number and I'll donate .50,1
wow! thanks on behalf of the organization! that is generous!,0
Kids does not care where they from,1
Thank you and have a wonderful day,0
Thanks.,0
"These children need help, and could use it from generous people like you.",1
Thank you for the information.,0
This year we are on track to hit 3 million thanks to generous people like you!,0
"i am also a follower of Unicef, are you familiar",1
Thanks you too,0
Have an awesome day and thank you again!,0
"No, not really.",1
I cannot thank you enough for that.,0
I'm glad to know you agree with Save the Children's values.,1
"I'm great, thank you.",0
"It is going alright, thanks",0
Thanks!,0
That's awesome!,1
"Thanks for the info, guess I am skeptical.",0
How much of a donation are you looking for?,1
You are very welcome and thank you for being so generous!,0
Thank you very much.,0
So I have much empathy for these children and their needs.,1
"Thank you again, and I hope you have a wonderful day!!!",0
After knowing how hard they work I was really impressed.,1
Your $10 donation will be matched by Save the Children,1
Lets look at in another way..,1
"Thanks, you too.",0
sounds good thanks,0
Thank you for being so giving.,0
"Me too, this was neat.",1
I went to the website and looked up the actual numbers.,1
Thank you!,0
"In the first two months of 2018 alone, 1,000 children were reportedly killed or injured in intensifying violence.",1
I assume save the children would be able helping children in three world countries.,1
Exacally if 50cents can make a differnce in someones like and i can help im all for it !!,1
"thank you,I just want to help this world and especially the children within it and save the children is doing that job",0
"Thanks, especially Syria children affect more so I really worried about his future.",0
Thank you for your generosity!,0
No thank you.,0
"Do you think you will, too?",1
thank you again for the 5 cents donation.,0
"Thank you very much, you have no idea how much this helps.",0
thanks!,0
"Thanks, you too.",0
86.5% of it goes towards support program services.,1
I try to donate at least 250 every year.,1
They promote children's rights and help support children in developing countries.,1
The world's children deserve better and you're making a difference.,1
Thank you for your donation.,0
Thank  you,0
Even a bit?,1
Thank you for your time today.,0
"that is true, but its hard to justify that 30c is going to make any difference",1
Thank you again for donating $10 to Save the Children.,0
Would you donate to Save the Children?,1
Thank you very much forthat info you have been very helpful!,0
This group helps poor underprivileged children in the US too.,1
Thank you :),0
"Thanks, that is awesome",0
By not donating this tiny amount you're directly allowing children to sufer.,1
Doing Good.,1
I am doing well thank you.,0
Thank you.,0
Thank you. You too,0
You might find that you will eel the same way.,1
"Thank you, that is wonderful and you will help a tremendous amount!",0
Thank you buddy.,0
thank you sir.,0
"Yes, it really does cause feelings of guilt!",1
Thank you for your kind words.,0
And I thank you,0
"I thank you very much, with what you know about save the children",0
Thanks again.,0
if you go to save the children.com you can find all of that information,1
thank you very much,0
You can donate any amount from your payment.,1
Thank you.,0
So i'd really like to thank you for your interest and time.,0
Thank you for your donation!,0
"I am fine thanks, It's not been a long time I am on MTurk, but It is interesting how they are working on donating, Are you interested in donating?",0
I read a blog about Sea World is a big donater to children's charities.,1
"Cool, Thanks for your donation of $0.15 The research team will collect all donations and send it to Save the Children.",0
"Again, no thank you",0
"no this one time is good, thanks",0
Denied an education.,1
lol,1
"No, I didn't know but thank you for telling me!",0
It breaks my heart to know that while I have so much freedom there are kids that look at a simple meal as a lifesaving chance.,1
That is awesome but I need the money so I can't afford to give right now.,1
Would like to help?,1
"That's right, thanks for showing me the page, I will help many children, today I want to sponsor 3",0
"OK, i have donated to them before!!",1
Thank you and have a nice day,0
"Hi, I would like to speak to you about a wonderful charity called ""save the children"".",1
Thank you and God Bless!,0
No thank you,0
"Awesome, thank you!",0
Thank you so much.,0
"Thanks, have you ben to their site yet?  URL",0
"of course i would donate, how much are you willing to donate?",1
hope things get better for you!,1
"On behalf of children worldwide, thank you for your kindness.",0
I'm glad and happy to help!,1
"ok, thankyou for your time.",0
Are they well rated by the watchdog groups that keep an eye on non-profits?,1
"I would consider doing so, they help so many children.",1
My wife has health issues and is losing her insurance.,1
"Yes, I like to help whenever I can when it comes to children.",1
"I'm doing great, thanks.",0
i want to help all the children in the world,1
"Hi, how are you today?",1
Thanks for the info I will check it out,0
No thank you.,0
"Hey, how are you?",1
It's called Save the Children.,1
"I'm doing swell, thanks for asking!",0
I cannot thank you enough for that.,0
come in  URL,1
Thank you again for the donation.,0
They are currently helping Syrian children,1
I am fine thank.,0
"Once again, thank you for your donation.",0
"Thank you for your time, have a great day.",0
I will only do this in my town,1
Your donation will be directly deducted from your task payment.,1
Well theres a charity called Skateistan that is championed by the famous skater Tony Hawk And the majority of their donations go to direct service and help children out all of the world whom live in the most vulnerable situations.,1
How are the proceeds distributed?,1
"No, thank you!",0
Even the smallest donation would make a difference to a child in need.,1
"Yes you are right, I help as much as I can.",1
Your donation will be directly deducted from your task payment.,1
"Ok, thank you so much for your help.",0
Thank you!,0
"Alright, just to be sure you want to donate 1 dollar?",1
I do too,1
Thank you so much for donating!,0
Thank you.,0
Thank you!!,0
I see they are top rated charity,1
They donate money to help children in developing countries.,1
Good thanks.,0
Thank you so much!,0
Thank you so much!,0
I AM doing well how are you,1
sounds good thanks,0
thank you very much,0
"looking at the link you provided, it appears that children in America also benefit from Save the Children donations.",1
"However, there are so many children that could benefit from just pennies.",1
What kind do you typically give to?,1
Do you know if they support children in the US who do not have access to education or other basic necessities?,1
"Ok, thank you for your time!!!",0
? At least you know some of this money will go to save lives,1
same thanks for the advice have a good one keep spreading love,0
I am doing well thank you and same here,0
Save the Children is reputable and every dollar they raise goes to feed families.,1
And I thank you,0
Thank you.,0
Thanks for that.,0
Thank you buddy.,0
I know the children are very grateful!,1
Thats great news!!!.Children will be grateful,1
They are not affiliated with any religious group.,1
How much would you be able to spare?,1
Thank you!,0
I could even go for the whole $.30 if you want.,1
I'm doing well. Thanks.,0
Thank you again.,0
Thank you for your donation.,0
I love to do charity work.,1
Thank you for donating your time to the cause.,0
Thank you for your donation.,0
Thank you!,0
Thanks!,0
I am doing well thank you and same here,0
Working with kids is the best.,1
They're an international organization that promotes children's rights and helps give children aid in developing countries.,1
They are our future exactly.,1
"Thank you, but no.",0
Great!,1
So if i donate will 100% of my donation go to a child?,1
Whatever you can afford.,1
"Thank you for linking the website, I will check it out right now.",0
"If you have any questions about where your donation goes or anything, you can go do  URL and follow up on your donation",1
Thank you again for donating $10 to Save the Children.,0
And you'd be surprised how far even just a little bit of money goes in some impoverished countries.,1
"Thanks for the info, guess I am skeptical.",0
Thank you so much.,0
You would be helping some children who desperately need it,1
"And thank you, I'm sure this week will be relaxing for me as well.",0
Thank you so much.,0
I am doing well thank you.,0
"So, I guess they'll view the chat.",1
Thank  you,0
Even a dollar or less can be used to do great things.,1
That is wonderful!,1
Thank you.,0
Your donation will be directly deducted from your task payment.,1
"Well, thank you for wishing me well.",0
Syrian children have grown up facing daily threat of violence.,1
That is amazing.,1
So it looks like the money goes toward health and education?,1
Your family is rich enough to live in a first world country and have food on a daily basis.,1
"Yes, I think they are great.",1
Thank you!,0
"The children will thank you, do you think you can do a little more?",0
"For example, millions of children in Syria grow up facing the daily threat of violence.",1
I feel like a lot of charities squander the money and don't actually use all the donations for what is promised.,1
How do they do that?,1
I feel like our country does not focus enough on our issue with poverty.,1
How much is a good donation?,1
Hi there how are you doing today?,1
Thank you for your time and information!,0
Thanks again!,0
Hi friend.,1
thank you again for the 5 cents donation.,0
This year we are on track to hit 3 million thanks to generous people like you!,0
Hi there!,1
That's great!,1
Thank you so much!,0
One of the things that really touch my heart is preventing malnutrition.,1
Thank you.,0
I will do that.,1
hello i am fine thank you,0
At the end Of our next few chats I'm going to ask you to  donate what you earn from this survey .,1
I totally agree - I have a young child and when I see images of children starving or suffering it really makes me want to help out however I can.,1
Thank you too.,0
thank you.,0
The research team will collect all donations and send it to Save the Children.,1
Thank you buddy.,0
"Thanks very much, nice speaking to you.",0
Would like to receive a thank you from Save the Children?,0
"Well, we at Save the Children would like to thank you for your donation and let you know that thanks to donors like you, children around the world are thankful",0
Can I count on you today?,1
what is it abuot?,1
Thank you for the information.,0
I have to thank you again for your $1 donation.,0
"I'm very well, thank you.",0
Thanks I would appreciate your help.,0
Thank you for being so informative and helpful!,0
Thank you for taking the time to help assist the charity and I hope that you have a wonderful day!,0
"I agree, the local charities are good.",1
Thank you.,0
"Well, we at Save the Children would like to thank you for your donation and let you know that thanks to donors like you, children around the world are thankful",0
Thank you for your kind donation.,0
Thank you. You too,0
Thank you for the information you provided.,0
Thank you for filling me in on information regarding the charity,0
Yes they do I like St Judes Childrens Hospital also,1
These are kids we're talking about they know nothing but war going on and you already mentioned you give to St Jude.,1
Every little thing does make a difference.,1
You can choose any amount from $0 to the entire payment.,1
I would love to donate $.50 cents,1
I'm often skeptical of big charities like that.,1
Thank you again,0
"I'm doing well, thanks!",0
i like to help since people have helped me,1
"Thank you I am not trying to get you to donate any more than that, I just want you to realize what a great impact you will be making on the world..",0
I wish they didn't have to spend their monies on commericals but it is the only way to get their name out there.,1
You are AWESOME!,1
Thank you!,0
Thanks for your time too.,0
I want to make sure not all the money is going to the staff via salaries,1
"Yes, I've heard that before.",1
You can donate by clicking on a link at the end of this task.,1
i mostly deal with friend and other persons,1
The research team will collect the donations and send them to Save the Children.,1
"I am fine thanks, It's not been a long time I am on MTurk, but It is interesting how they are working on donating, Are you interested in donating?",0
That great and thanks for your generousity!,0
would you like to donate and save the children?,1
Thank you for filling me in on information regarding the charity,0
I wish all kids could have that kind of opportunity.,1
Other than it mentioned today of course.,1
It gets the word out and makes people want to follow suit.,1
as of now i am donating $1,1
What was life like for you as a kid?,1
You sound like someone who would really appreciate what Save the Children does.,1
Simple Google search.,1
"They promote childrens rights, provide relief and helps support children in developing countries.",1
Good thanks.,0
"Hey, good to be chatting with you tonight.",1
Yes I have heard of Hurricane Harvey.,1
"Thank you, have a great day!",0
It is what gave birth to the whole crowdfunding platform.,1
thank you!,0
Hi there how are you?,1
Thank you for all that you are doing.,0
I'm helping Save the Children Charity to raise money.,1
"Oh thank you so much, you have no idea how much that .50 will mean to those children, thank you very much and have a wonderful night you blessed soul.",0
"I am fine, thank you, Have you ever heard about the organization ""Save the Children""?",0
Are you willing to match my 10 cent donation to Save the Children,1
Thanks for being aware of that particular nuance.,0
"Yes, I have two.",1
Thanks.,0
Thanks for agreeing to donate!,0
Thanks for the info I will check it out,0
I believe every child deserves the chance to have food in their bellies and an education to be able to help others when they get to adulthood.,1
Although that one is easier to spin as seeking more money to fund more projects.,1
Thank you for telling me about this organization,0
Just do not to the other side,1
YES I ALSO DONATE 50 DOLLAR TO THEM AND I AM VERY TO DONATE THEM AND THANK YOU  FOR  DONATE.,0
I've been thinking about donating to a children's charity.,1
"Yes, I am very fond of Save the Children.",1
For example Syrian kids have died in thousands just in 2018 and Save the children is trying to help as much as they can,1
Thank you for your help!,0
Good thanks.,0
"Thanks, you too.",0
"Ok, thank you.",0
Thanks again for supporting such a great cause! :),0
SO what would I do if I wanted to help these kids?,1
Well it's cool that you are using mTurk.,1
Thanks again!,0
Thank you for the donation,0
That sounds good.,1
"On behalf of children worldwide, thank you for your kindness.",0
Thank you for your kind donation.,0
"You should  type the same  thing and if perhaps if you know anything about the charity, share it?",1
And thanks for asking me too.,0
"You're absolutely right-  sometimes we don't realise it, but what seems like a little bit of moeny to us can make a big difference to them.",1
They want to make sure it doesn't happen to the ones that come after us.,1
no problem thank you for donation 0.60 to save the children,0
Thanks and I think we can submit now,0
"From what I'm reading, it sounds like a great cause",1
Interesting.,1
"Printed pictures all the way for me, it's what I know.",1
Thank you so much!,0
I am thinking of 50 cents.,1
Save the Children seems to be a very trustable fund.,1
did they ever did a big mistake that was all over the news?,1
"no this one time is good, thanks",0
But children's charities are great too.,1
"I recently read from an organization called Save a Children, which works hard to protect these children and needs financial help to continue",1
I help raise donations and volunteer time.,1
what hobbies do you like?,1
Ok thank you,0
I don't waste much money on that type of stuff.,1
How much do you like to donate to the charity now?,1
This donation directly goes to children's charity called Save the Children and thanks you so much for this help.,0
We will circulate the information to all the volunteers soon .,1
thanks will do the same,0
It's not like either of us can do much with that either.,1
Have you heard of the charity called Save the Children?,1
Thank you!,0
"Ok, well thank you for your time and telling me about this wonderful organization.",0
Thanks so much!,0
Hassle free.,1
Thank you for your donation and for supporting children in need.,0
I live in the US and wish we were doing more as a country to help these kids.,1
"Save the Children is a worldwide charity that give children access to healthcare, safety, and advocacy thanks to donations like yours.",0
Thank you.,0
Cool thank you.,0
Thank you for the information you provided.,0
"no this one time is good, thanks",0
Thank you for your donation!,0
Thank you.,0
How about you,1
"It is very heartbreaking to hear, and I'm glad Save the Children stepped in.",1
Thank you for telling me about the charity.,0
"Thank you, it will help out children in need.",0
Thank you for participating!,0
The children from around the world will surely be thankful as well.,0
tell about your life,1
"Today, for instance, is our End of Summer Carnival for the kids.",1
Good afternoon/evening,1
"Okay, that sounds great!  Thanks!",0
Thank you for your kind words.,0
Sounds good to me.,1
Usually it is not something I am a strong believer in though.,1
my life is going good.,1
Ok thank you,0
Thank you so much for your donation!,0
It's great to earn extra money here and there.,1
Do you have children yourself?,1
Perfect thank you for the information.Is there a website where I can check it out and donate?,0
"You have a lot of knowledge, thanks for sharing.",0
The research team will collect all donations and send it to Save the Children for us.,1
"Well, it was nice to meet you and thank you for agreeing to donate today!",0
How about you do you have a favorite charity?,1
"I am well, thank you",0
"Oh, thanks for the website, I am sure that it has a lot of information that I could use to learn more about it.",0
That's pretty awesome.,1
Thank you so much for your time and the effort you are putting towards this very reputable charity!!,0
We do what we can and help something we can for the poor childrens,1
"Such as children in Syria who have lost everything from parents to homes due to the conflict they are experiencing, children in Africa who have been orphaned and just need care,",1
I'm doing well thank you,0
"hello, are you interested in charities?",1
"It is very sad, but with the help of so many millions of caring people we are able to enrich the lives of so many.",1
Thank you for filling me in on information regarding the charity,0
I haven't!,1
They get him a house and warm food,1
Thank you again.,0
"Okay thank you, the charity really appreciates your donation today and thanks you, how much would you like to do?",0
thank you very much,0
Thank you very much for your generous donation!,0
"Thank you for donation, there will never be enough people like you in the world!",0
"this is a perfect charity organization , they do all kind of things to help others around the world.",1
And thanks for helping!,0
"Very, very sad.",1
They are very transparent!,1
"I thank you very much, with what you know about save the children",0
Thank you for your donation!,0
I'm doing well thank you,0
"I'm hoping you'll keep half for you and your own child, and half for Save the Children too!",1
"We are blessed to be a blessing, that's what I believe.",1
I doesn't cost much.,1
I was wondering that.,1
Thank you so much!,0
thanks.,0
I definitely.,1
ok please do,1
Thank you so much.,0
It truly will go to a good cause.,1
They could be helping people with their money',1
Thank you!,0
is an organization that helps children,1
You?,1
Hello.,1
I am not sure I know what Save the Children is.,1
I'm doing well. Thanks.,0
Nice!,1
"Thank you, you too",0
I'm really sorry.,1
Thank you so much :),0
Thank you so much!,0
I like to donate money and time to charities that help children so I also want to thank you for educating me on this charity!,0
such an important job!,1
Hi,1
Great! Thank you for your donation!,0
I think I'll donate a little bit to them.,1
Thank you so much! What are you hoping your donation will help with?,0
What is the minimum dollar amount?,1
Thank you.,0
"I am well, thank you",0
"Thanks for the info, guess I am skeptical.",0
Thanks I would appreciate your help.,0
thanks so much!,0
Thank you.,0
Thanks for helping me help children.,0
I feel like they'll just take my donation and get their tax credit.,1
Thank you for taking the time to help assist the charity and I hope that you have a wonderful day!,0
I am well.,1
I can donate .10 of my mturk earnings.,1
"for just a small amount you can help a child starving in Africa, and other children who are homeless",1
thank you again for the 5 cents donation.,0
I have to thank you again for your $1 donation.,0
"As a former foster kid, it makes me happy to see this place bring such awareness to the issues and needs of our young.",1
Thank you so Mich for your donation!,0
Thanks for helping me help children.,0
okay done.. thanks,0
Remember to pass along our info to friends and family. Thank You and good night!,0
Yes i will.,1
"Again, it was a pleasure meeting you and many many thanks for your kind generosity in the form of a donation.",0
Many people have questions but inquiring is the only way to know that you are doing the right thing.,1
THe amount is totally up to you.,1
I am fine thank.,0
absolutely thank you so much!!,0
Wow!,1
What is it all about?,1
"Have you ever heard of ""Save the Children?""",1
Great! Thanks so much and I'm just so happy to be able to donate,0
86% goes towards the services...,1
Thank you for participating!,0
"Ok, thank you for your time!!!",0
I see  thank you for your information.,0
Now when you see those commercials you can feel good that you did something to help.,1
Thanks for the 5 cents.,0
"Thank you very much, have a nice day.",0
The best part is knowing that you can help make a change in a person's life who is currently unable to financially,1
Seems like a great cause!,1
Thank you for the donation,0
Thank you very much.,0
no problem thank you for donation 0.60 to save the children,0
I would like to personally thank you for that.,0
Do you have anything like that?,1
Probably more.,1
"Thank you again, and have a great day.",0
thanks.,0
"In the first two months of 2018, around 1,000 children were killed or injured due to violence there.",1
I hope you have a wonderful day.,1
I give $30 a month Save the children is international and helps children in all nations,1
thank you very much,0
Yes they are such a great charity that they have won many awards for their efforts,1
Cool thank you.,0
"Again, it was a pleasure meeting you and many many thanks for your kind generosity in the form of a donation.",0
Did you know they've won over 7 different awards for their charitable work?,1
i get that.,1
"That's so big of you, and not many people care these days.",1
I have been doing some research while waiting for your responses.,1
I have given a few extra cents sometimes at the checkout in grocery stores.,1
Thanks again!,0
"It  is an international non-governmental organisation that promotes children's rights, provides relief and helps support children in developing countries.",1
Great!,1
Thank you very much!,0
Thanks so much!,0
Thank  you,0
I'm good thank you!,0
we have to chat so ask a question,1
Thanks for that.,0
It is sad.,1
I cannot thank you enough for that.,0
"Well, thank you for wishing me well.",0
"Thank you, but no.",0
Thanks again!,0
Children with no reason to smile.,1
Do you have any info on this children's charity we're supposed to talk about?,1
Are the children in need all across the world?,1
"I'm doing well, thanks!",0
Thanks for the 5 cents.,0
Yes It looks like a trustworthy organization with no doubt.,1
I would like to help in the future when I am more financially stable.,1
Thanks for your help and have a good Turk day :D,0
Thank you again for donating $10 to Save the Children.,0
Have an awesome day and thank you again!,0
"I will look in to donating my time locally, thank you!",0
Well you can donate now to Save the Children.,1
Thank you for your donation!,0
Thank you.,0
thank you very much,0
Thank you for your kind donation.,0
that's good.,1
ty..i will contact and agree to start off with 10$ per month,1
Many of them lives on a war zone,1
Absolutely!,1
"Thanks, I don't consider myself that great, but any little difference i can make makes me feel good about myself",0
Just a small donation would go towards vaccinating kids the world over.,1
Thank you for your help!,0
They absolutely have United States based programs!,1
Thanks!,0
thanks will do the same,0
"ok, thankyou for your time.",0
"That is wonderful, thank you for all the information.",0
"I have thought about donating before, but never got around to it.",1
"awesome, thank you so much",0
I will are you going to help,1
Thanks.,0
Thank you for participating!,0
That's simple enough.,1
Thats very sweet of you.,1
Thanks again.,0
THanks to Save the children.,0
"It is going alright, thanks",0
this is true,1
Yes!,1
Thank you for your time.,0
"Ok, I thank you very much for your consideration!",0
Thanks for being aware of that particular nuance.,0
"Great, have you ever donated to this organization?",1
"Thank you, have a great day!",0
"On behalf of children worldwide, thank you for your kindness.",0
Greetings!,0
"of course i am, do you know save the children charity?",1
Thanks.,0
"Awesome, I'll head over there right now and support it thank you.",0
Yes it is hard to tell whose interests really lie in the movement they promote.,1
And share on social media could be the next step?,1
"No, that's relevant.",1
Did you know that 90 cents out of every dollar goes directly towards helping a child?,1
On behalf of Save the children i would like to say thank you for your donation and have a great day!,0
I'm going to donate half .10 - So i Can feed a child for a day,1
thank you very much,0
Thanks for making me aware of this charity!,0
"Very well, thank you.",0
"Yes, I agree too!",1
Do you know what Save the Children's reputation is for actually using the money it collects to help children versus for fundraising and administrative salaries?,1
"If I donate $25, does that go a long way?",1
And thanks for helping!,0
"For example, I like to give a little money to charity each month.",1
Like yesterday I had a craving for candy so I bought a bag of smarties for $2.79.,1
Especially for the children in war zones where they are dying every day because they cannot get enough medical care.,1
What if I were to tell you that 100% of your donation would go directly to helping one child?,1
I think that's great!,1
How much are you going to donate?,1
Thank you so much.,0
Thank you.,0
Yes.,1
The explanations you provided were very useful.,1
That sound great but you know my biggest concern with making donations to charities is always the question of just how much of the money I give actually reaches to the intended people.,1
Thank you for letting me know.,0
wow that is neat,1
Ok thank you,0
"Awesome, I'll head over there right now and support it thank you.",0
Thank you very much for your generous donation!,0
Thank you so much!,0
okay..and how are you,1
Their lives were in danger constantly from the threat of terrorism.,1
"Thank you for your time, have a great day.",0
I am good thank you.,0
how much u pay,1
"They often protect children from being victims of hunger, violence, and child labor.",1
Thank you.,0
"Thank you so much,  you have no idea how much this will help the children in need!",0
I am mostly aware yes.,1
They also appeal to stop hunger issues abroad.,1
"Great thanks, Im here to talk about the childrens charity.",0
Great! Thank you for your donation!,0
Yes I have heard of them.,1
"I'm very well, thank you.",0
You as well.,1
What other countries are they working in right now?,1
What is the best organizations and charities for children?,1
"Thanks, have you ben to their site yet?  URL",0
there are so many starving and abused kids here in the US that I'd feel more comfortable helping them first.,1
"Yes, Thank you for time and attention, and thanks for helping.",0
Thank you for your donation.,0
are you interested?,1
Thank you. You too,0
thank you again for the 5 cents donation.,0
How much would you likfe to donate?,1
Do you know if they are actually using that money for the intended purpose?,1
"That's right, thanks for showing me the page, I will help many children, today I want to sponsor 3",0
Hello!,1
i said I do this for a living.,1
"Hello, have you heard of Save The Children?",1
If you would like to be a sponsor for about a dollar a day you can go to  URL and sign up.,1
Is this a charity you believe to be doing a good thing based on the information I have provided?,1
Thanks.,0
Yes i have read about that and that is said for those children...where are you from?,1
I know that organizations always stress that every little bit counts.,1
You as well. Thank you for the chat :),0
"I will be honest, what I had heard though wasnt positive.",1
"Im sure you love them as your own, I have a big family do you?",1
I feel very bad for the children in Syria.,1
I am well thank you and you?,0
Thank you.,0
Are you aware of what save te children does?,1
I would like to personally thank you for your donation today!,0
I have some of the paper work together ho much did you want to donate right now again?,1
"I'm well, thanks",0
Thank you for your donation.,0
"Great, thank you!",0
"I am fine, thank you, Have you ever heard about the organization ""Save the Children""?",0
"Sounds good, thank you!",0
"Thank you very much, have a nice day.",0
Thank you so much :),0
I think it's great and I love that they help kids to reunite with their families.,1
Interesting.,1
So I guess now is the part where I ask if you'd like to donate any of your compensation to them?,1
"I have not yet through this charity, but it is my charity of choice for my next sponsored child",1
That sounds like a great cause.,1
Can we mark you down as a potential donor for next year as well?,1
Thank you very much.,0
"Thanks for the info, guess I am skeptical.",0
"I hope so, maybe I can do more in the future.",1
The research team will collect all donations and send it all directly to Save the children.,1
Thank you.,0
"No, thank you!",0
Thank you!,0
"Great, thank you very much",0
"They use almost 90% of all donations directly to help children in the areas of education, safety and emergency...",1
oh ok then $50,1
And the charity is highly rated with many positive rewards.,1
"Thanks for the donation, do you know how to submit this task?",0
Thanks.,0
"thank you,I just want to help this world and especially the children within it and save the children is doing that job",0
"Well, it was nice to meet you and thank you for agreeing to donate today!",0
Thank you!,0
"I'm doing great, thanks.",0
Thanks I would appreciate your help.,0
I hope someday these children will be free from all of this violence,1
Thank you for telling me about the charity.,0
do you know many kids in the world are suffering,1
I believe this is still under investigation.,1
Specially kids in need.There are some living in very bad conditions,1
"it is an NGO, yes ofcourse many times I have considered to donate them as per my ability",1
Thank you for telling me about this charity,0
"ok, thankyou for your time.",0
Thank you again.,0
Thank you for telling me about this organization.,0
"Sounds good, thank you!",0
"The Save the Children Fund, commonly known as Save the Children, is an international non-governmental organisation that promotes children's rights, provides relief and helps support children in developing countries.",1
"Many different countries, especially war zones...",1
86% of money raised goes directly to the children.,1
Gotcha!,1
Thanks!,0
Thank you Glad I was able to help  this organization with my donation,0
Thanks for your quick responses btw.,0
Thank you for agreeing to make a donation.,0
Thank you for your generosity!,0
"The site tells of all the areas getting help, including war torn areas as well.",1
OK thanks.,0
it's warm but not rainy that I know of,1
I just donated to Save the Children and feel like it will be super helpful.,1
"Great, thank you very much",0
"Yes, I'm not sure either, but it just kills me to know there are ids suffering.",1
"Thank you too, have a good night!",0
"In the first two months of 2018, 1,000 children were killed or injured in the violence in Syria.",1
how would i do it now,1
How can someone get involved and help out with this charity?,1
Thank you.,0
"Hello, yes I have but I am not sure what the charity works towards",1
"Very well, thank you.",0
"i help with everything they say to me, now im helping finding people donating, thank you for the donation today, god bless you.",0
I think out of all charities saving the children is most important one as children make the future.,1
"Thanks for the donation, do you know how to submit this task?",0
do you like to donate?,1
I just donate here and there.,1
Thank you very much for your generous donation!,0
wow! thanks on behalf of the organization! that is generous!,0
They want to do more but lack funding,1
Thank you on behalf of these kids.,0
he researchers should take care of it when they process the HIT.,1
Thank you for the information.,0
Thank you.,0
wow! thanks on behalf of the organization! that is generous!,0
It's a very long story that begins with me witnessing a severe animal abuse (cats) case in my town.,1
thanks so much!,0
I am considering a donation.,1
Thanks for making me aware of this charity!,0
Thank you.,0
Its hard to donate when I feel i would be taking from my daughter to give to other children..,1
"I never heard of them before today, have you?",1
Ditto to you.,1
Even a little can do a lot.,1
Thanks for being aware of that particular nuance.,0
Thank you so much.,0
"The money is truly going to the children, as opposed to the company",1
"Thanks to our growing community of child sponsors, we increased our impact and reach ??Â¸??Â¸ helping 29% more children than we did in 2014",0
Would like to receive a thank you from Save the Children?,0
"I'm good, how are you?",1
Thanks for doing your part!,0
Thank you very much.,0
Thank you for your donation and for supporting children in need.,0
"you're welcome, that was fun",1
Wow that is a lot of sponsors.,1
thank you again for the 5 cents donation.,0
do you?,1
"Ok, thank you for your time and donation, have a great day!",0
Thank you very much!,0
I try to do little things like this whenever I can.,1
That sounds good.,1
I would be willing to give 10 cents of the 30 cent payment to help save children.,1
That's great! Thank you very much for your donation!,0
How are you doing today?,1
Thank you.,0
Thank you and I do not want to be rude but I am straight talking person,0
Tell me about Bruce.,1
"in one occasion trip to Latin America and there the situation is very sad, many children live in the street without anyone",1
I look forward to working with Save the Children,1
It is so sad that children have to been in the middle of all the hate in the world today.,1
I'm sorry I'm just not able to at this time but thank you for telling me about this organization.,0
Thank you for taking the time to help assist the charity and I hope that you have a wonderful day!,0
Thank you so much.,0
thank you.,0
"Just Save The Children, like being part of the solution.",1
How much money do you spend on candy?,1
Even a little would help.,1
"Thank you, it will help out children in need.",0
"Thank you, you too",0
Thank you.,0
Thank you for your donation.,0
They are my children .,1
"I also have a child, so I understand where you're coming from.",1
Thank you for your donation!,0
No thank you,0
"Thank you, that is wonderful and you will help a tremendous amount!",0
So i'd really like to thank you for your interest and time.,0
I will look at the website after this survey and read more about it..I promise,1
Me too!,1
"For instance, millions of Syrian children have grown up facing the daily threat of violence.",1
Oh my!,1
"Ok, thank you.",0
Thank you!,0
"I thank you very much, with what you know about save the children",0
I just want to thank you for helping out this great charity.,0
"It would go to supporting children in developing countries, especially in war zones.",1
Thank you for taking the time to help assist the charity and I hope that you have a wonderful day!,0
"They also help in the United States, Asia, the Middle East, and Latin America.",1
"Yes, your donation will be directly deducted from you task payment you can choose any amount from 0 to all of your paymen",1
Thank you!,0
Have you heard of them?,1
I have not.,1
"Yes, I believe so.",1
Thanks I would appreciate your help.,0
"I'm doing swell, thanks for asking!",0
Yes they are.,1
The researchers from this study would do all of the work and ensure the donation gets to the charity.,1
Thank you.,0
Thank you for the information you provided.,0
I'm good thank you!,0
Thank you so much.,0
Thank you so much!,0
"Yes, I am getting ready for work as well.",1
What kind of children does it help?,1
nope I have never heard of it,1
Either way its cool.,1
"That's awesome, so you'd like to donate all of your task payment?",1
Remember to pass along our info to friends and family. Thank You and good night!,0
Economies of scale actually make it so a donation becomes much more than one would think.,1
Oh that's great!!,1
I'm so glad you asked!,1
I can $1 today,1
Thank you :),0
"I'd rather donate my time or if I do donate money, it will be to a charity that's important to me of my choosing.",1
Hi!,1
Thanks.,0
Thank you.,0
"Thanks, especially Syria children affect more so I really worried about his future.",0
I spend a lot of time in the shelter for them too.,1
Thank you very much for your generous increase in the donation amount.,0
Thank you very much for you help!,0
"Hi, I currently have a children's charity that I sponsor",1
They have an emergency response team ready to go.,1
It is a huge problem to them but you and I do not have that problem huh?,1
"Yes, some of these Universities really impress me with how much they are willing to donate.",1
"Thank you, but no.",0
"I am doing fine, thanks for asking.",0
"Ok, I will definitely help out.",1
Thanks so much!,0
thank you.,0
thank you so much for offering your help for childrens' donation,0
"Well I hope you have a wonderful day and on behalf of the charity and the children it is going to, thanks for your help.",0
There is so much that could be done..,1
"ok, please ask",1
I will give $0.20,1
Thank you for the information.,0
I am semi-crippled with very bad feet.,1
"In the first two months of 2018 alone, 1,000 children were reportedly killed or injured in intensifying violence.",1
I am well thank you and you?,0
I will donate a portion of my payment.,1
thank u sir,0
No thank you.,0
Make a wish is really cool.,1
I am good thank you.,0
Thank you and God Bless!,0
"Also, I agree, the gov't should do more.",1
thanks will do the same,0
I cannot thank you enough for that.,0
Children are the futere,1
thank you again for the 5 cents donation.,0
I do want to help in anyway that I can.,1
Thank you for your donation and for supporting children in need.,0
I would have donate a smaller amount.,1
Sure!,1
Thanks for the information.,0
I think I have heard of it.,1
"Good, thanks!",0
I would like to donate.,1
Would like to receive a thank you from Save the Children?,0
"Thanks for the info, guess I am skeptical.",0
Remember to pass along our info to friends and family. Thank You and good night!,0
your donation will be directly deducted from your task payment,1
"Okay, what are my options?",1
"Did they tell you ""How much do you like to donate to the charity now?",1
"It's an international organization that promotes education, health and safety for all children.",1
Remember to pass along our info to friends and family. Thank You and good night!,0
I think it is a charity that is well deserving and underfunded.,1
I really feel badly for the kids.,1
Thank you.,0
"Similiar, I only donate when I have the money to spare.",1
Thank you for telling me about this organization.,0
"Ok, please explain, sounds like a wonderful charity",1
Thanks for your quick responses btw.,0
"ok, thankyou for your time.",0
thank you so much for offering your help for childrens' donation,0
Remember to pass along our info to friends and family. Thank You and good night!,0
"Yes, thank you.",0
Where are you from?,1
You would be doing a great service and the charity will be so thankful.,0
i do like to donate to charities and this one sounds good because i want to help children but how do i know they are legit?,1
Greetings!,0
If I'm in the right place at the right time or am given an opportunity.,1
Thank you so much as every little counts and I appreciate your donation,0
thank you for putting time on effort on this.,0
Thank you!,0
Save the Children is an international non-governemnt organization.,1
"I'm doing well, thanks!",0
"Thank you so much, same to you!",0
"It probably adds up, assuming everyone pitches in a little.",1
They need your donation more than you do honestly.,1
Would you take it?,1
Thank you again.,0
"awesome, thank you so much",0
"Sounds like a good mission, but I probably won't be able to donate",1
I will donate 20 cents,1
It absolutely is!,1
Thank you on behalf of these kids.,0
That is why I am up so early.,1
I am good.,1
Thank you for taking the time to help assist the charity and I hope that you have a wonderful day!,0
Thank you for participating!,0
"You know 30 cents may not seem like a lot to you, but to a child who is hungry and sick, it can mean the difference between life and death.",1
Thank you!,0
It's sometimes hard to focus,1
thank you for putting time on effort on this.,0
"Thats great, Thank You",0
Thank you so much.,0
Oh that is interesting.,1
"I'm great, thank you.",0
Thank you and God Bless!,0
thank you for your approach.,0
"Let me ask, are you also able to donate, and if so how much are you able to spare?",1
"Hello, how are you?",1
It only needs to be a small donation and it will be deducted out of your task pay.,1
How did the visit go?,1
thank you.,0
"Did you know that 16,000 children under the age of 5 die each day?",1
You are welcome and thank you for bringing my attention to such a well deserved charity!,0
"The children will thank you, do you think you can do a little more?",0
Thank you so much! What are you hoping your donation will help with?,0
Thank you so much! What are you hoping your donation will help with?,0
"I'm doing great, thanks.",0
"Great, thank you very much",0
"Once again, thank you for your donation.",0
"I am well, thank you",0
Tell me more.,1
Thank you for introducing me to another great charity that is trying to do good work.,0
Thank you.,0
I'm good.,1
What encourages you to donate monthly,1
how much should i give?,1
"Thank you very much, you have no idea how much this helps.",0
Thank for helping to the cause.,0
Are donating as well?,1
"Once again, thank you for your donation.",0
"You have a lot of knowledge, thanks for sharing.",0
"Save the Children is an international non-governmental organization that promotes children's rights, provides relief and helps support children in developing countries.",1
"That is wonderful, thank you for all the information.",0
But do you really trust the charities that you give to?,1
That's on me.,1
Thank you so much for telling me about this.,0
I'm looking it up right now.,1
Hello there!,1
"yes, I think I have told about my donation and now waiting for the conversation to end.  Thanks.",0
I would like to donate $0.30 today.,1
Thank you for being so giving.,0
Have a nice day!,1
Yes I know.,1
what do you know about the non-for-profit organization save the children,1
yes .,1
"I understand it may not seem like a lot, but it can really make a difference",1
That seems like a really noble cause.,1
I am so broke but giving a dime is really all i can afford today.,1
That is why I'm talking to you today.,1
"Yes, I am familiar with them.",1
Thank you for telling me about this organization,0
"Thanks, have you ben to their site yet?  URL",0
What motivates you to donate?,1
Thank you so much!,0
"children must be educated i didn\'t heard about  ""save the children"" what is the procedure of giving donation?",1
"ok, thankyou for your time.",0
"its for a good cause, im not a complete asshat",1
"I am doing fine, thanks for asking.",0
"Yes, of course.",1
I will look for it for sure.,1
"Cool, Thanks for your donation of $0.15 The research team will collect all donations and send it to Save the Children.",0
Thank you.,0
I live in new york,1
"There are many homeless adults and adolescents that do not know where their next meal is coming from, or if it will ever arrive.",1
"Thats great, Thank You",0
Thanks for the information.,0
absolutely thank you so much!!,0
Ok-thanks-I will be waiting to hear from them,0
That was going to be my next question about if this charity helps kids in the US.,1
Thank you once again for your donation and feel free to spread the word about the charity to others!,0
Thanks for the info I will check it out,0
URL Is there website!,1
"Sure, I would like to help.",1
Thanks for the oppertunity.,0
"Ooops, it looks like it did not show up, can you try again?",1
"I haven't donated to them, which is good apparently.",1
What are your feelings?,1
I hope so.,1
"For example, in the first two months of 2018, a thousand children in Syria were injured in the violence there.",1
Thank you for agreeing to make a donation.,0
I have to go to work at 11:30-6.,1
I see  thank you for your information.,0
"So, I never did ask, what are your plans for the day?",1
What charities do you usually donate to?,1
Your donation will be very meaningful to needy children.,1
"And thank you, I'm sure this week will be relaxing for me as well.",0
I figure that I wasn't expecting it to begin with so better to do some good however much.,1
ha.,1
The charity was founded in 1919 and their belief is that every child deserves a future so nearly 90% of every dollar goes directly into the mission itself while the remaining 10% goes directly into fundraising and advocacy awareness programs to help promote their current efforts.,1
I personally have family in Haiti.,1
Do you participate in any local children's charities?,1
Thank you for the donation,0
Thank you.,0
"Thank you for linking the website, I will check it out right now.",0
It's much appreciated.,1
Your donation will be directly deducted from your task payment.,1
I'm glad to hear it!,1
Thank you for your kind words.,0
I completely agree!,1
You would be doing a great service and the charity will be so thankful.,0
"Also, thank you.",0
how can i contact them,1
It's even harder seeing the things going on here on the news and in the media when you have a child that's so close to you :(,1
Thank you!,0
Have you heard about this awesome children's organization called Save the Children?,1
Thank you.,0
"I just know that if I were a child in need, I would be grateful for all the help I could get.",1
"It was nice talking, thanks for all you do.",0
I probably will.,1
"wow, it's life changing.",1
Greetings!,0
Have a great day and thanks for the chat!,0
STC is USA based as well.,1
"You can visit their site to do so, or visit one of their physical locations if they are nearby",1
Who knew 30 cents could do so much!?,1
Thank you very much for your generous increase in the donation amount.,0
Thank you.,0
"Thanks, I don't consider myself that great, but any little difference i can make makes me feel good about myself",0
i would donate some clothes and some toys for children,1
"its just 2 bucks. or ill tell you what, how about just half?",1
"I'm doing swell, thanks for asking!",0
Can I count on your support?,1
And thanks for helping!,0
"Ok, thank you so much for your help.",0
"Is it an international charity, or exclusive to the US or another country?",1
"Thank you ""PERSON_1""",0
Thank you for being so giving.,0
"Thanks, I don't consider myself that great, but any little difference i can make makes me feel good about myself",0
Thank you for asking.,0
"thanks, same to you.",0
Great! Thanks so much and I'm just so happy to be able to donate,0
I only ask you to think about whether you buy any unnecessary things like a starbucks coffee every day.,1
That's exactly the philosophy I like to hear.,1
Have you heard of the charity Save the Children?,1
"That's great, if you'd like to know more about Save the Children check out their website  URL",1
"Well, then.",1
Make it a great day!,1
"Thanks, have you ben to their site yet?  URL",0
Thank you for helping...save the children.,0
Have you made a donation to this organization before?,1
I'm sorry I meant $20,1
Thank you so much for your time and donation.,0
"Thank you very much, have a nice day.",0
Hi I am fine and yourself?,1
Were you aware of that?,1
I just had a thought on my mind that I wanted to ask you about,1
Thank you so much!,0
"Your a great person and thanks again, have a nice day.",0
"I am fine thanks, It's not been a long time I am on MTurk, but It is interesting how they are working on donating, Are you interested in donating?",0
Thank you for your donation!,0
Thank you for your donation!,0
You need to type faster.,1
Remember to pass along our info to friends and family. Thank You and good night!,0
"It's mission is promote children's rights, provide relief and aid children in developing countries.",1
People don't have a choice of who or where they are born to.,1
That is an awesome definition.,1
Thank you.,0
"Ok, thank you.",0
Many children in these countries live in a war zone.,1
"Your a great person and thanks again, have a nice day.",0
I'm doing well. Thanks.,0
You?,1
"Sure, go ahead",1
"Yes I am,",1
You can choose any amount from $0 to all your payment,1
I've done that before on other tasks.,1
Thank you and God Bless!,0
Thank you!,0
It took my attention and I donated on the last HITs i did,1
"Hey, how's it going?",1
thank you very much,0
I think it's very important to donate to charities.,1
The research team will collect your .50 donation and send it to Save the Children.,1
Thank you very much!,0
I have to thank you again for your $1 donation.,0
"Very well, thank you.",0
You can choose any amount from $0 to all your payment.,1
I will also donate mine.,1
thank you so much!,0
"If it makes you happy, go ahead and take .50",1
Thank you for all that you are doing.,0
Do they do work in the United States or just overseas?,1
I hear that.,1
Charity walks are great.,1
Do you know what Save the Children is?,1
thank you for your approach.,0
Do I get anything for donating?,1
I could definitely justify giving $20 to them.,1
"On behalf of Save The Children, THANK YOU!",0
"Thank you ""PERSON_1""",0
Thanks for doing your part!,0
"ok thank you sounds good,",0
"I am fine thanks, It's not been a long time I am on MTurk, but It is interesting how they are working on donating, Are you interested in donating?",0
That sounds like a reasonable amount.,1
Ya.. It's very important.,1
"I am well, thank you",0
"Thank you again, and I hope you have a wonderful day!!!",0
save th Children help kids in need around the world,1
A little bit but not much.,1
Absolutely!,1
Thank you so much!,0
yes i have donate 100$ for this organisation,1
This sounds really good!,1
"You have a lot of knowledge, thanks for sharing.",0
"If they don't, it's completely understandable.",1
"Thank you again, and I hope you have a wonderful day!!!",0
do you think that having kids had a big effect on whether on not you are willing to donate to a children's charity?,1
And they let you know what type of progress is occuring both with your child and the community in general.,1
I'm sorry.,1
It makes me sad as well.,1
Thank you!,0
I was speaking for all people including myself.,1
"yes, I think I have told about my donation and now waiting for the conversation to end.  Thanks.",0
Wow thank you!,0
How much of today's pay can you give?,1
"Hi there, how's it going?",1
I think i will make a donation of $2,1
"Awesome, thank you!",0
Thank you again.,0
Thank you for all that you are doing.,0
"I am fine, thank you, Have you ever heard about the organization ""Save the Children""?",0
Thanks.,0
do they take donations,1
i would like to donate .05 cents,1
Any amount we can collect for them is welcome.,1
Yes i understand that because every sunday i would go to the homeless shelter in my town and help collect clothes for the people that need it.it is something i do once a week because it is the right thing to do..,1
I am good thank you.,0
"Yes I do, you've really inspired me Tommy",1
The Save the Children helps people all over the world including here in Amercian,1
"Ok, how about $0.30?",1
Ok-thanks-I will be waiting to hear from them,0
"I'm doing well, thank you!",0
Thank you!,0
I want to thank you again for bringing awareness to this important charity.,0
Thank you so much!,0
"Yes, why don't you join me?",1
"okay, that sounds good.",1
"Exactly, in today\'s world one must be weary of scammers.",1
"Ok so you will donate $25 to the charity, that's amazing.",1
thanks!,0
"Learn about the places we work, the challenges children face and the results we achieve, thanks to supporters like me and you.",0
I appreciate you informing about this but i'll be donsting at a later time,1
Thank you for all that you are doing.,0
"Just think, the impact the pennies would have on their lives is more than the impact pennies make in a more fortunate situation.",1
Do you have kids in your family/extended family?,1
Thank you :),0
"I am doing fine, thanks for asking.",0
I will donate $0.25,1
It's one of the top rated charities in the world!,1
No problem thank you,0
Thanks.,0
Thank you.,0
"no this one time is good, thanks",0
The majority of funds go directly to the basic care needs of children.,1
What a worthwhile cause!,1
Thank you!,0
Thank for helping to the cause.,0
"Thank you, you too",0
"I'm doing well, thank you!",0
"great, let me check it out",1
i think we should all care for children,1
Have a great day and thanks for the chat!,0
oh how would you help the children,1
Thank you for your kind words.,0
Even a small donation can have a large impact in impoverished areas.,1
Like March of Dimes and the Salvation Army,1
Thank you.,0
are you interested in donating?,1
"Whatever you choose to do or the amount you want to give, I feel like you've changed my mind about charity, not the other way around, so I want to thank you for that.",0
"If you had a chance to donate some of your money earned today, how much would you donate to the charity now?",1
Cool thank you.,0
Thanks for being aware of that particular nuance.,0
Thank you for supporting the children of the world.,0
Have an awesome day and thank you again!,0
Thank you for being so giving.,0
"I was wondering why you were talking about ""save the hold ten"" vs. ""save the children.""",1
You?,1
OK perfect!,1
Thank you so much for that,0
Thank you!,0
I wish there was a long-term solution to these problems.,1
"Your a great person and thanks again, have a nice day.",0
Thank you!,0
Thank you again!,0
"Yes, not only do we help out with literacy and school related causes, but also with feeding, shelter, and disaster relief for children all over the world.",1
I donate a lot of money to battered wives and their children.,1
Thank you and have a great day,0
Thank you very much!,0
Family all grown up.,1
"Thats great, Thank You",0
There are many different ways to help.,1
"That sounds good, thank you for being charitable.",0
"you would help me , thank you for your conversation",0
They really do help so many kids and people.,1
"Well, we at Save the Children would like to thank you for your donation and let you know that thanks to donors like you, children around the world are thankful",0
Thank you for your help!,0
I'm thinking about donating to them.,1
"thank you,I just want to help this world and especially the children within it and save the children is doing that job",0
That's important to me in a charity.,1
I tried that approach and you disregarded me and told me another time.,1
Maybe we could prevent that from happening,1
I do volunteer some.,1
Thank you.,0
Thats such a noble thing they are doing,1
"In comparison, these children need more help than you or I. Fortunate is perspective based but from my perspective, these kids are far less fortunate than I.",1
I do for Boys & Girls Clubs of America,1
Thank you!,0
"Save the Children is a worldwide charity that give children access to healthcare, safety, and advocacy thanks to donations like yours.",0
Wouldn't you like to donate something today?,1
Thanks for the oppertunity.,0
"Okay, that sounds great!  Thanks!",0
Okay. Thanks.,0
We have to make sure we get a bonus by donating the $2.,1
Thank you!,0
Oh.,1
Do you think that people who have the ability to help have a moral obligation to do so?,1
Thank you for your kind words.,0
"Save the Children works with government around the world to keep children from harm and abuse from crises situations by providing safe spaces for children to play, socialize, learn, and express themselves as they rebuild their lives.",1
I was born in USSR and we had very limited resources.,1
Your donation would help promote children's rights help support children in developing countries.,1
"Hey, is there a limit?",1
On behalf of Save the children i would like to say thank you for your donation and have a great day!,0
It depends on the way they see it.,1
"Thank you, you too",0
If I donated to every cause I would be giving away a lot of money and I already lose 20% to taxes.,1
"It is going alright, thanks",0
absolutely thank you so much!!,0
Thank you very much.,0
I donate to the NYC Food bank also.,1
Normally I donate about $1.00 how about you?,1
Thank you!,0
thank you again for the 5 cents donation.,0
"Of course, I'm also going to donate",1
That's great!,1
Thank you for agreeing to make a donation.,0
"I'm great, thank you.",0
Thank you so much!,0
Ok that is good to know.,1
I agree.,1
Everyone else came from Europe or Africa,1
"I am well, thank you",0
That is all i can afford,1
You are very welcome and thank you for being so generous!,0
"I recently read about ""Save the Children"" and red more about it.",1
Thank you,0
"I'm doing well, thank you!",0
"Okay, that sounds great!  Thanks!",0
"I usually like to donate to more local charities, this way it seems safer to actually go where it is needed and it is for poor homeless kids around my own area",1
thank you sir.,0
"Whatever you choose to do or the amount you want to give, I feel like you've changed my mind about charity, not the other way around, so I want to thank you for that.",0
Greetings!,0
Thank you so much :),0
"thank you,I just want to help this world and especially the children within it and save the children is doing that job",0
"I think most of the money that is donated goes towards salaries, etc.",1
Thank you,0
Thank you so much.,0
"I'm great, thank you for asking!",0
I know that it is a charity.,1
"Yes I am, thank you for asking.",0
I am fine thanks.,0
Thank you so much!,0
He has to stay overnight at the hospital for a few weeks and his parents just couldn't afford it.,1
That isn't a lot for a CEO.,1
So i'd really like to thank you for your interest and time.,0
Think about all the children in war torn areas and all of the physical and emotional support they need.,1
hello i am fine thank you,0
Thanks for your attention and help.,0
Thank you for your contribution!,0
I think I have seen some commercials for it in my lifetime.,1
Thanks again.,0
"Mostly working on surveys, so how do you feel about children's charities?",1
You can always donate more at  URL,1
"Perfect, shall you be donating at the end of this task?",1
You would be doing a great service and the charity will be so thankful.,0
same to you :),1
Wow that sounds like a really robust program.,1
"I'm doing great, thanks.",0
myself and Save the Children thank you for your time,0
Is there anything else you can think of that we could do?,1
"sure, you can sponsor a child, help with U.s. relief or health and education for a child in a developing country.",1
"Thanks, especially Syria children affect more so I really worried about his future.",0
Hello.,1
Thank you for your help!,0
"Yes, I absolutely have.",1
"That's right, thanks for showing me the page, I will help many children, today I want to sponsor 3",0
"I am fine thanks, It's not been a long time I am on MTurk, but It is interesting how they are working on donating, Are you interested in donating?",0
"I'm doing well, thanks!",0
"You're welcome, I am glad to hear that you are donating .50.",1
I couldn't agree more.,1
Check out  URL,1
Good for you!,1
Thank you so Mich for your donation!,0
There are so many worthy causes that I try hard to make sure my meeker amounts go to benefit the most.,1
A lot of people like to give 30/month so it's only a dollar a day.,1
I just want to thank you for helping out this great charity.,0
Thank you.,0
"yes, I think I have told about my donation and now waiting for the conversation to end.  Thanks.",0
Thank you!,0
That's so generous of you.,1
You could always donate more.,1
"Great, thank you very much",0
I think that what is happening with Save The Children is a good idea.,1
"I am well, thank you",0
actually i have a kid that is sick and overseas right now,1
I think it is the important aspect of donating money to charity,1
You said earlier you believe children in need deserve help from others.,1
"Welcome, thanks for talking",0
It doesn't even take much.,1
"Depending on tax laws in your state, it is. You may need to check with your tax advisor.",1
It will go to great use I am sure.,1
No problem.,1
This is a great organization with a very stellar reputation.,1
what would my donation go toward?,1
Thank you!,0
That great and thanks for your generousity!,0
What country outside of the US do they do the most help for?,1
Thank you for being so informative and helpful!,0
How are you?,1
Is there anything we could do in the future to assure people like you that we use the money towards helping children?,1
Thank you.,0
Thank you very much for your generous donation!,0
YES I ALSO DONATE 50 DOLLAR TO THEM AND I AM VERY TO DONATE THEM AND THANK YOU  FOR  DONATE.,0
"Great thanks, Im here to talk about the childrens charity.",0
Let me get that information for you now...,1
tell me more?,1
"ha, that is much better.",1
The research team for this HIT is collecting donations from people who are doing this task.,1
"Thank you, have a great day!",0
"We try our best to keep the children first, and have done so in aiding millions of children over the years.",1
I like how these HITs give the opportunity to talk about charities,1
Thank  you!,0
Do you work for them?,1
"Thank you for your time, have a great day.",0
"Yes you can write them letters and they can write you back, thanks!",0
How are you today?,1
"I am fine, thanks!",0
Is there an option on your end where you can donate?,1
Well tell me a little bit more about the charity.,1
Thank you on behalf of these kids.,0
When was this charity started?,1
"Absolutely, a small amount of money for us turns out to be life changing for those in need.",1
No thank you as there is no guarantee to this. I'd rather donate locally,0
"I'm great, thank you.",0
have a great day,1
Can you tell me more about what they do?,1
"Thank you, you too sir.",0
Thank you very much.,0
Especially less fortunate children.,1
"Okay, that sounds great!  Thanks!",0
Great - So how does the donation process work?,1
I would like to personally thank you for your donation today!,0
Thank you for filling me in on information regarding the charity,0
The peace of mind that comes with knowing that a baby girl in Uganda gets to live for another year or a little boy in Syria gets fed when he didn't think he would have another meal this week.,1
I guess it is a good charity. Would you be interested in donating?,1
Thank you so much as every little counts and I appreciate your donation,0
Thank you so much for your generosity.,0
OK thanks.,0
"Overall, I feel any donation is acceptable and could count towards a good meal for a child.",1
"Cool,the reward for this task is 0.30$ so i am  thinking about donating like 0.15$",1
"Yes, definitely.",1
Do how much are you donating,1
how much of that would you be willing to donate?,1
Congrats!,1
Thank you very much.,0
"I'm doing well, thank you!",0
They can do a lot of things with your donation.,1
Don't you want to help stop that?,1
mainly children in developing countries.,1
Thank you very much for your generous donation!,0
thank you very much,0
I am well.,1
Okay.,1
Helping children is important.,1
That's another great cause,1
Thank you!,0
That's great!,1
Have you ever considered helping out such a vulnerable group?,1
Thank you!,0
The research team will collect all donations and send it to Save the Children.,1
I'm doing well. Thanks.,0
I DO NOT THE OTHER CHARITIES.,1
"I'm great, thank you.",0
"Thanks, have you ben to their site yet?  URL",0
I agree that you have to be careful.,1
"Thank you too, have a good night!",0
I'd like to look into this charity more before I donate as well.,1
Thank you too.,0
I hope so.,1
You are very welcome.,1
"thank you for the information, I think I am ready to donate",0
$1 a day can be used in meaningful ways to help these children,1
Thank you very much for your generous increase in the donation amount.,0
How much would you like to give?,1
"Save the Children is an international Non- governmental orginaztion that promotes children's rights, provides relied and helps support children in developing country.",1
It will encourage our friends.,1
"That was interesting, it seemed to match the information on the independent review site.",1
no problem thank you for donation 0.60 to save the children,0
Save the Children will even let you know about the specific child that your money is helping.,1
"Yes, thank you.",0
"Yeah, I think helping Children is the most important charity there could be.",1
I think I'd like to donate 0.05,1
thanks again,0
"All right, thank you for your time.",0
Your donation will be directly deducted from your task payment.,1
"Thanks, you too.",0
That's really good news.,1
"As you know, children can be extremely helpless, especially in third world countries, so they deserve all the help they can get.",1
"Cool, Thanks for your donation of $0.15 The research team will collect all donations and send it to Save the Children.",0
"Yeah, no problem!",1
I am doing well!,1
thanks,0
That is fantastic to hear!!,1
Ok thank you,0
No thank you as there is no guarantee to this. I'd rather donate locally,0
Sounds good.,1
You as well. Thank you for the chat :),0
Thank you for agreeing to make a donation.,0
Yes children really need your help.,1
Thank you on behalf of these kids.,0
Thank you for your donation!,0
"Thank you, it will help out children in need.",0
Thank you for introducing me to another great charity that is trying to do good work.,0
I always prefer going through organizations I have researched to make sure they're reputable as well,1
"n 2016, Save the Children helped more than 3 million children in Syria and surrounding countries, providing primary health care, nutrition, education and psychosocial services to child refugees and their families.",1
Thank you so much!,0
Thank you so much! What are you hoping your donation will help with?,0
I'm here to talk to you today about Save The Children.,1
"Thanks, have you ben to their site yet?  URL",0
Thank you so much for your generosity.,0
I donated 1000 dollars to them.,1
Thank you so much.,0
Are you sure you wouldn't want to help a child by donating the full amount?,1
How can I be sure that it will go where it's supposed to?,1
"I think so, it said we need to get to 10 turns of the conversation each, this is my 8th lol",1
"Plus, Save the Children is really high rated on Charity Watch.",1
Thank you for helping...save the children.,0
That's terrible.,1
"They work in many countries all over the world and have been proven to spend 86% of their donations actually on children, not administrative fees.",1
Thanks for having an open mind and doing what's right.,0
I agree.,1
Save the Children has committed to providing some of the care and needs for these children until they can be reunited with their parents.,1
Thank you for your guidance.,0
I am not going to waste the reward.,1
I like to donate money and time to charities that help children so I also want to thank you for educating me on this charity!,0
How much would you like to donate?,1
Thank you so Mich for your donation!,0
I'm good thank you!,0
Right now it's in the 90's and sooo humid!,1
Thank you!,0
We only get $2 so we cannot donate $5 Would you like to donate $1 of the $2?,1
What have they done in the past?,1
Thank you so much!,0
I think I could donate $5.00.,1
It also helps children in developing countries obtain necessary support and relief from their poverty and other troubles.,1
You are pretty awesome yourself!,1
I have donated on 2017.,1
Yes its wonderful they help displaced kids,1
Thank you so much!,0
"Or are there any other payment options, as I have bills to pay.",1
Thank you so much.,0
Ok thank you,0
I would like to personally thank you for your donation today!,0
Fine...,1
"Ok, thank you so much for your help.",0
"Thank you, I will do it for sure, have a nice day",0
I could definitely do that.,1
Thank you for your kind donation.,0
"I'm doing fine, thank you.",0
It was nice chatting with you too,1
Stupid,1
"Thank you, but no.",0
Thank you for your recognition.,0
They promote children's rights and provide much needed relief.,1
I'm a sucker for helping people when I can.,1
Yes!,1
which charity are you passionate about?,1
"If you got paid 30 cents for this task, How much of that would you be willing to donate?",1
Does Save the Children help children in the United States?,1
hello how are oyu,1
Think about that and from what you spend on candy and snacks can be money that goes to a child in real need.,1
"I am well, thank you.",0
thank you again for agreeing to donate a portion to save the children.,0
Do you have a moment?,1
"For roughly a dollar a day you can sponsor a child, you can choose a gift to spend to a child through our catalog, you could start a fundraiser, or you can just simply donate.",1
thank you!,0
"Ok, I will do 5 cents of my task money.",1
Thanks How much do you typically give to charity in a year?,0
"May your days be pleasant, as well.",1
Hello!,1
How much of donations go to the kids?,1
Thank you for your time and effort.,0
"Also, thank you.",0
i will plan to donate 50 cents to charity,1
"No not really, I know a little about different charities.",1
Is save the children backed by any religious organizations?,1
I'm good thank you!,0
"you would help me , thank you for your conversation",0
I'm doing very well thank you!,0
"Great thanks, Im here to talk about the childrens charity.",0
That's great!,1
I do believe you can get that information from their website.,1
Have an awesome day and thank you again!,0
Thank you once again for your donation and feel free to spread the word about the charity to others!,0
Thanks!,0
"In fact, you can even help!",1
"The children will thank you, do you think you can do a little more?",0
Thank you for your kind donation.,0
Thank you for your generosity!,0
that's very cool!,1
Thank you so much.,0
thank you for this conversation,0
"I prefer monthly, just so it fits in my budget easier.",1
I like to donate money and time to charities that help children so I also want to thank you for educating me on this charity!,0
basic education is very important to have a good future,1
"OF course, it will be great for all around, my daughter to see that she should do things like this out of kindness and for the children , thank you",0
"There is no specific targeted ethnicity, the program uses funds to assist children in many different locations.",1
My job today is to see if you would be willing to donate any of your earnings to the charity,1
Awesome.,1
I have seen a lot of commercials on TV for it.,1
Thank you again!,0
"I am doing fine, thanks for asking.",0
"Thanks, have you ben to their site yet?  URL",0
I want to thank you again for bringing awareness to this important charity.,0
Thank you,0
"For instance, millions of Syrian children have grown up facing the daily threat of violence.",1
I just want to thank you for helping out this great charity.,0
"But oh buddy, think about what you would gain?",1
Im fine thank you.,0
We know it's a problem not just in the United States.,1
I'm very particular about who I donate to so I'd need more information,1
"Yes, I definitely agree... how can I help?",1
We donate full reward each??,1
The children from around the world will surely be thankful as well.,0
Lol im sure a lot of people only donate like a penny if that.,1
"All right, thank you for your time.",0
No i will not until I do further research.,1
HI.,1
Do you have children?,1
Thanks How much do you typically give to charity in a year?,0
"No, we work all around the world, wherever our help is needed.",1
That great and thanks for your generousity!,0
And thanks for helping!,0
Right!,1
"I'm great, thank you for asking!",0
I think it's because there are more people who have experienced injustice or have been hurt by inequality.,1
"Save the Children is essential to help ensuring children's rights to health, education, safety and other things.",1
Thank you again.,0
Ok-thanks-I will be waiting to hear from them,0
Excellent.,1
Thank you for telling me about this charity,0
"Before I commit to a donation, can you tell me how much actually goes to the children and how much goes to the organization itself?",1
I have not visited the site but I have heard of them before.,1
"Yeah, totally!",1
Hi,1
"that sounds pretty good, I would definitely accept that",1
Outstanding.,1
If you could please ask you friends and family to help?,1
"Thank you for your time, have a great day.",0
I feel it is a very deserving charity and I personally contribute to Save The Children.,1
Thank you for your generosity!,0
Will you consider donating your task payment to further God's children worldwide?,1
No problem thank you,0
And why do so many of these countries continually need help?,1
Thank you.,0
"The research team will collect all donations and send them to Save the Children, you will be deducted from your payment for this task",1
No thank you.,0
Do you believe that children in need deserve help from others?,1
Have you heard of the separation of kids from their parents at the Mexico-US border lately?,1
The money goes towards providing meals and clean water.,1
Is that in Washington state?,1
Thanks for your donation.,0
"379,000 babies were cared for by these experts, and 19,000 of them had been successfully resuscitated.",1
Doing well!,1
"Thank you for your time, have a great day.",0
I have seen some of the images and video of the civil war there.,1
Can we count on you?,1
That's great.,1
"I will look in to donating my time locally, thank you!",0
Okay. Thanks.,0
Would like to receive a thank you from Save the Children?,0
"Okay, that sounds great!  Thanks!",0
Thank you again.,0
"Ok, thank you for your time!!!",0
It would feed a child for almost 3 days.,1
Thanks again for supporting such a great cause! :),0
Its a wonderful charity.,1
Thanks!,0
"For example,millions of Syrian children have grown up facing the daily threat of violence.",1
Would you mind explaining what the charity does?,1
Perfect thank you for the information.Is there a website where I can check it out and donate?,0
yes I have.,1
Thanks for doing your part!,0
Thank you so much for your generosity.,0
I would perhaps be interested can you tell me more a bout it,1
Have a great day and thanks for the chat!,0
"Save the Children is quite credible, and has tons of information out there about their organization.",1
"Great, thank you!",0
"Whatever you choose to do or the amount you want to give, I feel like you've changed my mind about charity, not the other way around, so I want to thank you for that.",0
Thank you so much.,0
"Thank you so much for your donation, every bit helps :)",0
"Thank you, but no.",0
So I also donate to the hospital and childrens cancer network because the money goes directly to research cancers that effect children.,1
I have heard about it.,1
"Yes I am, thank you for asking.",0
"Ok, well thank you for your time and telling me about this wonderful organization.",0
"No, I didn't either.",1
Thank you.,0
"But I""m always willing to help!",1
What do you think of the charity so far?,1
"And if you are willing to make small donation now-just a few cents even, please let me know the amount and it will get passed on to the research team for processing today.",1
"Well I hope you have a wonderful day and on behalf of the charity and the children it is going to, thanks for your help.",0
"And yes, it could seem like the aid is a drop in a bucket.",1
That's very nice of you.,1
Thank you!,0
I was wanting to see if you would be willing to donate to a charity called Save the Children.,1
"Thank you, I will do it for sure, have a nice day",0
Thanks again for chatting with me.,0
"Any organization that helps kids is one worth supporting, either with my own time or with money.",1
"Okay, thank you.",0
Thank you on behalf of these kids.,0
Thank you so much as every little counts and I appreciate your donation,0
And you?,1
"I thought that too at first, but luckily save the children is a non-governmental charity, so no one is sticking their hands into the pot.",1
That is at least something.,1
is 20 dollars okay?,1
Would you be interested in donating to this charity?,1
Thank you!!,0
"I give a lot of money to the children in need, with pain everywhere they are",1
What is the total revenue?,1
Thank  you,0
Thank you for chatting with me.,0
What amount would help out?,1
"No, I didn't know but thank you for telling me!",0
"Thank you too, have a good night!",0
"I am well, thank you",0
I worked for 35 years and I'm ready to rest now.,1
And thank you.,0
Thank you!,0
So what are the amounts for donation accepted?,1
"Save The Children helps kids from around the world by taking contributions from generous patrons. Kids from countries that have been stricken by poverty, violence, and other blights.",1
Thank you.,0
I am doing well thank you and same here,0
Thank you very much.,0
Maybe.,1
"you would help me , thank you for your conversation",0
Thanks How much do you typically give to charity in a year?,0
Thanks.,0
"i help with everything they say to me, now im helping finding people donating, thank you for the donation today, god bless you.",0
"Hurricane season is upon us, so I'm keeping a really close eye on that.",1
Those who believe in the gift of giving and are generous regardless of the price then a small donation could count as much as a $100 donation could.,1
"Good morning, how are you doing today?",1
Thanks for doing your part!,0
Great idea!!,1
Ok.,1
No problem thank you,0
Thank you!,0
"Actually, it is a lot more than that because the ""true"" Americans are the Native Indians.",1
Very well thanks.,0
"Okay thank you, the charity really appreciates your donation today and thanks you, how much would you like to do?",0
But I would suggest that you make the leap.,1
Thank you so much!,0
"thanks, same to you.",0
You can choose to donate any amount from $0 to all your payment from this task.,1
oh wow ok how much do you suggest?,1
"Yes, I am sure.",1
Thanks.,0
"Ok, well use your passion for the cause to speak nicely to people and educate them on why its important",1
it depends.,1
no i havent,1
no problem thank you for donation 0.60 to save the children,0
I believe in that,1
Thanks for helping me help children.,0
"I'm great, thank you for asking!",0
if they are so important what about the killing of babies thru abortion.,1
Thank you for the lovely chat and educational information.,0
Thank you and have a wonderful day,0
"Hey, I'm doing great, how are you?",1
How are you?,1
"Thank you so much, same to you!",0
do you mean autopay from my payment checks ?,1
"Cool, Thanks for your donation of $0.15 The research team will collect all donations and send it to Save the Children.",0
Oh no.,1
WHat do you think is the best way to help the kids?,1
I am always worried if I donate it will just go to some higer up that is living the high life.,1
Small donations will indeed help a lot of children and their families.,1
So i'd really like to thank you for your interest and time.,0
"Thanks for your dollar, the research team will collect all donations and send it to Save the Children.",0
Thank you for supporting the children of the world.,0
that is very true.,1
i would love to donate for childrens' cause,1
Thank you so much for that,0
"That is fantastic, thank you!",0
Your donation will be directly deducted from your task payment.,1
Take care and have a great day.,1
Thank you again.,0
Thank you for the information.,0
"Thank you again, and have a great day.",0
"I like to donate, but i have a soft heart for children too.",1
No there is not,1
I'm doing well thank you,0
Looking forward chatting with you too.,1
Thanks for your attention and help.,0
"Ok, thank you so much for your help.",0
annually one time payment,1
Thank you so much!,0
Thank you again!,0
"And thank you, I'm sure this week will be relaxing for me as well.",0
Can I donate another amount?,1
I work part-time and attend college so I don't have much now.,1
I am doing well thank you.,0
But I think UNO and UNICEF can contribute a lot if they desired to do so.,1
"Thanks, that is awesome",0
Animals are like children.,1
Nice!!!,1
I've talked to someone who worked there and she already traveled to Africa.,1
Were you willing to pledge more?,1
Have you heard of Save the Children?,1
Thank  you,0
Thanks for the 5 cents.,0
"I'm great, thank you for asking!",0
Hello there!,1
Thanks I would appreciate your help.,0
"Ok, that makes sense.",1
What kind of children's charities do you think are the most important?,1
"Ok, thank you so much for your help.",0
thank you for this conversation,0
Thank you so much!,0
We're an international NGO based in the UK.,1
Thank you.,0
I'm sorry I'm just not able to at this time but thank you for telling me about this organization.,0
"Thanks i will, i think thats 10 too",0
How are you today?,1
So you really understand kids!,1
To what age are children receiving help?,1
"I thank you very much, with what you know about save the children",0
That is great!,1
"A lot of the time, these things don't go very smoothly since you have to wait a while for a response.",1
Thank you so much.,0
That sounds like a worthwhile cause.,1
"Ok, good to know!",1
No thanks.,0
thank you for your approach.,0
With mine and yours together we'll donate a $1!,1
Thank you for your time.,0
Okay. Thanks.,0
Fine anything you want to know about the Save the children,1
Thanks.,0
"I have a needy child of my own, and know how desperate that can make you feel.",1
Thanks for your attention and help.,0
how they managing in 120 countries?,1
"I will not donate, because i do not trust the charity, and my donations would be better used right here in my own community.",1
Thank you for your time.,0
"he was in the end i think, this is the kind of things i have about our civilization , many dnt have to eat and many waste their food, its not right",1
The research team sends ALL the money to the donation,1
I just want to thank you for helping out this great charity.,0
Thank you for the information.,0
Thank you for your time today.,0
How much of your payment would you like to donate today?,1
I am doing good.,1
Then i think this will really help those children's future....,1
No thank you.,0
Thank you for participating!,0
Wonderful!,1
"Thank you for donation, there will never be enough people like you in the world!",0
I hope you have a nice time!,1
"As a mom myself, I'm thinking about donating my earnings from this task to them",1
Have you ever heard of the charity Save the Children?,1
"Thanks, I don't consider myself that great, but any little difference i can make makes me feel good about myself",0
good thanks.What about you?,0
What do you think of it?,1
Have you heard of the Save the Children non profit organization?,1
"no this one time is good, thanks",0
"I am fine, thank you, Have you ever heard about the organization ""Save the Children""?",0
Thank you,0
"Yeah I have, what an awful situation that is.",1
"Thank you, I would like to make a 50 dollar donation but first.",0
Thanks How much do you typically give to charity in a year?,0
"Well, it was nice to meet you and thank you for agreeing to donate today!",0
I'm doing very well thank you!,0
Thank you so much for your time and the effort you are putting towards this very reputable charity!!,0
All we could do is our part since problem is so big.,1
We see children going through difficult times including things like cancer and several other illnesses that are life-threatening.,1
"However, I think people should open their eyes to things like this because if they really look at the big picture and find that it could possibly affect their lives in the future then they should be more involved and play a role in helping others.",1
great!,1
"Anything, even a few cents, will definitely help in the long run.",1
"I thank you very much, with what you know about save the children",0
"No, I have not heard about that charity.",1
It is a global charity.,1
Thank you.,0
"Yes, Thank you for time and attention, and thanks for helping.",0
I would be willing to donate a portion of my wages,1
Thank you!,0
It doesn't take much to save 30c a week or something.,1
I think I have...,1
"Again, no thank you",0
How are you?,1
That is absolutely wonderful.,1
"Yes, I will be donating half of my payment to Save the Children, as well as having donated in the past.",1
"awesome, thank you so much",0
yes..i am very familiar..,1
I am doing well thank you.,0
"That sounds good, thank you for being charitable.",0
Thanks so much.,0
Thank you for your recognition.,0
I'm glad you understand my concern about scams.,1
"Thanks, that is awesome",0
"Thanks to our growing community of child sponsors, we increased our impact and reach ??Â¸??Â¸ helping 29% more children than we did in 2014",0
I will definitely check it out,1
ohh that is really sad to hear.,1
I'm doing great today!,1
Thank you too.,0
It really upsets me,1
"I feel the happiest man in the world when I donate some help if she is, I feel very good when my help is happening to people",1
save the children organization takes cares of children around the world,1
"Great, thank you!",0
Thank you so much for your contribution.,0
Thank you so much for your time and donation.,0
That is very thoughtful of you.,1
Thank you.,0
Have a great day,1
"So if my reward amount on this hit is .30 cents, just give ""Save the Children"" this .30 cents, and we will call this task complete.",1
"Thank you so much for your donation, every bit helps :)",0
Thanks again!,0
Right?,1
"(1, o.k. let's say 1600 dollares total, o.k.?",1
In which countries do they serve?,1
I am doing well thank you.,0
On behalf of Save the children i would like to say thank you for your donation and have a great day!,0
Even a few pennies tha tyou will earn from this task will help.,1
Im fine thank you.,0
thank you so much!,0
"To confirm, you said you were willing to donate 20 cents, correct?",1
Thank you Glad I was able to help  this organization with my donation,0
"Ok, well thank you for your time and telling me about this wonderful organization.",0
"Thats great, Thank You",0
Would you like to join me and donate $1 as part of it to the charity now?,1
sure thanks again,0
This year we are on track to hit 3 million thanks to generous people like you!,0
Thank for answering my questions.,0
He even made it through college.,1
"Again, no thank you",0
I would say that is a wonderful idea.,1
"Save the Children is an international non-governmental organization that promotes children's rights, provides relief and helps support children in developing countries.",1
You can choose to donate your some or all of your payout from this task.,1
"Thank you for donation, there will never be enough people like you in the world!",0
How much is the typical donation amount usually?,1
Does it help children in this country or in another country?,1
I guess having had children the St Judes hospital makes you think what if and what would i do,1
How much do you like to donate to the charity now?,1
That's a big plus for me.,1
What types of things are being done to help the children in Syria?,1
Thanks for your help and have a good Turk day :D,0
okay done.. thanks,0
pretty good.,1
"I am well, thank you",0
Wow!  That's really great!,1
"Thank you, have a great day!",0
Basically you just say I will give ____ amount,1
Thank you,0
From what I have seen about Save the Children I've always been impressed with the work they do.,1
"Thats great, Thank You",0
"Thank you, you too!",0
"Ha, well maybe not the best example currently...",1
"Thank you so much, same to you!",0
Thank you.,0
Thanks very much for your time.,0
Do you work for Save the Children or do you just volunteer for the charity?,1
Thank you again for donating $10 to Save the Children.,0
Hi!,1
Thank you and have a great day,0
That's great!,1
We found out the hard way that he has actual celiacs (sorry I can't spell too well) and he has an allergic reaction to the cake on his birthday.,1
I donate about $15 a month and it is all voluntary.,1
sure thanks again,0
Thanks.,0
good thanks.What about you?,0
Anything you could get in donations would certainly help.,1
"Ok, well thank you for your time and telling me about this wonderful organization.",0
Thanks.,0
Thanks for the information.,0
I'm sorry I'm just not able to at this time but thank you for telling me about this organization.,0
HI I would like to tell you About a childrens charity called Save the CHildren.,1
Thank you very much for your generous donation!,0
Half. Deal?,1
How long have you been donating?,1
"no this one time is good, thanks",0
"Well thanks, Cassidy.",0
"Yes, $1 - thank you",0
Did u donate before,1
"Ok, thank you.",0
yes there are so many in terrible need,1
"Yes, But I remember what it gave me.",1
Thank you and God Bless!,0
"Okay, that sounds great!  Thanks!",0
"It is going alright, thanks",0
"Thank you ""PERSON_1""",0
ok so we agreed on a price?,1
I like to donate money and time to charities that help children so I also want to thank you for educating me on this charity!,0
"ok thank you sounds good,",0
"ok, thankyou for your time.",0
"Yes , they are connected to big companies.",1
Alright thank you for contributing to Save the Children.,0
Well I really like Save the Children.,1
You can find reports associated with the financial information by visiting this link:  URL s/about-us/resource-library,1
I think thats a good idea.,1
Thank you!,0
I'm doing well thank you,0
"In the first two months of 2018 alone, 1,000 children were reportedly killed or injured in intensifying violence.",1
I help by giving money to them so that doesn't happen so often.,1
It is the scariest thing that can happen to anyone especially a child.,1
Have a great day and thanks for the chat!,0
I agree.,1
"I will absolutely look to donating something later, just because I have always wanted to anyways and now this so why not.",1
"Can you give me their website, so I can look into them?",1
Have you heard about the recent storms/flooding in Hawaii?,1
"Great thanks, Im here to talk about the childrens charity.",0
Thank you for your recognition.,0
"I'm great, thank you.",0
"Save the Children is an international non-governmental organization that promotes children's rights, provides relief and helps support children in developing countries.",1
ok  $1 it is,1
They are looking out for children's rights in developing countries,1
Yes they work both in the US and abroad,1
Thank you for your donation and for supporting children in need.,0
I would.,1
Thank you for your donation and for supporting children in need.,0
Good morning.,1
Would you like to make a donation today?,1
But as little as $1 can feed a child for the whole day.,1
Thank you for your help!,0
What is their mission?,1
I do donate to Save the children a lot.,1
Have a great Monday!,1
They absolutely do.,1
How am I charged for donations?,1
okay done.. thanks,0
Wow that is a lot of options.,1
What do you think?,1
Very well thanks.,0
Thank you again for donating $10 to Save the Children.,0
"I'm very well, thank you.",0
"Ok, thank you.",0
Hi!,1
wow! thanks on behalf of the organization! that is generous!,0
I was reading about their aid work in Syria and how they've helped young girls in developing countries receive schooling.,1
Have you heard of Save The Children?,1
so you think to trust this organisation and help the children with donating in the future?,1
Thanks for having an open mind and doing what's right.,0
We need to care for them as we will need them in our old age.,1
Thank you.,0
Thank you for your contribution!,0
Thank you so much for your kindness and have a great day.,0
The research team here can transfer a donation for you.,1
"It is going alright, thanks",0
Yes I am aware of that charity,1
That's great!,1
I will donate all of $2 then :),1
Thank for answering my questions.,0
Absolutely!,1
Thank you :),0
"I am fine, thank you, Have you ever heard about the organization ""Save the Children""?",0
Would you like to help them out?,1
"You're right, it is very important.",1
How do they ensure that the money is effective in feeding the children and not lining pockets?,1
And I thank you,0
"No, I didn't know but thank you for telling me!",0
"im working for this organization right now Save the Children, do you know of it?",1
I hope you do soon.,1
"is this crowdfunding, yes i have heard of them",1
"Thanks, especially Syria children affect more so I really worried about his future.",0
So what do I need to donate?,1
How about you?,1
thanks will do the same,0
"I will look in to donating my time locally, thank you!",0
no its ok i just like children because they need help,1
I'm looking at donating 20 tonight too,1
Thank you very much.,0
"Yes, thank you.",0
Health and education both are important factors,1
I can afford $5.00,1
Please consider giving even 5 cents.,1
yes I have in going to donate,1
hello how are you,1
I saw a children died from hunger and it tears my heart apart.,1
Yeah I agree.,1
"Yes they can, thanks again",0
I'm good thank you!,0
no problem thank you for donation 0.60 to save the children,0
"I have to go into the office, do you as well, or can you work from home?",1
"Oh, thanks for the website, I am sure that it has a lot of information that I could use to learn more about it.",0
"Yes, it really is. They also provide information on their website about how funding and donations are dispersed. 86% goes to program funding, 9% to Fundraising and 5% to Management.",1
thank you for this conversation,0
No problem thank you for telling me about this wonderful charity!,0
How much do you like to donate to the charity now?,1
How many children do you estimate are benefited?,1
"Sounds good, thank you!",0
