text,label
"Japanese ""carb trick"" burns 2 lbs of belly fat",0
"How Americans Lost 54,000 Lbs With This , Try Tonight  To unsubscribe  mailing  lick",0
How to make guns legally invisible,1
"If you have any guns stashed in the common hiding spots you'll leary  about on the next page, it""s critical that you move them  immediately.",1
These hiding spots seem foolproof.,0
"(I used to use them all myself, just  like you might be doing right now)  But they're guaranteed to get your guns taken in a confiscation  scenario.",0
Here's why I know this is true:  Former CIA operative Jason Hanson explains exactly why these often-used hiding spots are so terrible in his recent book.,1
He also explains where you SHOULD be hiding your guns so that there's  zero chance they can ever be taken.,1
"Better yet, he'll show you how to make those same guns legally invisible  to the registration system... so snooping government goons never come  looking for them in the first place.",1
Best of all... He's giving away a handful of these books 100% Free  for the next 24 hours.,0
All you have to do is confirm your info and cover shipping to get 1 Free.,0
"That said, he's putting a hard cap on the number of readers who can get  this Free.",0
"There were 500 available last I checked, but this just went out to 142,089  other subscribers just like you.",1
So these Free co} are going to move lightning.,1
Grab yours now and tuck it somewhere safe.,0
"Things are getting rough  out there, and this information has never been more important to have  on hand.",1
Moses  .S.,0
-- You won't just learn about Jason's most effective gun hiding spots  in this book.,0
You'll also find things like:  1.,0
One key date to keep in mind when buying a firearm.,0
This  simple number could mean the difference between staying armed or  being rendered defenseless.,1
How to dupe the police into protecting your firearms - without  them even knowing you have them.,1
"This is an ingenious ""trick"" that  takes virtually no effort...  How to buy and stockpile a lot of ammo, in a very short time,  without raising any flags...  One seemingly innocent document that can tipoff gun grabbers  to the existence of your firearms (and the one step to take to  eliminate any trace)...  t your e hardcopy now while they're still available and  before you forget.",0
Pharmaceutical BIO opt in contacts,0
"Greetings,  We have a list of companies across Pharmaceutical, Ag/Food, biosciences industry, Medical Device, Nutrient  Supplementation, Water Treatment, etc... for contacts like C-Level, VP- Level and Decision Maker contacts from  these companies at very less cost.",0
"If yes, please let me know the job titles and geography you wish to target, so that I can get back with counts and pricing  info on same.",0
"Every Contact Includes this data fields: Contact Name, Email Address, Phone Number, Company Name, Website  Address, Job Title, Physical Address, Revenue Size, Employee Size, SIC Code & Industry.",0
Please specify which industry suites you the best.,0
"If you wish to reach a different set of the target audience, let me know.",0
Look forward to your reply soon.,0
"Best Regards,  Rosalie  Marketing Manager",0
RE: AVMA Attendees Data List-2020,0
"He  Hope you, re doing well!A  Would you be interested in acquiring American Veterinary Medical Association Attendees Email Address with full  contact information?",0
"ion contains:A Org Name, First Name.",0
"Contact Job Title,A Verified Email Address, Website URL, Mailing Address, Phone Number,  Fax Number, Industry and many more""!",0
"Number of Contacts:- 9,748  cost $1,529  Kindly let me know your thoughts, so that we could discuss further details.",0
"Kind Regards,  Elizabeth Lawson  Marketing Coordinator  If you don,t wish to receive further email from us please reply back ""Leave Out""",0
Beat boredom with new art! Custom Canvas Prints are up to 90% Off!,0
This is an advertisement.,0
This email was sent on behalf of Easy Canvas Prints.,0
"To stop receiving emails about Easy Canvas Prints, Unsubscribe or write to:  11525A Stonehollow Dr. Suite 100 Austin, TX 78758  Leave Here  6547 N Academy Boulevard #1170  80918 Colorado Springs CO",0
Gutter Protector's big savings reveal is inside,0
This is an advertisement.,0
This email was sent on behalf of Gutter Protector.,0
You opted in to receive 3rd party emails from one of our affiliates.,0
"To unsubscribe, click here or write to 1216 Broadway, Floor 2 | New York City, NY 10001  Unsubscribe Here  6547 N Academy Boulevard #1170  80918 Colorado Springs CO.",0
PPP For Nonprofits Re-Opens This Week,0
"Noprofit Execs & Board Members  PPP For Nonprofits Re-Opens This Week  (Because of your important work with CHARITABLE ORGANIZATIONS)  VISIT HERE or Press Handshake Below  Dear Noprofit Execs & Colleagues In Service,  The U.S. Small Business Administration (SBA), in consultation with the Treasury Department, announced  this weekend that the Paycheck Protection Program (PPP) will re-open the week of January 11 for new  nonprofits and certain existing PPP charities.",0
"To promote access to capital, initially only community financial  institutions will be able to make First Draw PPP Loans on Monday, January 11, and Second Draw PPP Loans  on Wednesday, January 13.",0
The PPP will open to all participating lenders shortly thereafter.,0
"Updated PPP  guidance outlining Program changes to enhance its effectiveness and accessibility was released on January 6  in accordance with the Economic Aid to Hard-Hit Small Businesses, Non-Profits, and Venues Act.",0
"This round of the PPP continues to prioritize millions of Americans employed by nonprofits by authorizing up  to $284 billion toward job retention and certain other expenses through March 31, 2021, and by allowing  certain existing PPP borrowers to apply for a Second Draw PPP Loan.",1
"The historically successful Paycheck Protection Program served as an economic lifeline to thousands of  nonprofits and their employees when they needed it most,"" said Administrator Jovita Carranza.
",1
"""""Today's guidance builds on the success of the program and adapts to the changing needs of charities  by providing targeted relief and a simpler forgiveness process to ensure their path to recovery."" The Paycheck Protection Program has successfully provided 5.2 million loans worth $525 billion to  America's small businesses, supporting more than 51 million jobs,"""" said Treasury Secretary Steven T.  Mnuchin.",1
"""""ceThis updated guidance enhances the PPP's targeted relief to small businesses most  impacted by COVID-19.",0
"We are committed to implementing this round of PPP quickly to continue supporting  American small businesses and their workers.""  Key PPP updates include:  #1 Nonprofits can set their PPP loan,s covered period to be any length between 8 and 24 weeks to best  meet their business needs... VISIT HERE FOR ENTIRE ARTICLE  Inside Charity is pleased to report that over 300,000 executives, staff, board members, ministry leaders and  volunteers rely on Inside Charity for their nonprofit news.",0
We're grateful to everyone who has participated  and want to encourage as many as people as possible to continue to share their experiences.,0
Your written  comments and contributions have helped your colleagues navigate this process.,0
We are all in the throes of the global pandemic.,1
"Charities everywhere are feeling the effects of isolation  measures, business shutdowns, travel bans, and markets crashing.",1
InsideCharity is here to make sure receive  the information you require to navigate these unprecedented times.,0
We're in direct contact with the financial  experts at the SBA to provide you real-time updates you need to navigate CARE Act funding.,0
VISIT HERE TO SUBSCRIBE  We look forward to hearing from you.,0
"Warmly,  Louis Fawcett, CNC  Contributing Editor  You are subscribed to this email as bruce@untroubled.org  Click here to modify your preferences or unsubscribe.",0
Refreshing Summer Savings - Get $250 off gutter guards from Gutter Protector,0
This is an advertisement.,0
This email was sent on behalf of Gutter Protector.,0
You opted in to receive 3rd party emails from one of our affiliates.,0
"To unsubscribe, click here or write to 1216 Broadway, Floor 2 | New York City, NY 10001  Unsubscribe Here  6547 N Academy Boulevard #1170  80918 Colorado Springs CO.",0
$6.58 for a premium bottle of wine?,0
"Splash Wines  I you do not wish to receive future messages click here to unsubscribe  Splash Wines | 1191 E Iron Eagle Dr., Suite #101 - Eagle, ID 83616  Unsubscribe Here  6547 N Academy Boulevard Eagle, ID 80918 Colorado Springs CO",0
20 New Weight Loss Product for the New Year,0
"Gadgets Laboratory  I you do not wish to receive future messages click here to unsubscribe  Gadgets Laboratory | 14300 Black Ave #1437, Pleasanton, CA 94566  Unsubscribe Here  6547 N Academy Boulevard #1170 80918 Colorado Springs CO",0
Keep yourself AND your wine warm this winter - 71% off!,0
"Splash Wines  I you do not wish to receive future messages click here to unsubscribe  Splash Wines | 1191 E Iron Eagle Dr., Suite #101 - Eagle, ID 83616  Unsubscribe Here  6547 N Academy Boulevard #1170 80918 Colorado Springs CO",0
Best Engineer's Collection Funny Tee Shirt,0
Send Your Love From Afar! 16x20 Canvas Prints ONLY $14.99!,0
This is an advertisement.,0
This email was sent on behalf of Easy Canvas Prints.,0
"To stop receiving emails about Easy Canvas Prints, Unsubscribe or write to:  11525A Stonehollow Dr. Suite 100 Austin, TX 78758  Leave Here  6547 N Academy Boulevard #1170  80918 Colorado Springs CO",0
Testing For COVID19 Has Been Made Simpler With All New Pulse Oximeter,0
AMERICA DAILY COVID19  MEDICAL UPDATE  TU me ene  021  At Your Fingertips May Be The Most  Important Test!,0
Ever heard of an oximeter?,0
"If you have a lung or heart condition, you may  use one periodically at home to monitor your condition.",0
"Or, maybe you've  had one clipped to your finger during a trip the ER or while in the hospital.",0
"Regardless of your past familiarity with them, you may have noticed  lately that pulse oximeters are popping up in the news and your social  feeds, in conversation with friends and family and, if you're like me, your  CVS receipt full of coupons ?",0
all because of COVID-19.,0
A pulse oximeter is a painless and reliable way for clinicians to measure a  persons blood oxygen levels.,0
"When you breathe, oxygen enters your  lungs, passes through thin membranes and enters your blood  stream..where it is then picked up by red blood cells and carried around  the body to various organs.",0
Take An Additional 50% Off The Oximeter by visiting here!,0
Main Factor In Detecting The Illness  At home monitoring not just your temperature.,0
By Tony Newiyer Read more here  ,0
This Little Heater is Saving Americans Thousands on Electricity Bills,0
"Stay Warm & Cozy and save big tim  IF you'd prefer not to receive future emails, Unsubscribe Here,  Instaheater | 23638 W. Lyons Avenue #468 - Newhall, CA 91321  Unsubscribe Here  6547 N Academy Boulevard #1170  80918 Colorado Springs CO",0
Keep Your Coffee Warm All Morning Using Mug Warmer By Homestyle Goods,0
Keep Your Drink  Perfectly Hot.,0
Power on Contact  The  is  ane e)  Nag  i  ree  ceig  Myon  wh  FeruesCRaaCR Cy  Rp  ra  Pea a ene Ros  ie  5  seat  Cite  en you n  it.,0
Still Waking up?,0
"No worries, it's completely spillproof.",0
"Rally Edwards Intellectual Services  110 Lambert, Stockton, NJ, 08559  MANAGE SUBSCRIPTION PREFERENCES.",0
Let Gutter Protector make your summer! Get 10% off gutter guards,0
This is an advertisement.,0
This email was sent on behalf of Gutter Protector.,0
You opted in to receive 3rd party emails from one of our affiliates.,0
"To unsubscribe, click here or write to 1216 Broadway, Floor 2 | New York City, NY 10001  Unsubscribe Here  6547 N Academy Boulevard #1170  80918 Colorado Springs CO.",0
20 Weight Loss Gadgets You've Never Heard,0
"Gadgets Laboratory  I you do not wish to receive future messages click here to unsubscribe  Gadgets Laboratory | 14300 Black Ave #1437, Pleasanton, CA 94566  Unsubscribe Here  6547 N Academy Boulevard #1170  """"80918 Colorado Springs CO",0
REPLY FOR MORE DETAILS,0
"Good day to you,  I'm a brand ambassador of ( D.C.I ), It's an investment platform for people who want to either save money for business purposes or those that want to increase their income, whatever you invest you gain 10.00% of it Daily, 50.00% Weekly, 100.00% Monthly and 5.00% Hourly, no referral needed.",1
"It's not a scam, and they trade in crypto-currency exchange so they share profits with investors.",0
The minimum amount to start with is $50.00 and above.,0
Get back to me if you are interested for more details.,0
Yours Sincerely Hon.,0
George Harry Email: officefile04161956@gmail.com,0
All New Mug Warmer Keeps Your Coffee Warm All Morning Long,0
Keep your Drink Hot  Without the Microwav  The Homestyle Mug Warmer  SCR A eos aan kOe UCR ea CRC teCA mod  ee ete CRU Sco ens act cera cena  Stein erte MN CRC intem CRE nce Na Bc cctase  Peo meen occ mi COR Citaen seroma tage  FCC eette menos RCo acerca meses  ERGs Ene R UCR NCAR  Still Waking Up?,0
No worries!,0
The Mug Heater is  completely spillproof.,0
Ea  OV Cm oa abate,0
13 prescription drugs that destroy your brain,1
"Though bizarre, Harvard researchers have discovered a  shocking link between your sleep and the onset of Alzheimer's.",1
The big question is - do you sleep on your side or on your back?,0
"Because further research shows, ONE of these position:  is linked to the first signs of dementia.",1
"Sleeping In THIS Position Is Linked To Alzheimer:  To your health,  Dr. Will Mitchell, DOM, MS Nutrition  If you'd prefer not to receive future emails, Unsubscribe Here  rain Blueprint 321 N Central Expressway Suite 351 - McKinney, TX 75070  Unsubscribe Here  6547 N Academy Boulevard #1170  80918 Colorado Springs CO",0
2021 ORDER,0
"Dear bruce,  We are Interested in buying your product  Kindly send your company's latest catalog and your best price list.",0
Also send us more information about your company for our ref.,0
"with your conditions and terms as below,  *Delivery time  *Payment term ( LC or TT )  *Minimum order quantity  Best Regards  Ahmad Danish  (Export Manager)  MEGA POINT TECHNOLOGIES SDN.",0
"BHD  38, jalan taman pertama 2, 2, regat Convent,  Taman Pertama, 34000 Taiping, Perak, Malaysia  Phone: +60 12-522 1893  Email  mportmegapoint@yahoo.com",0
Continuity Fairs -2021 Attendees Email List,0
"Hi,  Are you interested in acquiring contact list of Continuity Fairs- 2021 Attendees List?",0
"If interested, kindly email me for more information on the counts and cost to acquire the list.",0
"Regards,  Jessica Collins| Sales Team|  Email: jessicac@leadsonmail.us  """"If you don""""t wish to receive email from us please reply back with Opt Out""",0
The Portable Heat You and Need to stay Cozy & Comfy All Winter Long,0
"Stay Warm & Cozy and save big tim  IF you'd prefer not to receive future emails, Unsubscribe Here,  Instaheater | 23638 W. Lyons Avenue #468 - Newhall, CA 91321  Unsubscribe Here  6547 N Academy Boulevard #1170  80918 Colorado Springs CO",0
?utf-8?B?5ZGY5bel56ev5p6B5oCn5LiN6auY77yM5LyY56eA5Lq65omN5LiN5pat5rWB?,0
 ?utf-8?B?5aSx77yM5aSW6YOo5Lq65omN5LiN5oS/5Yqg5YWl77yf5Zuw5omw5oKo5aSa?,0
 ?utf-8?B?5bm055qE6Zeu6aKY5pyJ6Kej5Yaz5pa55qGI5LqG77yB?,0
Five Nonprofit Board NO-NOs,0
"Five NO-NOs When Working With Nonprofit Boards:  1  ""Let's have an annual retreat"" (why waste a good weekend?)",1
"2  ""Let's hire someone to do board training"" (why am I training my bosses?)",1
"2  ""Let's get our members to fund raise"" (it's never worked...it never will)  4.",1
Let's recruit more board members (why add to the crazy-making?),1
"&  ""Let's vote on a having a feasibility study"" (consultants are lying to you.)",1
"Major Gifts Ramp-Up is the single greatest virtual conference event I've experienced since the start of the pandemicl"" ~  Deanna Woodall, YWCA Quad-Cities  (Video conference with your colleagues to learn how to raise major gifts using virtual technology)  VISIT HERE or press GET STARTED button below  Dear Colleagues in Nonprofit Service,  Here's a list of five NO-NOs when working with a nonprofit board ",0
" 1. Let's have an annual retreat"" (why waste a good weekend?)",1
2. Let's hire someone to do board training (why am I training my bosses?),1
"3. ""Let's get our members to fund raise"" (it's never worke:  it never will)  ",1
4. Let's recruit more board members (why add to the crazy-making?),1
5. Let's vote on a having a feasibility study (consultants are lying to you.),1
I'm sharing this message with you this morning to affirm what you already know.,0
Your Board of Directors is not your real  problem nor is it your solution.,0
"When it's all said and done, there's one thing all boards have in common...THEY DO NOT  FUNCTION.",1
There's a better way.,0
Allow me to explain.,0
#NAME?,0
UNPAID VOLUNTEER BOARD MEMBERS DON'T GOVERN.,0
Actual governance occurs when a person (with a full-time salary) supported by various paid staff (the formation of a  government) is empowered to perform the daily tasks of decision-making and oversight.,0
Strong CEOs GOVERN!,0
"Boardsmanship is not Vi:  ning: VISION is the way MISSION is achieved and is never the responsibility of the board  because the board isn,t being paid to accomplish it.",0
STRONG CEOs DETERMINE VISION.,1
(I'II agree that board  members hold their compensated leader accountable to achieve MISSION.),0
Here's what you do.,0
Hire a strong CEO who can  be trusted to design a HEROIC VISION OF SCALE that accomplishes mission in ways you never dreamed possible.,1
"Believe me,  strong CEOs are already doing it their way even if they're forced to label it ""02BOARD VISION.""  Boardsmanship is not Policy-Making: Hire a CEO whose depth of experience and formal education has already equipped  them as a management expert.",0
The right CEO has been properly trained to oversee the creation of policies that work.,0
Board  Members never write policy anyway.,0
Someone else does the heavy-lifting and they rubber stamp it.,0
Boardsmanship is not Volunteerism: Eliminate the special events committee.,0
Eliminate the fundraising  committee.,1
Eliminate the public relations committee.,1
Eliminate the strategic planning committee.,1
"(Here,s a good rule of  thumb - remove everything from your by-laws that,'s not related to IRS compliance.)",0
Re-assemble these groups as  volunteers (non-board members) who serve you directly.,0
"For example, a group of social workers is assembled to serve the  program director, or a campaign cabinet comprised of community volunteers is built to advance fundraising.",0
"You now have  individuals in their sweet spots, who are no longer saddled with arcane tasks.",1
"Boardsmanship is not Management: Board members have no authority over the day-to-day operations of a nonprofit  UNLESS there,s a written directive recorded in board meeting minutes with a motion, second  and full vote.",0
Members cannot unilaterally exercise power.,0
Nor can committees.,0
"Conversely, board members actually need  to receive permission from the CEO if they intend to act on behalf of the nonprofit in a manner that could affect daily  operations.",0
"By the way, I've figured out this whole BOARD THING!",1
"Here,s how it works:  Great boards do TWO things:  They provide.",0
"\DVICE & ACCOUNTABILITY  The STRONG CEO is named chair of the nominations committee and fills these SIX POSITIONS (yes, you only need six [plus]):  Business Expert (Chair) Entrepreneur  Program Expert (Secretary) Specific  Finance Expert (Treasurer) Accountant  Legal Expert (Member) Lawyer  Communications Expert (Member) PR/Marketer  Nonprofit Expert (Member) Consultant  THAT'S IT!",0
"(add other experts as needed eg. personnel, etc.)",0
"However, don't forget, working group theory states that  any ""working group"" with more than seven people is no longer a group that works!",0
Here are their ten clear-cut ADVICE & ACCOUNTABILITY functions:  Comply with IRS Regulations  Hire strong Chief Executive Officer  Approve Meeting Agenda  Approve and Amend By-Laws  Choose and Review Independent Financial Audit (annual)  Choose and Review Independent Program Audit (annual)  Evaluate strong Chief Executive Officer  Attend Three Meetings per Year with Recorded Minutes  Support the CEOs Vision (not the boards vision)  10.,0
Provide CEO their expert advice  If it's time for your organization to become fully funded | strongly recommend that you join us for Major Gifts Ramp-Up.,0
"Over  14,500 nonprofit executives from across the U.S. have already attended.",0
THEY LOVE THESE EVENTS (and so do their  boards!),1
Why?,0
Because this fast-paced and provocative training have been customized for the audience in attendance.,0
Prepare to hear the truth in ways you've never experienced before.,1
You'll learn from the masters who defied convention and  challenged the false thinking that keeps charities broke.,0
"""Having served nonprofits for the past 40 years, | thought I'd seen everything!",0
Then | attended Major Gifts Ramp-Up New  York and experienced Jimmy LaRose's brilliant performance before 170 nonprofit executives.,0
"His unbounded enthusiasm,  comic timing, exceptional sense of theater and insights into nonprofit management will change the way you view yourself  and the raising of big gifts.",1
"This conference is a must-see, especially for those who think they, ve seen it all!"" - Carl Cox,  Habitat for Humanity  Who should attend?",1
"If you, re a CEO, CFO, COO, CDO, Executive Director, Development Director, Staff Member, Board  Member, Pastor, Trustee or Volunteer responsible for the financial health of a nonprofit, ministry or church then you'll want  to make sure you bring as many people as possible to this training.",0
Tuition for a quality capacity-building conference could cost up to $700 per guest.,0
We're thrilled to share that a group of  major donors have underwritten this event allowing us to offer tuition for ONE PERSON at $128 or UNLIMITED  REGISTRATIONS for only $248.,1
"That's right, every member of your team can come for only $248.",0
Please register today.,0
This event will reach capacity soon.,1
MISIT HERE to Get Started.,0
We believe in you.,0
We know that there are funds available to ensure your sustainability.,0
Let us show you how to access them  ASAP.,0
| look forward to meeting you personally.,0
Until then | remain.,0
"Sincerely Yours,  Stefanie Stark, CNC  National Development Institute  P.S.",0
Here's what you need to know about your financial problems: The river of philanthropy is both deep and wide and there  are millions of dollars in finance available to secure your important mission.,0
You are si  scribed to this email as bru  untroubled.org  Click here to modify your preferences or unsubscribe.,0
Free Shipping 55% Discount Special,0
"Stay Warm & Cozy and save big tim  IF you'd prefer not to receive future emails, Unsubscribe Here,  Instaheater | 23638 W. Lyons Avenue #468 - Newhall, CA 91321  Unsubscribe Here  6547 N Academy Boulevard #1170  80918 Colorado Springs CO",0
New_Survey_Waiting_for_SaskWatch!?,0
"Hello Panel Member,  Thank you for being a part of the SaskWatch panel!",0
Below please find a link to take a brand-new survey which will earn you thirty (30)  reward points.,1
The study should take you about 15 minutes to complete.,0
Note: This is an ongoing study and is open weekly to the first 75 panelists.,0
"If your  quota is full, you will be re-invited to the study again in the following weeks.",0
We  apologize for any inconvenience.,0
Your willingness to participate in the survey is  greatly appreciated.,0
"If the button does not work for you, please click on the link below, or copy and paste  it into your browser's address bar:  -  Remember that the minimum reward cashout threshold is 150 points  $15).",0
"To cash out or check the status of your reward points, simply log into the  SaskWatch website and type in your user name and password.",0
"You will find access  to the cashout and reward point total sections listed in the ""members only"" tab.",0
"Your  answers will remain completely confidential at all times, and your information will  not be sold or used for any other purpose than for participation in SaskWatch  surveys.",0
Reminder: a few details about the SaskWatch Reward Points System:  1.,0
Each point is worth $0.10  2.,0
Each survey will have a minimum point value of 10 points ($1) and up to 50  points ($5).,0
"At times, there may be surveys worth more points if they are  longer than 15 minutes in length.",0
We also offer sweepstakes surveys for cash  draws.,0
"The survey type will always be identified in the email invitations  Once you have accumulated a minimum of 150 points ($15), you may redeem  your points one of two ways: 1) you may get a cheque sent to your mailing  address or 2) you may choose a charity from our list to donate your cash to  instead of receiving a cheque  is continually adding local Saskatchewan-based and local affiliates of national  charities to our list of charity recipients.",0
As we develop partnerships with the  charities the list will continue to grow!,0
Connect with us:  Terms | Privacy | Contact Us | Unsubscribe  Po,0
I'AM SUFFERING FROM CANCER OF THE HEART,1
I'AM SUFFERING FROM CANCER OF THE HEART  Dear Friend.,1
"Greetings to you in the name of the Lord God Almighty am MRS NICOLE MAROIS From (Paris) France, but am based in Burkina Faso Africa for eight years now as a business woman dealing on gold exportation and cotton Sales.",1
But I have been suffering from this deadly disease called cancer for long and the doctor just said I have just few weeks to live.,1
"I know it will be difficult for you to believe my story now, but this is the situation I found myself in, it's not my desire to be on a sick bed today but God knows best,  Now that I am about to end the race like this, without any family Members and no child.",1
"I have $5.8 Million US DOLLARS in BANK OF AFRICA (B.O.A) Burkina Faso it's all my life savings, I instructed the Bank to give it to St Andrews Missionary and Home Kizito Orphanage in Burkina Faso.",0
"But my mind is not at rest because i do not trust them, I am writing this letter now through the help of my computer beside my sick bed.",1
"I will instruct the bank to transfer this fund to you as a foreigner but you have to promise me that you will take 40 Percent(%) of the total money for your personal use While 60 Percent (%) of the money will go to charity, Orphanage and less Privileges"" people in the street and helping the Needy.",0
"I grew up as an Orphan and I don't have anybody as my family member, just to Endeavour that the house of God is maintained.",1
Am doing this so that God will forgive my sins and accept my soul because this sickness has suffered me so much.,1
As soon as I receive your reply I shall give you the contact of the bank and I will also instruct my Bank Manager to issue you an authority letter that will prove you the present beneficiary of the money in the bank that is if you assure me that you will act accordingly as I Stated herein.,0
I look forward to getting a reply from you.,0
"Thanks and God bless you,  Mrs NICOLE MAROIS.",0
The Senior Citizen Curse: How this one trick can reverse the effect of memory loss,0
"Though bizarre, Harvard researchers have discovered a  shocking link between your sleep and the onset of Alzheimer's.",1
The big question is - do you sleep on your side or on your back?,0
"Because further research shows, ONE of these position:  is linked to the first signs of dementia.",1
"Sleeping In THIS Position Is Linked To Alzheimer:  To your health,  Dr. Will Mitchell, DOM, MS Nutrition  If you'd prefer not to receive future emails, Unsubscribe Here  rain Blueprint 321 N Central Expressway Suite 351 - McKinney, TX 75070  Unsubscribe Here  6547 N Academy Boulevard #1170  80918 Colorado Springs CO",0
Telegraphic Telex! ,0
Dear Customers; Happy New Year!,0
"We the Federal Reserve Bank officials were heading a meeting at the White House yesterday towards the situation of this funds delivery of a thing,when Mr. Williams from the Federal Reserve Bank of New York came out with his topic and opinions which later ended with a report on the cancellation of some of the beneficiaries whose according to him,did not make any attempt or show any interest in the funds assigned to them.",1
"He added that , it isn't the fault of the beneficiaries and also not the fault of the deliverers which he considered poor working class and organizing mentality as the cause of it.",0
"As an angry bird, he asked for the cancellation of any fund beneficiary who decided not to be replying his emails about this funds issue, he had it that, there seems to be no reason of keeping your emails on his phone since no other business that tied you both together except the funds from the UN and to be delivered by his bank.",1
"A list he presented which shows the number of beneficiaries he is going to attend,how much they are to receive, how to get it delivered, how many people who had received theirs, the ones who is yet to receive theirs, number of unbelievers, and the ones who is yet to be informed about the funds.",0
"Your information,phone number and email address was seen as #86 out of the #160 persons who suddenly stopped replying his emails.",0
His reports are too numerous to be written down here.,0
************************************************* I looked at the report and decided to sleep over it before passing out my judgement.,0
"The FBI got involved in the issues and according to what they said,most people lost confidence in the Federal Reserve Bank institution because:  1.They receives more emails about the funds more than expected.",1
2.They were made to believe that the yet to receive fund comes also from the other financial institution and not only the Federal Reserve Bank.,0
( But this is a very big lie!).,1
"************************************************* To end the long messages, Mr. John C Williams wrote a letter to the authority , seeking for the cancellation of your fund which he stated that he reason is that you are no longer responding to his emails, and for him to avoid been charged for an unexpected fine,he has no right to leave a rejected funds in his bank.",1
So you have to get back to me as soon as you received this email.,1
************************************************* Mr Jerome Powell Director Federal Reserve Bank,0
"Assalam alaikum,",0
"Assalam alaikum,  I am an active banker,  I saw your email address while browsing through the bank DTC Screen in my office yesterday.",0
now  I am in a better position to transfer about $8.3 million US Dollars into a foreign account.,0
"If you are willing and capable to work with me to receive this fund into a personal or company's account, I will give you the full detailed information.",0
No risk is involved as it will pass through normal banking procedures.,0
"Hence, I am inviting you for a business deal where this money can be transfer to your account which we will shared between us in the ratio of 50% for me,50% for you and both of us will share any expenses that will come during the release/transfer from our bank to your bank account, if you agree to my business proposal.",0
Further details of this Fund release and transfer will be forwarded to you as soon as I receive your detail Mail.,0
1)Your Full Names.,0
(2)Your country.,0
(3)Your Telephone (4)Your Occupation .,0
(5)Your Age.,0
(6) Your full Address.,0
I will use these detail information's to fill a release/transfer and arrange some documents on your behalf in our bank here as the beneficiary owner of this fund abandoned in our bank   I want you to reply urgently so I will give you full details on how this business transaction will be executed.,1
"Please listen, this is real and goes on in Banks all over the world without people knowing.",0
"Let us utilize this opportunity because it does not always come, A lot of customers open private accounts with different Banks without the knowledge of their families and when they die, the money will be lost to the Bank unless someone comes to claim it.",0
This is how a lot of Bank Directors make so much money silently.,0
"Also note I have the ability to conduct this transaction with total confidentiality with any company or individual involved, and both of us will share any expenses that will come during the release/transfer Anticipating your communication.",0
Please contact me through my private Email:  alhouttta@gmail.com  All THE BEST Thanks Alh Idriss Akim Outta,0
?UTF-8?Q?ReEFBC9AWashable_Surgical_Gown?,0
"Dear Friend,  Good day to you!",0
"Covid-19 is still spreading, no one can know when will be ended.",1
"PPE products not only necessary, but also should be reusable for save cost.",0
"With more than 20 years' production and international business experiences, our fabric surgical gown can Washable,  Reusable.",1
"And all our medical PPE (FFP2 mask,gown) products exporting to all over the world with CE, FDA approved and on the  White List of Chinese Customs.",0
We hope our products can reduce your 1/5 purchase cost exactly under the same quality conditions.,0
Welcomed to contact us for more information which will help for you business.,0
Beat Rgds  David JQ Lin / Director  1042360172@qq.com  +86 138 0169 5566,0
Keep Your Hot Coffee Or Beverage Warm All Morning Using All New HomeGoods Mug Warmer,0
"Finally,  Never  rFiave [To  Reheat  Your  Beverage  Again In  The  Mircowave!",0
"A mug warmer is a neat little electronic device, generally designed to be used at a desk, that heats and maintains the temperature of a cup of coffee.",0
"And when done well, this item is a game-changer for busy coffee loving individuals.",0
Why?,0
Because your coffee will never go cold again!,1
"Klien Attler  Network C  ive  589 Starlite, Idaho Falls  ID 834022307  Change Subscription Preference:",0
I Need Your Assistance,0
"Let me start by introducing myself my name is Mr.Kane, I am a banker i need your assistance from my section in the bank i discovered an abandoned sum of $11.6million dollars that belongs to one of our foreign customer who died along with his supposed next of kin since July 22, 2003.",0
I need your urgent assistance in transferring the fund into your private bank account.,1
"I want the bank to release the money to you as the relative and the next of kin to our deceased customer the Banking laws here does not allow such money to stay more than 19years,because the money will be recalled to the Bank treasury account as unclaimed fund.",0
Once the funds have been transferred to your nominated bank account we shall then share in the ratio of 60% for me and 40% for you by indicating your interest i will send you the full details on how the transfer will be executed.,0
Mr.Kane,0
OK.........................,0
"Dear Friend,  An oil business man made a fixed deposit of â¬15 MILLION Euros in my bank branch where I am a director and he died with his entire family in a plane crash  leaving behind no next of kin.",0
"I Propose to present you as next of kin to claim the funds,if interested contact me with your full name, and telephone number to reach you and most importantly, a confirmation of acceptance from you.",0
Mr Mohammed Saad,0
RE: AVMA Attendees Data Bank-2021,0
"Hi,  Hope you are doing well!",0
Would you be interested in acquiring American Veterinary Medical Association Attendees Data Bank-2021?,0
"List Includes:- Org-Name, First Name, Last Name, Contact Job Title,A Verified Email Address, Website URL, Mailing Address,  Phone Number, Fax Number, Industry and many more""}  Number of Contacts:- 9,875 Vet  .d Contacts.",0
"Cost $1,621  If you' re interested please let me know | will assist you with further details.",0
"Kind Regards,  Victoria Miller  Marketing Coordinator  If you do not wish to receive future emails from us, please reply as 'leave out'",0
Click Here To Claim 20% Off Your KN95 Masks!,0
"DotComProduct.com  Ir you'd prefer nat to receive future emails, Ur  be Here  Dot Com Products | 51d Earth City laza, Ste.",0
"235 | Earth City, MO 63045,",0
"Limited Supply: Clogged Drain or Sink?  Use The All New High Pressure Plunger, Unclogs Pipes And Drains In Minutes",0
"Unclogs toilets, sinks, and floor drains  The channel blaster utilizes the force of high-pressure, compacted air  to shoot away the hardest obstructs in your channels in short order.",0
"Simply siphon the channel blaster and press the trigger, and the  obstruct is cleared quickly.",0
This unclogger works a lot quicker than conventional uncloggers and  snakes.,0
Take 50% Off The Plunger  Today Only  ,0
"4323 South Warren RD, Huntington, IN 46750-9219. ",0
Maxwell & Steiger Professional Tech Group,0
Click here  change your preferences.,0
Re: Price update for sanitary valves,0
"Dear friend,  Good day!",0
"Ifyou need the sanitary valves, sanitary fittings and sanitary tubes, welcome to contact me.",0
Although our pricing is less over 20% compare with others suppliers; quality is far better.,0
"Our advantage is that we have own design department, custom-made is available by us  Best regards  Lily Guo",1
Re: Mold making service---from kayou mold factory,0
"Hi Manager,  Thank you for your review this email  We are profesional in manufacturing plastic injection mold and injection molding production.",0
"Offer you ""one-stop"" OEM service for your project from  mold making/injection molding parts production/printing/assemble and package service with timely delivery and less  expensive.",0
Please see attached our factory's introduction.,0
"If there is anything we can do for you, please feel free to contact us.",0
I look forward to hearing from you.,0
Thank you.,0
"Best regards,  kevin  KAYOU PLASTIC MOULD MANUFACTURER",0
New Year Product Order,0
"Hi bruce,  I am interested in your product , please send me more details about your company and product catalogue  Looking forward to your quick reply  Best Regards  Ms.Swal Taw  Asa Group Global Co.,Ltd  No.",0
"170/176, 02-201, MGW Center,  Bo Aung Kyaw Street,  Botahtaung Township, Yangon, Myanmar  Phone No :+95 8 383 468  +95 1 392 723  Email : asagroup_globalco@yahoo.com",0
$1.5 Million Dollars GRANT CONFIRMATION ,0
"$1.5 Million Dollars GRANT CONFIRMATION  Good News Your registered email address has won you $1.5 Million Dollar GRANT has been allocated to you in your Names, from WORLD HEALTH  ORGANIZATION GRANT(WHO).Fight against Corona Virus Swiftly Email.",0
"{ richarrdpaul@gmail.com },We are giving out this Fund to utilize this,  opportunity as we seek to expanding our global portfolio, compensation Stimuli of what the world is facing today .",0
"To claim your GRANT , Please confirm  the receipt of this mail.",0
Announcer!,0
Mr Charles Clark  WHO (Operation officer  Email:{richarrdpaul@gmail.com},0
DEAR LUCKY WINNER !!!CONGRATULATIONS!!!,1
"Date: Saturday 16th January 2021 03:41:54 +1200 Subject: CONTACT:FOR YOUR PRIZE YOU WON Website/ www.lotto.nl  The Acculotto Group Organization Collaburation with New Zealand lotto award, Operators of The National Lottery.",1
"12th AVENUE KWAME NKRUMAH 01 BP, ouagadougou Burkina Faso, REF Nº:AL/74-A0802742020.",0
"BATCH Nº: 2020AL-01 REF Number: AL/74-A0802742020  Congratulations to you as we bring to your notice, the results of the First Category draws of THE LOTTO PROMO INT We are happy to inform you that you have emerged a winner under the First Category, which is part of our promotional draws.",0
The draws are being officially announced today 16th  January 2021.,0
"Participants were selected through a computer ballot system drawn from 2,500,000 email addresses of individuals and companies from Africa, America, Asia, Australia, Europe, Middle East, and Oceania as part of our International Promotions Program.",1
"Your e-mail address, attached to ticket number 20511465463-7655, with serial number 472-9768-79 drew the lucky numbers 8-66-97-22-65-55 and consequently won in the First Category.",0
"You have therefore been awarded a lump sum pay out of â¬2.500,000,000,00 (Two Million Five Hundred Thousand Euro), which is the winning payout for Category A winners.",1
"This is from a total cash prize of 20,000,000.00 {Twenty Million Euro) shared amongst the first Eight (8) lucky winners in this category.",1
CONGRATULATIONS !!!,0
"Your fund is now deposited with the paying Bank.In your best interest to avoid mix up of numbers and names of any kind, we request that you keep the entire details of your award strictly from public notice until the process of transferring your claims has been completed, and your funds remitted to your account.",0
"This is part of our security protocol to avoid double claiming or unscrupulous acts by participants/nonparticipants of this program.Please contact Eco-Bank through the (International Remittance Dept)immediately for due processing and remittance of your prize money to a designated account of your choice:  NOTE: For easy reference and identification, find below your Reference and Batch numbers.",0
Remember to quote these numbers in your correspondence with claims agent.,0
"REF Number: AL/74-A0802742020 BATCH No: UOS/15/096/TVFS TICKET No:20511465463-7655 SERIAL No:472-9768-79 LUCKY No:8-66-97-22-65-5  To claim your funds, please contact your claim officer.",0
International Remittance Department.,0
(Eco-Bank) Contact Director: Mr Ibrahime S. Zongo.,0
E-mail: atm_visacardoffice@t-online.de  Your are advice to provide him with the following bellow?,0
Personal Verification Form:  ,0
1.) Full Name: ,0
2.) Age: ,0
3.) Sex: ,0
4.) Address: ,0
5.) Zip/Postal Code: ,0
6.) State/Province: 7) Country: 8) Phone: ,0
9.) Occupation/Position: ,0
10.) Company: ,0
11.) International Passport; ,0
12.) Email Address: ,0
13.) Ref Nº: ,0
14.) Batch Nº:  Bank account information;  ,0
15.) Account Name; ,0
16.) Account Number;,0
 17.) Bank Name; ,0
18.) Bank Address; ,0
19.) Iban;,0
 20.) Swift Code;  Congratulations once again from all our staff and thank you for being part of our promotions program.,0
"Yours Sincerely,  The Management, Lottery Organisation.",0
N.B: All claims must be completed within 7 working days of notification.,0
YOU HAVE WON,0
"LOTTO.NL, 2391  Beds 152 Koningin Julianaplein 21, Den Haag-Netherlands.",0
(Lotto affiliate with Subscriber Agents).,0
"From: Susan Console (Lottery Coordinator) Website: www.lotto.nl  Sir/Madam,  CONGRATULATIONS!!!",0
We are pleased to inform you of the result of the Lotto NL Winners International programs held on the 14th of January 2021.,0
"Your e-mail address attached to ticket #: 00903228100 with prize # 778009/UK drew 1,000,000.00 which was first in the 2nd class of the draws.",1
"you are to receive 1,000,000.00 (One Million Euros).",0
"Because of mix up in cash pay-outs, we ask that you keep your winning information confidential until your money (1,000,000.00) has been fully remitted to you by our accredited pay-point bank.",1
This measure must be adhere to  avoid loss of your cash prize-winners of our cash prizes are advised to adhere to these instructions to forestall the abuse of this program by other participants.,1
"It's important to note that this draws were conducted formally, and winners are selected through an internet ballot system from 60,000 individual and companies e-mail addresses - the draws are conducted around the world through our internet based ballot system.",0
The promotion is sponsored and promoted Lotto NL.,1
We congratulate you once again.,0
We hope you will use part of it in our next draws; the jackpot winning is 85million.,0
"Remember, all winning must be claimed not later than 20 days.",1
After this date all unclaimed cash prize will be forfeited and included in the next sweepstake.,1
"Please, in order to avoid unnecessary delays and complications remember to quote personal and winning numbers in all correspondence with us.",0
Congratulations once again from all members of Lotto NL.,0
Thank you for being part of our promotional program.,0
To file for the release of your winnings you are advice to contact our Foreign Transfer Manager:  MR. WILSON WARREN JOHNSON  Tel: +31-620-561-787  Fax: +31-84-438-5342  Email: johnsonwilson389@gmail.com,0
"This Summer, Leave the Massager in the Past",0
"End pain today with a simple patch  If you'd prefer not to receive future emails, Leave Here.",0
"Signal Relief | 2601 N Canyon Road, Provo, UT 84604  Unsubscribe Here  6547 N Academy Boulevard #1170  80918 Colorado Springs CO",0
71% off WINTER WINE SALE!,0
"Splash Wines  I you do not wish to receive future messages click here to unsubscribe  Splash Wines | 1191 E Iron Eagle Dr., Suite #101 - Eagle, ID 83616  Unsubscribe Here  6547 N Academy Boulevard #1170  ""80918 Colorado Springs CO",0
"Gadgets Laboratory  I you do not wish to receive future messages click here to unsubscribe  Gadgets Laboratory | 14300 Black Ave #1437, Pleasanton, CA 94566  Unsubscribe Here  6547 N Academy Boulevard #1170  ""80918 Colorado Springs CO",0
Limited Inventory: 20 Top Weight Loss Gadgets,0
"Gadgets Laboratory  I you do not wish to receive future messages click here to unsubscribe  Gadgets Laboratory | 14300 Black Ave #1437, Pleasanton, CA 94566  Unsubscribe Here  6547 N Academy Boulevard #1170  ""80918 Colorado Springs CO",0
Now Is the Time to Stock Up on Wine! 23 Bottles - $6.08 Each + Free Shipping,0
"Splash Wines  I you do not wish to receive future messages click here to unsubscribe  Splash Wines | 1191 E Iron Eagle Dr., Sulte #101 - Eagle, ID 83616",0
Pain Relief For Any Type Of Pain,0
"End pain today with a simple patch  If you'd prefer not to receive future emails, Leave Here.",0
"Signal Relief | 2601 N Canyon Road, Provo, UT 84604  Unsubscribe Here  6547 N Academy Boulevard #1170  80918 Colorado Springs CO",0
$250 in SAVINGS on Wine! It's a Holiday Miracle!,1
"Splash Wines  I you do not wish to receive future messages click here to unsubscribe  Splash Wines | 1191 E Iron Eagle Dr., Suite #101 - Eagle, ID 83616  Unsubscribe Here  6547 N Academy Boulevard #1170  ""80918 Colorado Springs CO",0
"While you're home, add some new art from Custom Canvas Prints",0
This is an advertisement.,0
This email was sent on behalf of Easy Canvas Prints.,0
"To stop receiving emails about Easy Canvas Prints, Unsubscribe or write to:  11525A Stonehollow Dr. Suite 100 Austin, TX 78758  Leave Here  6547 N Academy Boulevard #1170  80918 Colorado Springs CO",0
Beat boredom with new art! Custom Canvas Prints are up to 90% Off!,1
This is an advertisement.,0
This email was sent on behalf of Easy Canvas Prints.,0
"To stop receiving emails about Easy Canvas Prints, Unsubscribe or write to:  11525A Stonehollow Dr. Suite 100 Austin, TX 78758  Leave Here  6547 N Academy Boulevard #1170  80918 Colorado Springs CO",0
FOR THE LESS PRIVILEDGE,1
Dear Friend.,0
My name is Mrs.Virginia Dumitru a merchant in Romania.,0
I have been diagnosed with Esophageal cancer.,0
"I have a huge cash deposit of TWELVE MILLION DOLLARS $12,000,000, That I have with a finance/Security Company abroad.",1
I will want you to help me collect this deposit and dispatched it to charity organizations.,0
I have set aside 25% for you and for your time if you want to help me to collect this Funds and also invest this money.,0
PLEASE I WILL ADVICE YOU TO CONTACT MY ATTORNEY IN NETHERLANDS IMMEDIATELY.,1
Name: Barrister Peter Kenin    Reply email address: peterkenin73@gmail.com    Mrs. Virginia Dumitru,0
From Dr Tracy from United States,0
#NAME?,0
"I was just surfing through the Internet when i found your email,i want to make a new and special friend.",1
"My name is Dr Tracy William,I am from the United States of America.",0
Pls respond to my personal email(tracymedicinemed3@gmail.com) and i will send my details and pictures upon hearing from you bye With love Tracy,1
Last Chance: You Have Been Nominated for 2020,1
Can't view this email correctly?,0
Visit Here for more details on this content.,0
"America's Most Trusted and  Accomplished Individuals Since 1898  Dear Valued Candidate,  You were recently nominated as a biographical candidate for the  next edition of Who's Who In America.",1
We are pleased to inform  you that the first phase of your candidacy was approved!,1
Your  prompt response is needed to ensure your complete professional  information is considered.,0
"The office of the Managing Director appoints individuals based upon  a candidate's current position, and usually with information obtained  from researched executive and professional listings.",0
"The Director  thinks that you may make an interesting biographical subject, as  individual achievement is what Professional Who's Who is all about.",0
"Click Here to Complete Your Pro' >>  Upon final confirmation, you will be listed among over 1.5 million  accomplished individuals in the Who's Who registry.",0
"The  biographical data presented in Professional Who's Who comes from  the most authoritative sources available "" the biographees  themselves.",0
Inclusion in a Who's Who publication acts as an  endorsement of your credentials and can significantly enhance your  online credibility and visibility.,1
"On behalf of the Managing Director, we look forward to your  appearance in this upcoming edition.",0
Best wishes for continued  success.,0
"Ne  it This Nomi:  tea)  Sincerely,  |  John Sartoris  Editor-in-Chief, Whos Who in America  P.S.",0
There is no cost or obligation to be included in Professional  Who's Who.,0
"Please note: If you have previously submitted your biography to Who's Who In  America, or been included in any prior Publications, you may disregard this  message.",0
"The above is an advertisement 244 Pettit Ave Bellmore, NY 11710 If you wish to unsubscribe  from alll future mailings, please  lick Here  © 2020 Who's Who In America, Inc. All rights reserved.",0
Give Yourself The Gift of Nonprofit Credentialing,0
"Give Yourself the Gift of Nonprofit Credentialing  (or press the credentialing photo below)  ""Nonprofit Execs, it's time for you to share with the world that you're an expert in nonprofit management.",0
"NANOE  Credentialing will play an important role in ensuring you achieve vocational success in 2021.""",0
"~ Kathleen Robinson, Ph.D.  (Because you've worked with CHARITABLE ORGANIZATIONS)  Certified Nonprofit Executive (CNE)  200 Multiple Choice Questions  Certified Development Executive (CDE)  150 Multiple Choice Questions  Certified Nonprofit Consultant (CNC)  100 Multiple Choice Questions  Dear Colleague in Service,  NANOE is the only nationwide membership organization in the U.S. for Executives seeking credentials in the art of  nonprofit capacity-building.",0
"Practitioners who hold a prestigious NANOE credential are ""best practice""  experts who grow charitable enterprise and discover new ways to advance the common good.",1
"NANOE,'s three  capacity-building training certifications are based on industry insider knowledge, university research, and a love for  serving humanity.",0
"Each credential compliments the other ensuring CEOs, CFOs, COOs & CDOs organization-wide are  equipped with progressive capacity building practices that drive new growth.",0
"Here's a brief overview of the three credentials you can receive that will supercharge your career:  CERTIFIED NONPROFIT EXECUTIVE (CNE): Striking the balance between managing volunteer board members,  administrators, front-line staff, programs, finance and fundraising presents nonprofit managers with the complex and  perfect storm of corporate oversight.",0
Practitioners who hold CNE learn new ways to prioritize capacity-building that  ensures they weather the tumultuous seasons of nonprofit administration.,0
"Certified Nonprofit Executives become the  capacity-building expert CEOs, CFOs, COOs & CDOs a charitable enterprise needs to expand its mission!",0
"CERTIFIED DEVELOPMENT EXECUTIVE (CDE): Many fundraisers come to the nonprofit sector with great intentions  to advance a charity,s mission without having correctly answered the question, ""who is our customer?"" Executives  mistakenly think that the rain forest, the student, the homeless or a family-in-need are their customers and therein lies the  difficulty.",0
Individuals you serve are not your customers because they have no money.,0
"Certified Development Executives are  expert at understanding who their true customer is and are equipped with new best practices that ensure they create life-  long partnerships with new friends who financially invest in your mission:  CERTIFIED NONPROFIT CONSULTANT (CNC): During our careers, at one point or another, many of us wonder if we  could be trusted to share our expertise with others in a way that produces personal income.",0
"The truth is, successful  consulting is more than sharing your experience""{it,s a coveted lifestyle with multiple dimensions.",0
"First, you need to  be an expert in particular area of nonprofit management.",0
"Second, you must learn how to disseminate your knowledge using  the consulting arts.",0
"Third, you must build a sustainable business enterprise that consistently generates opportunities to  serve.",0
"Practitioners who hold the CNC credential are nationally qualified experts who labor alongside nonprofits providing  the organizations they serve ""cebig wins!""  You'll also be pleased to know that we provide LIVE CREDENTIALING SUPPORT.",1
NANOE's Member Relations  Director Lisa Van Zyll is available Mondays through Fridays 9am to 5pm (EST) to answer any of your questions and to  support you as you take your exam!,0
Feel free to give her a ring at (202) 309-4125.,0
Here's how credentialing works:  1  Complete your personal experience profile (memorialize your vocational journey...no minimums required)  2.,0
"Complete your training profile (memorialize your instructional journey...no minimums required)  Complete and pass your credentialing exam (open book, exam resources, automated & online)  Certified Nonprofit Executive - 200 Multiple Choice Questions  Certified Development Executive - 150 Multiple Choice Questions  Certified Nonprofit Consultant - 100 Multiple Choice Questions  70% to pass.",0
30 days to complete exam (includes SAVE AS YOU GO function)  Pass/Fail status is revealed immediately upon test completion  NANOE's Credentialing Board will confirm your completed process within 2-3 weeks  ONCE YOU'RE CERTIFIED YOU'RE ALWAYS CERTIFIED.,0
No re-certification required as long as you maintain  your annual membership with NANOE.,0
Executives Who Hold a NANOE Credential: ,0
 1. Are recognized by employers in the nonprofit sector as having met a series of standards set by NANOE demonstrating a  superior commitment to growing capacity within nonprofits.,1
2. Have their personal certification officially recorded at the offices of National Association of Nonprofit Organizations &  Executives.,0
3. Receive an official Credentialing Certificate demonstrating their achievement.,0
"4. Receive the credential CNE, CDE, CNC and are authorized to use this designation in their public title.",0
"5. Are provided the CNE, CDE and/or CNC badge for use on business cards, letterhead, websites, etc.",0
6. Are members in good standing of National Association of Nonprofit Organizations and Executive (NANOE).,0
7. Pay a one-time fee of $98 for one credential or $148 for two credentials or $198 for three credentials.,0
"8. Avoid cumbersome and expensive re-certification processes for CNE, CDE or CNC.",0
Credentials are maintained as long  the holder maintains membership in NANOE.,0
9. Experience the satisfaction and challenge of a meaningful adult continuing educational process that ensures their  effectiveness now and in the future.,0
VISIT HERE or PRESS THE CREDENTIALING CERTIFICATE ABOVE TO GET STARTED.,0
Please feel free to contact me with your questions by replying to this email.,0
"Sincerely Yours,  Kathleen Robinson  NANOE Credentialing Director  You are subscribed to this email as bruce@untroubled.org,  Click here to modify your preferences or unsubscribe.",0
New Invoice(s) for C335806788 are Available to be Viewed,0
Your new Invoice(s) are available to be viewed.,0
"The Attachments include the following Invoice(s):  Invoice Number CHR Load Number|  16596257915,  335806788  Thank you for your business, if there are any issues with your Invoice(s) please contact your Sales Rep  This email and any files transmitted with it are confidential and intended solely for the use of the individual or entity to  whom they are addressed.",0
"If you are not the named addressee you should not disseminate, distribute or copy this e-mail.",1
Please notify the sender immediately by e-mail if you have received this e-mail by mistake and delete this e-mail from your  system.,1
Please note that any views or opinions presented in this email are solely those of the author and do not necessarily  represent those of the sender of the e-mail.,0
The sender of the e-mailA accepts no liability for any damage caused by any  virus transmitted by this email.,0
(IP),0
CLAIM Your Trump 2020 Commemorative Golf Ball,1
It is officially 2020 which means this is the year that  President Trump seeks to defeat the democrats a second  time on his way to another term!,1
If you're a true supporter then you'll want to show your  support for Trump 2020 in every way possible.,1
That's  why we set aside this Trump 2020 Golf Ball just for you...  Go here now to verify your address so we can get it  ipped out ASAP!,1
"Please note, inventory is running out fast so claim yours  today.",1
"And if you're not a golfer, this ball is a terrific keepsake  to put up on the shelf to show your support for Trump in  his re-election bid.",1
It is also a great gift for the Trump  supporters in your life!,1
Go here now to check availability.,0
[Limit of 6 balls  per request!,0
Move your guns immediately (urgent!!!),1
"If you have any guns stashed in the common hiding spots you'll leary  about on the next page, it's critical that you move them  immediately.",1
These hiding spots seem foolproof.,0
"(I used to use them all myself, just  like you might be doing right now)  But they're guaranteed to get your guns taken in a confiscation  scenario.",1
Here's why I know this is true:  Former CIA operative Jason Hanson explains exactly why these often-  used hiding spots are so terrible in his recent book.,1
He also explains where you SHOULD be hiding your guns so that there's  zero chance they can ever be taken.,1
"Better yet, he'll show you how to make those same guns legally invisible  to the registration system... so snooping government goons never come  looking for them in the first place.",1
Best of all.,0
he's giving away a handful of these books 100% Free  for the ne:  24 hours.,0
All you have to do is confirm your info and cover shipping to get 1 Free.,0
"That said, he's putting a hard cap on the number of readers who can get  this Free.",1
"There were 500 available last I checked, but this just went out to 142,089  other subscribers just like you.",1
So these Free copies are going to move like lightning.,1
Grab yours now and tuck it somewhere safe.,0
"Things are getting rough  out there, and this information has never been more important to have  on hand.",1
Moses  P.S.,0
-- You won't just learn about Jason's most effective gun hiding spots  in this book.,0
You'll also find things like:  ,0
One key date to keep in mind when buying a firearm.,0
This  simple number could mean the difference between staying armed or  being rendered defenseless.,0
How to dupe the police into protecting your firearms - without  them even knowing you have them.,0
"This is an ingenious ""trick"" that  takes virtually no effort...  How to buy and stockpile a lot of ammo, in a very short time,  without raising any flags...  One seemingly innocent document that can tipoff gun grabbers  to the existence of your firearms (and the one step to take to  eliminate any trace)...  t your Free hardcopy now while they're still available and  before you forget.",1
Start using the blood pressure monitor and enjoy benefits.,0
The most accurate talking Wrist  Blood Pressure Monitor on the  market.,0
Discover the perfect blood pressure monitor to avoid scares and stay  one step ahead of possibly life-threatening situations.,0
"The smallest,  most precise and effective on the market.",1
"This home device for measuring blood pressure is the perfect  solution for anyone with hypertension, at risk, or who simply needs  or wants to monitor their health.",1
Now discovered this totally innovative and revolutionary blood  pressure monitor.,1
Do this immediately if you have diabetes,1
Here's the dirty little secret about diabetes your doctor will NEVER  tell you.,1
Read this story to find out more.,0
>>>Click Here To View  Kind Regard's,0
just draw a route on the screen,0
"Hi,  Thope this email finds you well.",0
Tam contacting you to let you know that we got one smart drone in our warehouse.,0
Color:Orange/Siver  GPS assisted flight provides you with accurate drone positioning details.,0
The drone can return home automatically in no battery or no signal mode to prevent loss.,0
"Open the drone app, use the Waypoint mode, just draw a route on the screen, and the helicopter will automatically fly  according to the given path.",0
"Enable follow me mode, the drone will automatically follow and capture your moving position.",0
Pricing:  1-10 pieces 279.50 each  10-100 pieces 259.50 each  usd  100-1000 pieces 239.00 each  Would you like to order it?,0
"Basically reply our mail along side your shipping address, we'll get prepared the shipping.",0
"More details:  Remote Control Distance: 1000 Meters  Flight Time: 28 Minutes  Photo Resolution : 4096*3072P(4K)  Video Resolution : 2048*1080P  Bottom Camera Photo Resolution : 640*480P  Video Resolution :1280*720P  Photo Recording Mode: Remote Control + APP Control  Remote Control Battery: 3.7V 350mAh Lithium Battery (Included)  Quadcopter Rechargeable Battery: 7.4V 2200mAh Lithium Battery (Included)  Quadcopter Size: 32*32*5cm (Unfoldable),13*10*5cm(Foldable)  Quadcopter Weight: 214g  Would you like to order it?",0
"Basically reply our mail along side your shipping address, we'll get prepared the shipping.",0
"Thanks,  Gary Ryan",0
Safely Clean Your Ears At Home Using All New Clear Ear Endoscope- Take An Additional 69% Off Today Only,0
All New Ear leaning Endoscope  heck inside the ear for wax build-up the safe  way.,0
"Our camera lets you see what you are  doing while you clean your ear canals, unlike  cotton swabs and Q-tips which can push wax  down and cause more blockage.",0
You can also  irritate your ear canal or damage your  eardrum using cotton swabs to clean your  ears.,0
Get Your Endoscope Tool Here 50% Off!,0
Above is the complete Endoscope kit and  everything that comes with it.,0
Get Your Endoscope Here!,0
"Up World IOT Digital  15342 69th Street, Maquoketa, IA 5206-9786  Visit here to end further messaging.",0
twenties,0
"FOR ""OneFood"" CREATIVE: This weird-looking food reverses dementia",1
"Though bizarre, Harvard researchers have discovered a  shocking link between your sleep and the onset of Alzheimer's.",1
The big question is - do you sleep on your side or on your back?,0
"Because further research shows, ONE of these position:  is linked to the first signs of dementia.",1
"Sleeping In THIS Position Is Linked To Alzheimer:  To your health,  Dr. Will Mitchell, DOM, MS Nutrition  If you'd prefer not to receive future emails, Unsubscribe Here  rain Blueprint 321 N Central Expressway Suite 351 - McKinney, TX 75070  Unsubscribe Here  6547 N Academy Boulevard #1170  80918 Colorado Springs CO",1
Hilarious and eye-catching rug will be the highlight of any room,0
Hilarious Optical Illusion Rug  No charge for shipping if you get this hilarious novelty rug  today.,0
It makes the perfect conversation starter in any room  of your house and genuinely looks like there is a giant hole  in the floor!,0
Want to end all future communications?,0
"Select here or reach out to:  209 W Leslie Ln, Columbia, MO 65202.",0
"Digital Traffic Group, Applied Sciences.",0
Create Your Perfect Smile In The Comfort Of Your Home For A Fraction Of The Dental Office,0
Are you wishing for a better smile?,0
The Dental Hero is like having a dentist in your home.,1
The Dental Plaque Remover is a great at-  home solution to ensure your teeth are  healthy and maintain your oral hygiene.,0
"It  only takes a few minutes to get cleaner  teeth and improve gum health in a handy,  effective, and safe way.",0
"4265 Aerie Cir Evans, Georgia, 30809  UMDB Data-Lab Networks  Click here to end further messaging.",0
fairies,0
Update,0
"  We offer Reliable/Low Interest Rate Financial Services to Companies & Individuals including; Start-Up Business, Loans & Mortgage ETC.",0
Apply Now,0
Never Pay For Home Repairs Again- All New Home Choice Warranty Will Cover All Costs!,0
Choice Warranty Is Subjected To TOS.,0
"Thank you  ""Initial month is waived with purchase of single payment plan!",0
"Home warranty is a renewable service contract that covers the repair or replacement of many of the most  ""common breakdowns of system components and appliances.",0
"""Your home is probably one of your greatest investments, Unexpected repair or replacement costs for the  items covered can easily strain your budget.",1
"What is more, finding a qualified professional to solve your  problems can be stressful and inconvenient,  Choice Warranty Is Subjected To TOS.",1
Thank you  if you want to be excluded please go her:  or can write to us at: a.,0
1090 King Georges Post Rd Edison NJ 08837,0
Pray Antifa Doesn't Get Ahold of These (dangerous),1
It would be quite scary if members of Antifa got ahold of the dangerous  weapon you'll see on the next page.,1
"Here's why it'd be better for you to have one instead...  As you know, most members of Antifa are wimpy men who like to  play dress up in black and attack unarmed civilians.",1
If a 100-pound Antifa punk got ahold of one of these he could easily  take down a 300-pound man in a matter of seconds.,1
Even if he was armed to the teeth and had on body armor!,1
That's why we hope Antifa never finds these weapons.,0
"Instead, we hope that Americans like you will carry one instead.",1
So for a limited time you have a chance to own one of these for over  50% off.,0
"They're being heavily discounted for all our readers who've entered one  of our contests, or filled out one of our polls.",0
You Qualified.,0
Be sure to take advantage of this special offer while it still lasts.,0
These weapons have a retail price of $60.,0
But you get it for less than HALF that today!,0
If you're an avid golfer this super cool keepsake is a must-have,1
CLAIM Your Trump 2020 Commemorative Golf Ball!,1
Wow!,0
"Every Trump supporter will LOVE this brand new, never-before-  released, Trump 2020 commemorative golf ball.",1
"No matter if you're an avid golfer or you've never stepped foot on a golf  course, this super cool keepsake is a must-have.",1
SS  CLAIM Your Trump 2020 Commemorative Golf Ball!,0
Wow!,0
"Every Trump supporter will LOVE this brand new, never-before-  released, Trump 2020 commemorative golf ball.",1
"No matter if you're an avid golfer or you've never stepped foot on a golf  course, this super cool keepsake is a must-have.",1
Patriot Powered Products was able to secure 500 of these golf balls for  this nationwide promotion...  ..And they are expecting a huge level of interest in these balls which  won't be found in stores or golf course pro shops.,1
"If you want to own a piece of history then you'll want to claim yours  today...  SS  Orders are being taken on a first come, first serve basis so you better act  fast if you want to add this golf ball to your collection.",1
"Remember, even if you're not a golfer this is a great piece to display on a  shelf or to pass along as a gift.",1
Go here now to cli yours while they're still in stock.,0
"SS  Just a final reminder, if you go to the link above and see a big ""sold out""  banner then you'll know you've missed out.",1
They aren't sure they'll be able to secure another batch just yet.,1
If you're interested at all I suggest you go grab your Trump 2020 golf  ball while you can!,1
Cera Care is revolutionising home care,1
You've been lied to by many of the people you trust  the most...,1
"In most cases, it's not their fault because their  livelihood depends on prescribing your medication.",1
And many of them don't know about the alternative.,1
"> The Big Diabetes Lie - Click here to  discover the TRUTH about your diabete:  Over 43,000 people have been able to treat Type 2  diabetes successfully...  ..and, in many cases, even reverse it... while also  losing pound after pound of diabetic FAT.",1
The $390 billion dollar diabetes industry doesn't want  you to see this video and discover the extraordinary  diabetes-fighting secret.,1
Watch it now before it's too  late.,1
"Click Here To Watch ""That Diabetes  Documentary'",0
Did you forget? Your $50 Costco Reward Is Waiting ,0
"IF you have trouble with view image you can, browse_me  Did you forget?",0
Your $50 Costco Reward Is Waiting,0
Stop worrying about getting a puncture!,0
"Inflate the wheels of your car, motorcycle or bike in a few  minutes and anticipate unexpected problems!",0
Tire pressure issues?,0
"This smart, portable inflator is here to  solve them.",0
"Until today, we had to go to a gas station or a workshop to inflate a  tire.",0
"Also, in many of them to check the pressure of the wheels, it is  necessary to pay.",0
"The other option was to use an air pump to inflate  This option, besides being very slow, requires a very great effort.",1
With Inflator Car X everything has changed!,0
"Inflator Car X is the best option to inflate, wherever you are, the  tires, the wheels of bicycles or motorcycles and even for those who  have young children (cousins, nephews, children or grandchildren),  This device also allows you to inflate balloons, balloons or any type  of toy that needs air.",1
"The revolutionary device with which inflating the wheels o  your car, motorcycle or bike is here without any effort.",1
Diabetes gone in 2 days?,0
The secret to reversing your diabetes is right in front of your face in  your kitchen.,1
But it's not your food in the fridge or your doctor prescribed meds.,0
Find out more here  This new discovery is shocking the medical world.,1
An ancient Hindu manuscript missing for thousands of years was  recently discovered and deciphered.,1
Not surprisingly it unveiled the  key to defeating diabetes.,0
Big pharma and mainstream media does not want you to come  across this presentation that reveals it all.,1
They realize if enough  diabetics see it their huge profits will vanish.,1
Check out the presentation here before it gets taken down by  corporate America- See The Presentation Here,0
Toxic Blockage Linked To Hearing Loss,0
You'll be amazed by this recent groundbreaking study  for hearing loss.,0
"A team of scientists from the UCL Ear Institute, United  Kingdom has finally discovered why you are losing your  hearing and how to stop and reverse the process.",1
It's tric]  but it's simple and now possible.,0
"And so far it has helped over 90,000 men and women from  all over the world.",0
"But, as the authors say, this research will  be taken off the internet very soon.",1
So get on it while you still can.,0
The powers that be don't really like what this newly  discovered method does to their profits so they are  struggling to get it banned.,1
Apparently one hearing industry insider declared that it's  going to happen any day now.,1
"They call it internally ""the billion dollar war"" against this  natural and practical solution.",1
"Thousands of men and women are ready to testify how  amazing this solution is, all you have to do is see it for  yourself before it's too late.",1
Survival Masterplan-Hidden Secrets,1
A disturbing piece of info has just fell into my lap and you need to  hear it too.,1
A rogue survivalist blows the whistle on the FATAL flaws of  conventional prepping  >>>>Unravel the truth here  The prepping community is in disbelieve over these startling  discoveries  If tomorrow a crisis hits America thousands of patriots will be  betrayed by their own prepping.,1
>>Make sure you're not one of them,1
The Ultimate How-To Guide to Building a Shipping Container Home,0
Follow my Simple Step-By-Step Plans to Learn How...,0
If you're researching how to build a shipping container home  then this  will be one of the most exciting messages you ever read.,1
Because in  the next  3 minutes I'm going to show you how to build your dream home for a  fraction  of the cost of buying a standard house.,1
And how to avoid all the mistakes of builders that have come  before yor,0
Eliminate Neck Pain For Good- All New Home Comfort Neck Massager Releives Pain Instantly!,1
Tired of dealing with neck pain?,0
This neck massager can heat and relax your muscles in minutes.,0
"You experience neck and shoulder pain  every day due to bad posture, intense  workouts, chronic pain, or even stress.",0
But we have a solution.,0
"Our neck  massager offers relaxation by relieving  neck soreness, shoulder tension, body  tension, and promoting blood circulation.",0
"Hawking, Black, and Joh!",0
Publishing Group  34 Miller Rd.,0
Farmingdale.,0
"NY, 11735  Click here to edit your preferences.",0
sooner,0
Level-7 wind resistance,0
"Hi,  How are you?",0
I hope it's all well.,0
"This email is just let you know that we've got one new drone here, ready to send to global customers.",0
"With folded arms, the drone measures 17 x 11.5 x 6.7 cm and weighs about 500 grams.",0
The camera is installed on a 2-axis  gimbal with remote angle adjustment.,0
The camera features 5G WIFI real-time image transmission.,0
During night flight you will be assisted by a strong auxiliary LED light.,0
"Auto-RTH failsafe future, this drone will return autonomously to the take-off point (good GPS coverage required) in case of  low flight battery voltage or remote control signal lost.",0
"Prices:  1-10 pieces 289.00 each  10-50 pieces 279.00 each  50-100 pieces 269.00 each  You can begin to order it today, simply answer our email and send your delivery address, we will make the transportation  for you.",0
"Features:  Long service life brushless motors  Double GPS positioning  Level-7 wind resistance  Failsafe Return to Home (Low battery voltage or RC signal loss)  Intelligent flight modes (Follow me, Orbit and Waypoint)  Auxiliar bottom LED light;  Dual-camera system (6K frontal and 1080P belly)  2-axis gimbal with remote angle control  Up to 2KM flight range;  About 28 minutes of flight time.",0
"You can begin to order it today, simply answer our email and send your delivery address, we will make the transportation  for you.",0
"Thanks,  Jeff Wilson",0
"Never Buy Takeout Again- Instead, Use The RapidThaw Heating Tray To Rapidly Thaw Food",0
"With Everything Going On,  Dinner Should Be The  Least Of Your Worries.",0
The Rapid Thaw tray gives you a little less to think about.,0
Pieces tae ocr en ome Eom cea ay ur  SC BUCmTe RCo CCRC bloc re tiscr bier Rt  Pistol (cs Meo thnks am iy Ulta) clolna CON Ow OLR LE a  Curious on  how it  works?,0
The key is in the  specially built Rapid  Thaw tray.,0
"It is made of  highly conductive metal  that transmits thermal  energy to the food, so  that it thaws twice as  quickly while retaining  consistency and flavour.",0
"ety  No Water  ety  No Takeout  Electricity  Microwave  That  Simple,  Dinner Is  Ready!",0
subsequenth,0
Congratulations CVS Shoppe!!,0
"You have been selected to participate in our giveaway  To unsubscribe t  mailing ist, click here.",0
Did you forget? Your $50 Costco Reward Is Waiting ,0
Browse me if you can't see imag  Did you forget?,0
Your $50 Costco Reward Is Waiting,0
Pro-Gun Collectible Coin for FREE Today!,0
Are you a proud supporter of the Second Amendment?,1
"If so, you'll  LOVE this commemorative Pro-Gun Coin.",1
This unique coin is a great way to honor our founding fathers and  the decision they made to give us the right to bear arms!,1
"You'll Love this Gold-Plated, Half-Dollar Sized Coin!",0
Coin is made of Iron with Gold Plating with Iconic Photo of a Pistol.,0
Coin is 40mm in diameter (about 1.57 inches) and 3mm thick.,0
?Makes a Great Gift!,0
Your Pro-Gun Friends & Family Love  Receiving this Coin as a Gift.,0
This is a great item to pass on to kids and grand kids!,0
So sorry. Let me know,0
Decided to do something a little crazy today...  With all the madness going on in the world...,1
I want to make sure that we protected all American Patriots  and their families.,1
That's why I'm going to ship you...,0
"This Double Sided Shoulder Holster  It's yours, absolutely FREE.",0
"If you want the most ""bang for your buck"", find a holster that  can fit all your guns, that way you don't have to spend money  on a separate holster for each gun.",1
"You want a holster that allows you to run, bike and hike while  keeping your firearm snug, secure and completely hidden from  the public eye.",0
And of course you want a holster that allows you easy access to  your firearm.,0
"Your Double-Sided Shoulder Holster - Special 100% Free Offe1  Remember, we only have 500 of these bad boys to give away.",0
Don't wait til they're all gone!,1
Velda H.,0
Did you forget? Your $50 Lowe's reward Is Waiting,0
"Have a problem with view image, go_he!",0
Did you forget?,0
Your $50 Lowe's reward Is Waiting  .,0
Leave your feedback and you could WIN!,0
Having trouble viewing this email?,0
Click here for a web version.  ',0
Leave your feedback and you could WIN:  Leave your feedback and you could WIN!,0
"The best bugs zapper, it really works...",0
"BREAKING: Amazing Invention For  UV Light to Rid Homes of Insects  For Good  There are thousands of different insect repellents on the  market, but how many of them actually do what they're  supposed to?",1
"With recent deadly outbreaks of Malaria, Dengue  Fever, and the Zika Germ, millions of people around the world  have been scratching their heads trying to find an effective way  to deal with the problem.",1
"While chemical sprays and plug-in repellents might work,  they often have a pungent odor, and may even be harmful to  your family's health.",1
"If a concoction of chemicals can knock  out a mosquito problem immediately, what would they be doing  to your health as you breathe it in?",1
Surely there must be  another way to combat the problem - and we just might have  found it.,1
Check Availabili  232s,0
Check out these super sheds,0
Check out these sheds you can build in a  weekend or less.,0
Doesn't these look amazing?,0
"If you'd like some help doing this yourself, I'd  recommend checking out MyShedPlans 12,000 plan:  packag  You'll be able to create the kind of shed, your neighbors  and other woodworkers will secretly ENVY (while  mumbling ""nice job"" under their breath)...  See what I mean here",1
Over 7000 landscaping ideas inside... (open now),0
Have you ever wanted to create amazing outdoor landscapes  for your home?,0
I've just discovered this and you need to check it out.,0
You'll get instant access to over 7000 of the freshest  landscaping ideas & videos to help you create your dream  landscape...  And you can start in the next 7 minutes!,0
"With over *7000* landscaping designs and ideas, this is the  L-stop comprehensive database of landscaping themes and  inspiration for your next project.",0
I've used 2 of the ideas to re-design my backyard in a  weekend!,0
Check it out.,0
You'll LOVE it because it makes landscaping laughably easy!,1
Ideas4Landscaping will save you money and give you the  choices that you would otherwise not find.,0
"With this database, you'll truly be able to choose the dream  home"" landscape you've always wanted to have.",0
Get instant access.,0
  LIMITED TIME OFFER    You want to grab the package now because the site will end  this offer in the next 2 days.,1
Act now because you've just 48 hours to secure this time  limited deal.,1
"Never Use A Knife Again To Peel Fruits Or Vegetables- Instead, Use The All New Vortex Peeler",0
 All Orders WIII Have Free Shipping!,0
-  Easily Peel Fruits And Vegetables In  econds!,0
"We know everyone is stuck at home cooking these days, so now is the  perfect time for you to get an electric peeler and take the work out of  meal prep.",0
Take advantage of our 100% free shipping today!,0
This handy  machine peels fruit and vegetables (including tomatoes) at the touch of  a button.,0
"Now, by using a manual peeler, you can avoid slipping and  cutting your finger and make meal preparation simple and easy.",0
"Any Fruit Or Vegetable, The Peeler Will Adapt To That  Height!",0
"With ease you can peel potatoes, tomatoes, lemons, zucchini, and a TON  more!",0
"Miller-Thomas Industrial Networks  776  N Lamar Road, Glendale, AZ 85303-2932  To change your subscription preferences, visit here  unwraps",0
"Cotton Swabs Are Damaging Your Ears- Instead Use Clear Ear Endoscope, 50% Off Today!",0
All New Endoscope leans Your  Ears Properly As Doctors  Reccomend!,1
"Say good-bye to cotton swabs that jam dirt,  earwax, and debris deeper into your ear  canal.",1
"Now, with the home cleaning  endoscope, you can view and clean your ears  safely.",0
Get Your Endoscope Shipped Free Of harge  By licking Here!,0
The Kit omes With Everything You Need!,0
Take An Additional 50% Off By licking Here!,0
"Up World 1OT Digital  15342 69th Street, Maquoketa, [A 5206-9786  lick here to end further messaging.",0
impermissible,0
Message undeliverable: Publicite a su empresa o negocio en todo Mexico.,0
Your message did not reach some or all of the intended recipients.,0
Sent: 18 Jan 2021 17:26:44 -0600    Subject: Publicite a su empresa o negocio en todo Mexico.,0
The following recipient(s) could not be reached:  bruce@untroubled.org    Error Type: SMTP    Remote server (45.63.65.23) issued an error.,0
hMailServer sent: .,0
Remote server replied: 451 Blocked: https://www.spamhaus.org/sbl/query/SBLCSS  Tried 5 time(s)    hMailServer,0
Read your message before it gets deleted,1
"Ifyou can't view image, go_he!",0
Read your message before it gets deleted,1
You have a new private message!,0
"If you trouble with view image, use me .",0
You have a new p: ite message!,0
"International Logisics B2B, Amazon FBA",0
Hi there  How're you doing?,0
We're an internation logistics company in China.,0
"Our main business is shipments exports from China to worldwide  Traditional B2B shipments such as FCL, LCL, air.",0
We also have Amazon FBA service.,0
"We have warehouse in UK and USA, offering storage, labeling, repacking, etc  If you need any of these service, I'm glad to help  See you later,  Sauron  Lionway International Logistics(Shenzhen) China.",0
: SaUrOn.UC  tae +8615817283031/+86 755 84258426  Whatsapp:+86 15817283031,0
Federal programs to reduce your debt payments,0
"IF you have trouble with view image you can, browse_me Federal programs to reduce your debt payments  .",0
Your depth of knowledge and real-life experience is priceless,0
"In short, if you don't think 30 Days to Combat Handgun Accuracy was  worth every penny, and didn't improve your shooting accuracy, just let  me know.",1
"Till give you a prompt and courteous full refund... No questions asked  and no hassles... Like I said, the way I'd hope to be treated.",1
"But keep in mind, this special offer won't be around long.",0
"As soon as you sign up for this offer you'll get instant online access to  both 30 Days to Combat Handgun Accuracy, and the free copy of my  book, The Covert Guide to Concealed Carry.",0
"You see, I want you to get this information as quickly as possible... At  the lowest price possible.",1
"In other words, there's no way I'd be able to make you this offer and give  you the accuracy guide and free copy of my book for only $27 if I had to  print and mail the hard copies.",0
"The good news is, two minutes from now you can have 30 Days  Combat Handgun Accuracy complete with pictures (32 in all) along  with the four targets I personally use.",0
What it all boils down to is this:  You can either miss out on these accuracy secrets that could save your  life...  Or you can take advantage of this risk-free offer and get 30 Days  Combat Handgun Accuracy delivered to you immediately.,1
"Click here, to order now.",0
"Stay safe,  Prish  P.S.",0
"Remember, through this special presentation you can get a massive  discount and pay only $27.",0
"But once this offer expires, you may never see  it again.",1
"Click here, to order now",0
You may be eligible to change your Medicare Plan! ,0
"Can't see image, click her  You may be eligible to change your Medicare Plan!",0
I have personal information about you,1
Greetings  So I saw 11:11 on the clock today when I got an email about  this unusual reading...  And it kind of blew my mind...  are you ready to learn about the crossroads you are at in  your life right now?,1
"I know this is kinda unusual, but...",0
This personalized zero-cost Soul Reading will show you  which path you should take to fulfill your destiny...  And it's all based on your date of birth.,0
>>> This reveals the choice you should make now  Thad goosebumps when I watched my Soul Reading...  Let me know what you think!,0
"Enjoy,  Donald",0
"Invitation to Research Design, SurveyCTO mobile data collection,GIS mapping and data analysis using NVIVO and SPSS  training FEB 2021",0
"Research Design, SurveyCTO mobile data collection,GIS mapping and data analysis using NVIVO and SPSS course-  Feb 22 to March 05,2021 for 10Days  Register for online Trai g's or normal training and upcoming trainings on the same  Download PDF Calendar  Foscore Development CenterA  INTRODUCTION  New developments in data science offer a tremendous opportunity to improve decision-making, In the development world, there  has been an increase in the number of data gathering initiative such as baseline surveys, Socio-Economic Surveys, Demographic  and Health Surveys, Nutrition Surveys, Food Security Surveys, Program Evaluation Surveys, Employees, customers and vendor  satisfaction surveys, and opinion polls among others, all intended to provide data for decision making.",0
It is essential that these efforts go beyond merely generating new insights from data but also to systematically enhance  individual human judgment in real development contexts.,0
How can organizations better manage the process of converting the  potential of data science to real development outcomes This ten days hands-on course is tailored to put all these important  consideration into perspective.,0
"It is envisioned that upon completion, the participants will be empowered with the necessary  skills to produce accurate and cost effective data and reports that are useful and friendly for decision making,  It will be conducted using SurveyCTO, GIS, NVIVO and STATA  DURATION  2 Weeks  A ritacte OBJECTIVES  A: Understand and appropriately use statistical terms and concepts  Design and Implement universally acceptable Surveys  Convert data into various formats using appropriate software  Use mobile data gathering tools such as SurveyCTO  Use GIS software to plot and display data on basic maps  Qualitative data analysis using NVIVO  Workflow use commands in STATA  Manage, edit and structure large databases in STATA  Generating descriptive statistics in STATA  Creating powerful publication-quality graphs in STATA  Data Analysis/Estimations in STATA  Write reports from survey data  Put strategies to improve data demand and use in decision making  WHO SHOULD ATTEND?",0
"This is a general course targeting participants with elementary knowledge of Statistics from Agriculture, Economics, Food  Security and Livelihoods, Nutrition, Education, Medical or public health professionals among others who already have some  statistical knowledge, but wish to be conversant with the concepts and applications of statistical modeling  TOPICS TO BE COVERED  Module1: Basic statistical terms and concepts  * Introduction to statistical concepts  * Descriptive Statistics  * Inferential statistics  Module 2:Research Design  .",0
The role and purpose of research design  Types of research designs  .,0
The research process  .,0
Which method to choose?,0
"Exercise: Identify a project of choice and developing a research design  Module 3: Survey Planning, Implementation and Completion  Types of surveys  The survey process  Survey design  Methods of survey sampling  Determining the Sample size  Planning a survey  Conducting the survey  After the survey  Exercise: Planning for a survey based on the research design selected  Module 4:Introduction to SurveyCTO  A  -  Introduction and Key Concepts  A  Overview of ODK and Kobotolbox  A  A  .",0
Advantages of SurveyCTO  A  A  Key Features of SurveyCTO  A  Case studies on use of SurveyCTO  Module 5:SurveyCTO Server  A  A  Components of SurveyCTO  A  .,0
"Data aggregation, storage, and dissemination  A  Setting up a SurveyCTO server  A  Managing users & user roles  Module 6:Setting Up SurveyCTO Collect App  A: Installing SurveyCTO collect from google play store  A: Configuring SurveyCTO collect app  A: SurveyCTO Collect Application Interface  Module 7:SurveyCTO Online Form builder  A  -  Creating a form  A  A  Input types  A  .",0
"Adding question to Form  A  A  Form logics  A  Import and export forms  Module 8:Building Forms using XLSForms  Introduction to xlsform designer  Components of XISForm  Question types  Handling constraints and required options  Form skip logic  Form Operators and Functions  Grouping Questions  Settings Worksheet  Importing xlsforms to surveyCTO server  Module 9:Using SurveyCTO Collect  A: Managing forms in SurveyCTO Collect  A  A: Collecting GPS data  A: Submitting data to SurveyCTO Server  Module 10:Monitoring Data with SurveyCTO Data Explorer  A  Monitoring Submission statistics  A  A  Monitoring Form submissions and dataset  A  Reviewing and correcting incoming data  A  Summarize data submitted for individual fields  -  A  Summarize the empirical relationships between field  Module 11:Data Management  A Exporting &Exporting data from SurveyCTO as CSV via SurveyCTO Sync  A: Importing SurveyCTO """" CSV file into statistical applications  A: Downloading data directly from SurveyCTO  Module 12:Visualizing Geographic Data  A- Exporting GPS Coordinates to Google maps and Google Earth  A: Exporting GPS data for Mapping/Visualizing  Module 13: GIS mapping of survey data using QGIS.",0
A  Introduction to GIS for Researchers and data scientists  A  .,0
Importing survey data into a GIS  A  Mapping of survey data using QGIS.,0
A  Exercise: QGIS mapping exercise.,0
Module 14:Understanding Qualitative Research  A  Qualitative Data  A  .,0
"Types of Qualitative Data  A  Sources of Qualitative data  A  -  A  Qualitative vs Quantitative  A  NVivo key terms  A  The NVivo Workspace  Module 15:Preliminaries of Qualitative data Analysis  A  What is qualitative data analysis  A  A  Approaches in Qualitative data analysis; deductive and inductive approach  A  Points of focus in analysis of text data  A  -  Principles of Qualitative data analysis  A  Process of Qualitative data analysis  Module 16:Introduction to NVIVO  A  A  NVIVO Key terms  A  NVIVO interface  A  NVIVO workspace  A  Use of NVIVO ribbons  Module 17:NVIVO Projects  A: Creating new projects  Creating a new project  Opening and Saving project  Working with Qualitative data files  Importing Documents  Merging and exporting projects  Managing projects  Working with different data sources  Module 18:Nodes in NVIVO  A: Theme codes  Case nodes  Relationships nodes  Node matrices  Type of Nodes  Creating nodes  Browsing Nodes  Creating Memos  Memos, annotations and links  Creating a linked memo  Module 19:Classes and summaries  A  Source classifications  A  -  Case classifications  A  A  Node classifications  A  Creating Attributes within NVivo  A  Importing Attributes from a Spreadsheet  A  .",0
Getting Results; Coding Query and Matrix Query  Module 20: Coding  A  .,0
Data-driven vs theory-driven coding  A  A  Analytic coding  A  .,0
"Descriptive coding  A  Thematic coding  A  Tree coding  Module 21:Thematic Analytics in NVIVO  A  A  Organize, store and retrieve data  A  .",0
Cluster sources based on the words they contain  A  Text searches and word counts through word frequency queries.,0
"A  Examine themes and structure in your content  Module 22:Queries using NVIVO  A: Queries for textual analysis  A: Queries for exploring coding  Module 23: Building on the Analysis  A  Content Analysis; Descriptive, interpretative  A  .",0
Narrative Analysis  A  Discourse Analysis  A  Grounded Theory  Module 24: Qualitative Analysis Results Interpretation  A: Comparing analysis results with research questions  A: Summarizing finding under major categories  A: Drawing conclusions and lessons learned  Module 25: Visualizing NVIVO project  A  -  Display data in charts  A  Creating models and graphs to visualize connections  A  .,0
Tree maps and cluster analysis diagrams  A  Display your data in charts  A  .,0
Create models and graphs to visualize connections  A  Create reports and extracts  Module 26: Triangulating results and Sources  A  .,0
Triangulating with quantitative data  A  Using different participatory techniques to measure the same indicator  A  .,0
Comparing analysis from different data sources  A  Checking the consistency on respondent on similar topic  Module 27: Report Writing  A  .,0
Qualitative report format  A  Reporting qualitative research  A  .,0
Reporting content  A  Interpretation  Module 28: Introduction to Statistical concepts and general analytics IN STATA  A  .,0
Research design  A  Samples and populations  A  .,0
Comparison of experimental and non-experimental designs  A  Exploring variable types  Module 29: Familiarizing with the application  A  .,0
Datasets  A  A  Commands  A  Working with variables in Stata  A  .,0
Basic analysis using Stata  Module 30: Charting and Graphical presentation using Stata  A  .,0
Classifying different charts and processing them using STATA  A  A  Understanding the Graph command syntax  A  .,0
Graphs for categorical Vs Numeric variables  A  -  Managing chart output in STATA  A  Multivariate charting  Module 31: Statistical Tests using Stata  A  One Sample T Test  A  .,0
Independent Samples T Test  A  Paired Samples T Test  A  One-Way ANOVA  Module 32: Measures of Associations in Stata  A: Chi-Square test  A Pearson's Correlation  A: Spearman's Rank-Order Correlation  Module 33: Predictive Models using Stata  A  .,0
Linear Regression  A  A  Multiple Regression  A  .,0
Logistic Regression  A  Ordinal Regression  Module 34: Panel Data Analysis using Stata  A  .,0
Exploration of panel data  A  A  Fixed effects model/LSDV  A  Random effects model  A  .,0
Choosing the appropriate model  Module 35: Time Series Analysis using Stata  A  .,0
Introduction to time series analysis using Stata  A  A  Plotting a time series  A  .,0
"Seasonal differences  A  Auto correlations  A  Forecast models in Stata  Module 36: Econometric Analysis  A: Econometric Analysis of cross-sectional data  A  A: Econometric Analysis of panel data  A: Econometric Analysis of time-series data  Module 37: Report writing for surveys, data dissemination, demand and use  A: Writing a report from survey data  A: Communication and dissemination strategy  A.",0
"Context of Decision Making  A: Improving data use in decision making  A: Culture Change and Change Management  A: Preparing a report for the survey, a communication and dissemination plan and a demand and use strategy.",0
A. Presentations and joint action planning  General Notes  A: All our courses can be Tailor-made to participants needs  A.,0
"The participant must be conversant with English  A: Presentations are well guided, practical exercise, web based tutorials and group work.",0
Our facilitators are expert with more  than lOyears of experience.,0
A: Upon completion of training the participant will be issued with Foscore development center certificate (FDC-K)  A: Training will be done at Foscore development center (FDC-K) center in Nairobi Kenya.,0
"We also offer more than five  participants training at requested location within Kenya, more than ten participant within east Africa and more than twenty  participant all over the world.",0
"Course duration is flexible and the contents can be modified to fit any number of days.READMORE  Foscore Development Centre (FDC-K)  ""oscore Development Center Kenya (FDC-K) is a global training and consulting firm that has been assisting organizations  and individuals to achieve their objectives and goals.",0
"We specialize in monitoring and evaluation, impact assessment of  institutional, human capacity development needs assessment, strategy development, investment planning, implementation and  talent development solutions for individuals and organizations, through our highly customized program delivery courses.",0
We  have experienced expert teams in a wide array of disciplines to meet the requirements of our clients and investors.,0
"The FDC-K is dedicated to delivering holistic workplace professional, vocational, educational and capacity development  solutions aimed at bettering the performance of individuals and groups within the organizations.",0
"We also do capacity  development solutions through training, software development and sales, among others.",0
"The services offered by the FDC-K  Consultancy Unit are divided into three (3) broad categories, namely: Service Consultancy, Contract Research, Training and  Capacity Building described as follows:  1.",0
Service Consultancy: FDC-K provides expert professional advice in specific areas identified by the client based on client  requirements and specifications.,0
"Some services in this area include management and business advisory services, information  technology services, risk management and advisory services, enterprise risk management services, standardization and  compliance services, strategic planning services, among others.",0
"We apply these services towards the capacity development  programs, as shown below.",0
"2. Contract Research: These are services which revolve around research-based consultancy services which leads to the  generation of new knowledge, synthesis and analysis of existing knowledge to formulate new creative concepts, innovations,  designs, methodologies, understandings, applications and solutions for specified problems on mutually agreed terms and  conditions.",0
"Services in this category include monitoring and evaluation services, tracer studies, baseline surveys, training needs  assessments, customer and employee satisfaction, work environment assessments, development programs, impact assessments, studies and market survey.",0
"We bring these research skills to bear on the capacity needs assessment,  strategy development and investment planning as described in this proposal  3.",0
"Training and Capacity Development: FDC-K provides tailor-made in-service courses, lasting from a few days to several  weeks.",0
"The training is aimed at improving knowledge, skills and competence that results in better performance and high  professional productivity.",0
Courses offered are delivered by qualified professionals from relevant disciplines and specializations  This experience has given FDC-K a unique advantage as we see the capacity gaps among the professional and develop  strategies to fill them regularly.,0
We bring this expertise to addressing issues facing the institutional capacity development plans  as needed by this proposal.,0
A FDC IMPORTANT LINKS.,0
"* ONLINE TRAINING'S  NORMAL ATTENDANCE TRAINING'S  TRAINING,S PHOTOS  CONTACT US  Contact our training team directly via Whats-app.",0
"DOWNLOAD OUR COURSE CALENDAR  DOWNLOAD OUR BROCHURE  Call +254712260031 OR EMAIL: training@fdc-k.org  Visit our Website For More Information  RESEARCH AND DATA ANALYSIS TRAINING'S  HUMANITARIAN TRAINING'S  MONITORING AND EVALUATION TRAINING'S  RESEARCH AND DATA ANALYSIS TRAI  ING'  TECHNOLOGY TRAININ'  AGRICULTURE TRAINING'S  GIS MAPPING TRAINING'S  GOVERNANCE TRAI  ING'S  CONSULTANCY  OUR ONLINE TRAINING PROCEDURE  Select course of your preference Register online as individual, online training or group and you will automatically receive  invoice and invitation letter to enable your attendance.",0
"Online Training classes are instructor-led, live online training you attend from your home or work or in one of our local  computer labs.",0
Our live online instructors teach you from a remote location while being able to interact with other participants  as in a traditional training setting.,0
This will include.,0
"Areal, live instructor teaching you from another location .",0
Hands-on learning with the software/skills you are being taught  Interaction with all students in the class at other locations  .,0
Any needed software for class provided in online lab environment  .,0
"Easy assistance from the instructor  Looking forward to your registration and attendance.Result Based skills Development  Regards,  FDC Training Team  Telephone office: +254712260031 EmailA training@fdc-k.org  Contact our training team directly via WhatsApp  ",0
You can opt out of future communications about our services by clicking on the unsubscribe link below.,0
Thank you  If you'd like to unsubscribe and stop receiving these emails click he,0
4 super sheds you can build right now...,0
Check out these sheds you can build in a  weekend or less.,0
Doesn't these look amazing?,0
"If you'd like some help doing this yourself, I'd  recommend checking out MyShedPlans 12,000 plan:  packag  You'll be able to create the kind of shed, your neighbors  and other woodworkers will secretly ENVY (while  mumbling ""nice job"" under their breath)...  See what I mean here",1
Experian Breach Alert: Your Scores May Have Changed Yesterday,0
"Sent to: bruce@untroubled.or  Sent o1  : Mon, 25 Jan 2021 19:  38 +0100  Your January 2021 Equifax, Transunion, & Experian reports may have received (1)  new derogatory mark.",0
Your scores can be viewed at no cost using the link below (Checking will not  negatively impact your score)  _ Se  0  x  i here t  mail  i,0
All About VAT Essentials - Feb 16,0
"view this email in your browser  Add jc@trainingproviderph.com to your address book to ensure future email delivery  By the way, these are the list of our forthcoming Webinars:  * What's New, What's Hot for HR Management in 2021 - Jan 26 Reg.",0
"Link: Data Privacy Laws, Regulations and Penalty - Jan 27 Reg.",0
" Issues, Problems & Solutions in BIR Tax Audit & Investigation  jan 28 Ree  Link: Strategic Recruitment Landscape and Trends -  jan 29 Res  Link: All About VAT Essentials - Feb 16 Reg.",0
Link:  Strengthening Your Accounting System for 2021- Feb 16 Re:  Link: How to Increase Sales with More Traffic and Less Expenses - Feb 17 Reg.,0
"Link: How to Solve COVID-Related Problems (Retrenchments, Redundancies, Closures & Other Terminations) - Feb  18 19 Re  .",0
Link: Best practices in Warehousing that have been proven to work in other organizations - Feb 19 Reg.,0
"Link:   ITR Preparations, Disclosures and Other Important Consideration - Feb 19 Reg.",0
Link: Effective Management and Supervisory Leadership Development - Feb 23 Reg.,0
Link:Work Attitude and Value Enhancement: Increased Work Ethic Can Lead to More Productive Employees - Feb  24Reg.,0
Link:  Tax and Accounting Reconciliation - Feb 26 Reg.,0
Link:  ALL ABOUT VAT ESSENTIALS.,0
"February 16, 2021  9:00AM - 12:00NN  *Live Webinar Via ZOOM*  LINK REGISTRATION: style""color: rgb(85, 85, 85); font-  ize: 17px; background-color: transparent;"">  INTRODUCTION  Value Added Tax is a system of taxation adopted by the government to  capture transactions of taxpayers as goods and services are transferred  which ends at the ultimate consumers.",0
The manner of accounting is  simplified to seller being subject to output tax and the buyer or purchaser  engaged in business is to avail of the input tax.,0
"In the process of  implementation, certain transactions have been subject to exemptions,  zero rate, gradual or allocated claim for input tax, modification of VAT  zero rating availment processes, limitation of input tax availment, strict  invoicing requirements, rigid documentation for refunds and returns  compliance including information returns.",0
"PROGRAM OVERVIEW  This topic covers the VAT system that a taxpayer should know especially  in the areas of exemption, compliance and zero rating particularly with  the PEZA entities.",0
"A timely webinar is here to discuss the latest regulations, memorandum  order and circulars covering the relevant information you have to learn to  be safe from untoward tax deficiencies when subjected to a VAT audit.",0
"At the end of the day, it is what you know that keeps you away from the  harm of getting caught for non-compliance.",0
Your knowledge of the latest  tax developments shall confidently prepare you for any incidence of VAT  audit.,0
1. VAT  * What is VAT really about?,0
* Nature of VAT  * VAT as a Tax  Il.,0
RATES OF VAT IN THE PHILIPPINES  * Zero Percent 0%  * Twelve Percent 12%  * (Five Percent 5%)  * Who are really EXEMPT from VAT?,0
Ill.TRANSACTIONS SUBJECT TO VAT  * Sale of Goods or Properties  * Importation of Goods  * Sale of Services and Use or Lease of Properties  IV TRANSACTIONS SUBJECT TO 0% VAT  * Cross Border Doctrine  * Export Sales Threshold  * Registered Enterprises within a separate Customs Territory  * Registered Enterprises within a TIEZA  * Entities of Foreign Mission/Diplomatic Missions  a) Automatic Zero Rating  b) Reimbursement/ Refund Process  c) Vat Exemption Certificate/Vat Identification Card  V. ZERO RATING FOR HORIZONTAL AND VERTICAL ECONOMIC  ZONE AREAS  * Customs Territory  * Vatable sales to Horizontal Ecozone  * Vatable Supplier Sales within Ecozone  Â« Exempt Sale to Trade Partners  * Customs Territory Vatable Sales to Vertical Ecozone and Zero Rating to  Exports  Vi.,0
APPLICATION FOR REFUND OF VAT  * Documentary Requirements  * Procedures of Refund  * 90-day commitment period of Refund  * Resident Foreign Diplomatic Missions (based on Tax-Treaty)  Vil.,0
EXEMPT FROM VAT TRANSACTIONS AND SERVICES  * Agricultural Products  * Personal Household Effects  * Educational Services (DepED/CHED/TESDA)  * Medical drugs for Diabetes and Hypertension  * Senior Citizens/PWD  * Cooperatives  * Banks  * Resident Foreign Diplomatic Missions (based on Tax Treaty)  * Regional Headquarters/Regional Operating Headquarters  * Lease of Residential Units  * Sale of Residential Dwellings (Low-Cost & Socialized Housing)  Vill.,0
CREDITABLE INPUT TAXES  * Sources of Input VAT  * The extent of Amortization of P1M worth of Capital Goods to 60 months  * Limitation of Input VAT to vehicle purchase of up to P2.4M  * Treatment of Input tax for CONSTRUCTION IN PROGRESS (CIP)  * Government Money Payments: EWT or FWT?,0
IX. VIR VAT AUDIT APPROACH  * Structure of BIR VAT Audit Offices (Separate Letter of Authority)  * Compliance to Invoicing Requirements  * Verification of VAT Information Returns Submissions  * Grounds for Oplan Kandado/Suspension of Business Operations  X.,0
COMPLIANCE REQUIREMENTS  * Minimum Purchase to issue OR/Invoice  * Registration Requirements  * Non-revocation of registration for 3 yrs/perpetual VAT registration  * Accounting Requirements  XI.,0
RETURN AND PAYMENT OF TAX  @  Speaker: Ms. Rhodora Icaranom  Former revenue District Officer - B.1.R.,0
« Ms. Rhodora G. Icaranom is the former Revenue District  Officer(RDO) of the Bureau of Internal Revenue.,0
Her tax experience  was mostly spent in the Financial District Makati where she was  assigned as Asst.,0
Revenue District Officer for almost nine years.,0
She had a one-year stint in the Large Taxpayers' Division as Head  of the Banks and Financial Intermediaries.,0
In her career with the tax authority she received a distinguished  award on the nationwide BIR search for Outstanding Group  Supervisor-Centennial Year during the BIR's Centennial Celebration  in 2004 for her consistent exemplary performance in Audit and Tax  Collection being the Head of the Special Task Force in Manila  Region.,0
"As a member of the BIR Pool of Speakers, she was a  regular lecturer of BIR in various tax topics usually focused on  updates.",0
"At the same time, she is an accredited PICPA speaker in  the PICPA National office and various regions for the last two  decades.",0
She is also a former professor of Accounting at the De La  Salle University.,0
"During her years of tax service in the government, she attended  various trainings held by BIR, some of which were sponsored by  Germany, Japan, US and by the big Auditing Firms.",0
"In November  2012, she was sent to a month-long training and conference for  International Taxation on a Senior Executive Program in Tokyo,  Japan sponsored by JICA.",0
"Subsequently in October 2015, she also  represented BIR for the International Taxation on Financial  Instruments in Kuala Lumpur, Malaysia sponsored by Malaysian  Internal Revenue Authority and International Bureau of Fiscal  Documentation IBFD of London.",0
"ALL ABOUT VAT ESSENTIALS  February 16, 2021  9:00AM - 12:00NN  *Live Webinar Via ZOOM*  LINK REGISTRATION: __  Early Bird Rate  Ce Tasty  Group Rate  pret Ree  pr Be  pve ee  until (February  ANGE TeLT]  eR afl)  9)  (February 10)  P|  Inclusive of the webinar sessions and the Digital Certificate  ATTENTION TO MS. JHIE TEJADA  For More Details, Inquiry or  Reservation Please Call Us On:  Ms. Jhie Tejada  Marketing Officer  Tele Fax: 8470-1057  or Call/Text: 0921-7742347/  0906-4798186  Visit my FB PAGE @jhie.training  Unsubscribe",0
Claim Your Fifty Dollar Chase Reward,0
"Bi  srowse me if you can't see ima""  Claim Your Fifty Dollar Chase Reward",0
Your Free Belly Holster Should Arrive,0
"This holster is yours Free, since I've been given a small box of  them to give away to my readers -- as a ""word of mouth""  awareness promotion for the tactical company who makes them.",1
All you have to do is confirm your info here to get it at no-cost.,0
"It's one of the most comfortable, easy-to-conceal holsters I've  found.",1
"Get it Free for yourself, or give it away to a friend or family  member.",0
"However, I've only got a handful of these complimentary holsters  left, and this email just went out to over 149,000 other  subscribers just like you.",0
So they're going to move fast.,0
Grab yours now right here if you want one.,0
Buying Your First Car? Here's What You Need to Keep in Mind,0
"Dear patron,  Have You Heard about the Guy who bought a 2 year old Mustang  Convertible for $850?",1
Are you still saving to buy your dream car?,0
But it is never enough.,1
For it is too expensive!,0
Not anymore!,0
Learn How to Buy a Car From 95% Off Retail Value.,0
See What All The Fuss Is All About with Government Auto & Seized Car  Auctions!,0
">>Immediate Access - Live and Online - 4,000+ Auctions US Wide<<  Be Smart - Save Thousands!",0
Get Started - Become A Member Today!,0
Counter-Intuitive Home Protection Techniques,1
"What you're about to discover here, contradicts  everything you've ever known about protecting your  home and family from looters, thieves, and rapists during  a crisis.",1
"These techniques are taken out from actual 21st  century warzones, where social chaos is the name of the  game.",1
"People from these lawless states know exactly how to  create virtually impenetrable barriers, it the nick of time  and without any money.",1
>>Click here to find out more about these unusual  home defense strategies and exactly why  conventional preparedness can be deadly.<<,1
"Welcome offer up to $ 12,250!",0
"join Online Her  Hi,,  With a $ 25 deposit bonus and a 225% bonus on slots, this playful guy  lets you explore your games to the fullest!",0
"And all this is just part of our  Welcome Offer up to $ 12,250!",0
WAGGINGTAILS  Conditions: The maximum funding limit for the $ 25 deposit bonus is x3.,0
Salary  requirements: x50.,0
Requirement in live chat.,0
The WAGGINGTAILS code is valid once  for new customers and has a maximum funding limit of 30 times the deposit.,0
"The  minimum deposit is $ 10 for Neosurf, $ 20 for BTC, $ 25 for an immediate gift card  and $ 30 for a credit card.",0
The maximum bet is $ 10.,0
"Offer includes slots, Real series  video games, Keno, scratch cards and board games.",0
Wagering requirements: x35  deposit + bonus amount.,0
Get your hot hand paw with Red Dog  FAQ  |  Promotions  |  Banking  Unsubscribe me from this list,0
Immersive quality audio in these super confortable bluetooth earbuds,1
Looking for wireless headphones?,0
Try these awesome bluetooth earbuds  that provide crystal clear audio.,0
"Ditch annoying wires and try out completely  hands-free audio, with a whopping 30-hour battery life.",0
Shipping Is Waived On All New Vortex 3D Illusional Rug,0
Internet's Most Sold Novelt Rug  Now Ships FREE With 50% Off!,0
No shipping charge if you get this funny novelty rug today.,0
"It makes the perfect starter of conversation in any room of  your building, and it really looks like there's a big hole in the  floor!",0
Want to end all future communications?,0
"Select here or reach out to:  209 W Leslie Ln, Columbia, MO 65202.",0
"Digital Traffic Group, Applied Sciences.",0
25 Ridiculously Awesome Gadgets And Gizmos,0
"22 High Tech gadgets you Need If you cannot see the images below, click here  IF you'd prefer not to receive future emails, Unsubscribe Here,  Curious Finds 18034 Ventura Blvd Suite #169 Encino, CA 91316  Remove Here  6547 N Academy Boulevard #1170  80918 Colorado Springs CO",0
COVID-19 Update: We are open and now offering Free Virtual Consultations,0
"HUGE Window Sale  ""This is an advertisement.",0
This message has been sent to you through an affiliate of Renewal by Andersen.,0
"To be removed from receiving future emails, Leave here.",0
"I you have questions or concerns, contact our customer support team, here.",0
5123 W 98th St #2171 Minneapolis MN 55437  Leave Hen  (6587 N Academy Boulevard #1170  {80018 Colorado Springs CO,0
Memorial Day Sale &#127482;&#127480; Save 50% off &nbsp;#1 Security &ldquo;Must Have&rdquo; For Every Homeowner,0
"505 off todauy only SolarBright Floodlights  I you do not wish to receive future messages click here to unsubscribe  SolarBright Floodlights | 4122 Keaton Crossing Blvd, STE 104 O'Fallon MO 63368  Exit Here  6547 N Academy Boulevard #1170  ""80918 Colorado Springs CO",0
Boost Backyard Security | The SolarBright FloodLight,0
"505 off todauy only SolarBright Floodlights  I you do not wish to receive future messages click here to unsubscribe  SolarBright Floodlights | 4122 Keaton Crossing Blvd, STE 104 O'Fallon MO 63368  Exit Here  6547 N Academy Boulevard #1170  ""80918 Colorado Springs CO",0
Text To Speech In 3 Clicks,0
"If you've ever tried to create Voice - overs for your videos you've likely discovered:  Freelance Voice-over Artists are expensive  It can take days for them to deliver  Text To Speech' sounds like a lifeless Robot  Soit's down to paying for ""talent' or Doing l It Yourself?",0
But NOT any more!,0
"A brand NEW software has just been released that will  Create beautiful,natural-sounding voice-overs  Add Pauses, Inflections and Tone to Make Listeners believe it's a real human talking  All in under a minute with just a few clicks!",1
Its probably the best tool l've seen that!,0
"ll be using all the time fo my sales videos and to speed up my video production generally  So l wouldn 't wait,  but jump on this right no wan ddownload it!",0
"Ifyoudon'tlikethisupdate,noproblempleaseUnsubscribe..  3520AmethystDriveOkemos, MI48864  1c_1690eGroupslikeCharles'sandtheirsubsequenteducationalinitiativeshaveindeedhelpedmovetheneedle.CharlessaysthatwhenshereturnedtoPridewithalargergroupthenextyear, ""wewerebetterwelcomebecausetwasmoreination' .""Itwasn tlike, lookattheweirdos, they'remarchingagain, ""shesays."" Itwaslike, lookattheasexuals, they'remarchingagain.""",0
You're Going To Want To Buy One Of These 25 Products,0
"2: ypping Products  2 Jaw Dro)  Iryou cannot see the images below, Click here  If you'd prefer not to receive future emails, Unsubscribe Here,  Curious Finds 18034 Ventura Blvd Suite #169 Encino, CA 91316  Leave Here  6547 N Academy Boulevard #1170  80918 Colorado Springs CO",0
3 simple ways to prevent or reverse dementia,0
"12 AMAZING tips to increase your brain power  If you do not wish to receive future messages click here to Leave here  lew Brain Blueprint | 321 N Central Expressway Suite 351 - McKinney, TX 75070  Leave Here  0947 N Academy Boulevard #1170  ""80918 Colorado Springs CO",0
Deep Sleep Diabetes Remedy claims to help people in cutting down the effects of diabetes and leading a healthy life.,0
Scientists from Harvard and Johns Hopkins have revealed there' s a nasty mistake most diabetics are making every single night...    Promotesoundandrestfulsleep  Andevenreverseyourtype2diabetes.,1
"What's more, this same mistake is linked to almost every case of diabetes type 2 in the world and yet until now, almost no doctor has warned their patients about it ",1
" Scarfing down a sweet, rich and creamy dessert    ",1
Chowing down on pasta or bread,0
Drinking a cup of water before bedtime  WatchingTV ,0
">>Discover the shocking evening mistake 91 % of diabetics are making  If you don't like this update, no problem please unsubscribe.  4700JohnAvenueEastLansing, M148823  1c_1690eThese days , says, t's grog awareness of of sexuality in countries across Asia-  particularly India, he notes, the Facebook group Indian Aces is thriving.",1
"New groups dedicated to a sexuality have been popping up across Africa over the last few years as well, heds.It's also not synonymous with a romanticism, which applies to those who don't experience romantic attraction.",0
 meaning they don't experience sexual attraction until in an emotional bond with someone.,0
"It's also not synonymous with a romanticism, which applies to those who don't experience romantic attraction.",0
Tiny A/C cools your immediate area for greater comfort.,0
"Instantly Cool the Air Around You  CoolAir is a portable, compact air conditioner that uses  evaporative cooling technology to keep you refreshed all  summer long.",0
"Great for offices, nightstands, garages, and  more.",0
Merry weather Computing Creative Partners.,0
"1009 19th Street S. Fargo, ND 58103/2931  Want to stop future messages?",0
Struggled to find detailed plans to build your dream project?,0
"Hey,  This is important: Have you secured Teds Wood working yet?",0
"If not, go immediately to do so....  As I've said, this is the EASIEST way to start your wood working projects -and it's still at a Ridiculous low price:",1
" If you're just starting out or you're a seasoned carpenter,  you'll..Learn more  ",0
find out just how simple it is to build projects using Teds Wood working step-by-step plans..  ,0
"PRICE IS GOING UP IN 24 HOURS  With over l 6,000plans, it covers a ton of projects. ",1
Check it out and see why lend or se it so much.,0
You'l love it. So hurry...before this offer ends  Take care and talk soon.,1
"Marian Martinez  If you don't like this update, no problem please Unsubscribe..  636 Pratt Avenue Clear water, WA98331  1c_1690e  buthasembracedtheasexualidentity (Credit:CourtesyofMarisaManuel)",0
"We didn't give up'"" We heven people from the LGBT community pity in gus, saying, ""it sucks to be you'  :  she says.""But we didn't give up.""",0
 In this push for a sexuality groups have been grog and thriving. ,0
One of the most prominent international a sexuality groups is A VEN founded in 2001 by US-  based a sexual activist David jay. ,0
"In the US, 28-year-old Marisa Manuel struggled to name her orientation,",0
"Japanese ""Fix"" for Belly Fat? ",0
 A maverick Japanese doctor recently leaked the secret ingredients of an ancient Japanese Tonic that targets the root cause of deep belly fat and activates a power fullittle-  known fat-burning hormone inside you...that MELTS away all your stubborn body fat.,1
">Discover the ""DoneforYou"" Japanese Tonic to Melt 3 Pounds Every 3.5 Days  Fire fighter Mike Banner's 45-year-old sister, Susan, lost 54 pounds in only 7 weeks with no exercise due to osteoarthritis in her damaged knee.",0
Make sure to drink this tasty potent Japanese Tonic before 10 AM to melt twice as much fat as 1 hour on a joint-destroying treadmill.,0
"In fact, some folks are losing up to 33.5lbs off at in just 30 days by simply drinking this tonic daily before 10 am.",0
"Just have a quick cup before 1 0 am to dissolve 3 pounds  MaryB.Larson  If you don't like this update, no problem please Unsubscribe.  4678LawmanAvenueFairfax,VA22032  1c_1690e ",0
"That meme realise that as far as we've come with representation and visibility,  we're not yet, she says. ",0
"A flash of green a mid traffic-  chokedros, elevated rail way lines and anonymous high-rise apartment and office blocks, Vaux hall Pleasure Gardens is a well-  kept but unremarkable south London park.",0
"When! Visited on a sunny spring afternoon, wild flowers dotted the grass and shouts sounded from the football pitch.",0
Your Voice-Over Problems Solved,0
"If you've ever tried to create Voice-overs for your videos you've likely  discovered:  Freelance Voice-over Artists are expensive  It can take days for them to deliver  Text To Speech' sounds like a lifeless Robot  So it's down to paying for ""talent' or Doing It Yourself?",0
But NOT anymore!,0
A brand NEW software has just been  released that will...,0
"Create beautiful, natural sounding Voice-  overs  UAdd Pauses, Inflections and Tone  Make Listeners believe it's a real human  talking  All in under a minute with just a few  clicks!",0
"It's probably the best tool I've seen that I'll be using alll the time fo my sales videos  and to speed up my video production generally  So I wouldn't wait, but jump on this right now and download it!",0
"Andrew D. Brock  If you'd prefer not to receive future emails, U  crib  4942 Locust View Drive San Francisco, CA 94108",0
25 Amazing Finds You Have To See,0
"Life changing products  you cannot see the images below, Click here  If you'd prefer not to receive future emails, Unsubscribe Here,  Curious Finds 18034 Ventura Bivd Suite #169 Encino, CA 91316  Leave Here  6547 N Academy Boulevard #1170  80918 Colorado Springs CO",0
25 Ridiculously Awesome Gadgets And Gizmos,0
"Life changing products  you cannot see the images below, Click here  If you'd prefer not to receive future emails, Unsubscribe Here,  Curious Finds 18034 Ventura Bivd Suite #169 Encino, CA 91316  Leave Here  6547 N Academy Boulevard #1170  80918 Colorado Springs CO",0
Brighten Your House With SolarBright Flood Lights - 50% Off Sale,0
"Security every Home Owner Needs SolarBright Floodlights  If you do not wish to receive future messages click here to unsubscribe  olarBright Floodlights  4122 Keaton Crossing Blvd, STE 104 O'Fallon MO 63368  Remove Here  6547 N Academy Boulev  1170  80318 Colorado Springs CO",0
